subject_id,trial_id,label,p0,p1
s01,0,1,0.9994503855705261,0.0005496017984114587
s01,1,0,0.9914371371269226,0.008562874980270863
s01,2,1,0.002397313714027405,0.9976027607917786
s01,3,1,0.0034011234529316425,0.9965988993644714
s01,4,1,0.10196738690137863,0.8980326056480408
s01,5,0,0.8899544477462769,0.11004561185836792
s01,6,1,0.9767915606498718,0.023208362981677055
s01,7,0,0.015666790306568146,0.9843332171440125
s01,8,0,0.9990267753601074,0.0009732493199408054
s01,9,1,0.9963010549545288,0.0036988963838666677
s01,10,0,0.9383856058120728,0.06161443889141083
s01,11,0,0.0019463477656245232,0.9980536699295044
s01,12,1,0.9918761253356934,0.008123820647597313
s01,13,1,0.7506941556930542,0.2493058443069458
s01,14,1,0.11965841054916382,0.8803415894508362
s01,15,0,0.005083576310425997,0.9949164390563965
s01,16,0,0.0008146333275362849,0.9991853833198547
s01,17,0,0.0005896003567613661,0.9994103908538818
s01,18,0,0.9987058639526367,0.0012941585155203938
s01,19,1,0.00014163470768835396,0.9998583793640137
s01,20,0,0.2619166970252991,0.7380833029747009
s01,21,1,0.05864103138446808,0.9413589835166931
s01,22,1,0.9981454610824585,0.0018545080674812198
s01,23,1,0.0001261991710634902,0.9998737573623657
s01,24,1,3.837117568128434e-10,1.0
s01,25,1,0.7501773834228516,0.24982257187366486
s01,26,1,5.393875994741393e-07,0.9999994039535522
s01,27,0,4.095176336704753e-06,0.9999959468841553
s01,28,1,0.9828457236289978,0.01715429686009884
s01,29,0,0.00010146880231332034,0.9998985528945923
s01,30,0,1.6740671071602264e-07,0.9999998807907104
s01,31,1,6.126231255620951e-07,0.9999994039535522
s01,32,0,0.9987841248512268,0.001215863274410367
s01,33,0,0.9995228052139282,0.0004772072716150433
s01,34,1,1.8526816347730346e-06,0.9999980926513672
s01,35,0,0.02530124969780445,0.9746987223625183
s01,36,0,0.8584327101707458,0.14156731963157654
s01,37,1,0.9975984692573547,0.002401533303782344
s01,38,1,0.9070063829421997,0.09299363195896149
s01,39,1,2.2542936051195284e-07,0.9999997615814209
s01,40,0,0.015166226774454117,0.9848337173461914
s01,41,0,0.9925529360771179,0.007447012234479189
s01,42,0,0.030102035030722618,0.969897985458374
s01,43,1,2.6798471708389116e-07,0.9999997615814209
s01,44,1,0.9958187937736511,0.004181258846074343
s01,45,1,0.7454251050949097,0.25457489490509033
s01,46,0,0.9984184503555298,0.001581528689712286
s01,47,0,0.0019396869465708733,0.9980602860450745
s01,48,1,2.485619043923748e-09,1.0
s01,49,0,0.09513837844133377,0.904861569404602
s02,0,1,4.4491652029243767e-10,1.0
s02,1,0,1.970799523576261e-09,1.0
s02,2,1,0.0067047239281237125,0.9932952523231506
s02,3,0,0.0001273568341275677,0.9998726844787598
s02,4,0,0.9910063147544861,0.008993665687739849
s02,5,1,9.812552680121822e-12,1.0
s02,6,0,6.620092474207695e-09,1.0
s02,7,1,0.025558456778526306,0.9744415879249573
s02,8,0,0.47852128744125366,0.5214787125587463
s02,9,0,0.9969883561134338,0.003011697670444846
s02,10,1,0.30289870500564575,0.6971012949943542
s02,11,1,2.2720651315921714e-07,0.9999997615814209
s02,12,0,4.91985247208504e-06,0.9999951124191284
s02,13,0,0.00023028354917187244,0.9997697472572327
s02,14,1,2.5929365321530895e-08,1.0
s02,15,1,0.9881179928779602,0.01188195776194334
s02,16,0,0.0075520179234445095,0.9924479722976685
s02,17,1,0.000923713727388531,0.999076247215271
s02,18,0,0.9983988404273987,0.0016011929837986827
s02,19,1,2.6142699116604717e-12,1.0
s02,20,0,0.9991612434387207,0.0008387275156565011
s02,21,1,0.9984917640686035,0.0015082096215337515
s02,22,1,2.355066955975491e-19,1.0
s02,23,0,9.200856965208004e-09,1.0
s02,24,1,0.00033604109194129705,0.9996639490127563
s02,25,1,0.9488657712936401,0.05113423615694046
s02,26,0,0.26313406229019165,0.7368658781051636
s02,27,0,0.004234122112393379,0.9957659244537354
s02,28,1,1.084453638000582e-10,1.0
s02,29,1,3.249238744729155e-08,1.0
s02,30,0,0.9955127835273743,0.004487206693738699
s02,31,0,1.9449594219622668e-06,0.9999980926513672
s02,32,1,0.5825384259223938,0.4174615442752838
s02,33,0,0.9992780089378357,0.0007219905965030193
s02,34,1,0.9923185110092163,0.007681557442992926
s02,35,0,0.9972520470619202,0.002747911959886551
s02,36,0,3.3817744611586154e-12,1.0
s02,37,0,0.9993621706962585,0.0006378571852110326
s02,38,0,0.0022948156110942364,0.9977051615715027
s02,39,1,0.01966908387839794,0.9803308844566345
s02,40,0,0.9986671209335327,0.001332926913164556
s02,41,1,0.0008462907862849534,0.999153733253479
s02,42,0,0.01437138207256794,0.985628604888916
s02,43,1,0.9381527304649353,0.061847321689128876
s02,44,0,0.9987698197364807,0.0012301725801080465
s02,45,1,0.8734631538391113,0.12653689086437225
s02,46,1,0.9722064137458801,0.02779361978173256
s02,47,0,0.9991324543952942,0.0008675451972521842
s02,48,1,0.851041853427887,0.14895817637443542
s02,49,1,0.004762779455631971,0.9952372312545776
s03,0,1,0.9714856743812561,0.028514310717582703
s03,1,0,0.9200130105018616,0.07998697459697723
s03,2,0,0.3343115746974945,0.6656884551048279
s03,3,0,0.37570491433143616,0.6242950558662415
s03,4,1,0.9044658541679382,0.09553410857915878
s03,5,0,0.9908114671707153,0.009188500232994556
s03,6,0,0.09667622298002243,0.903323769569397
s03,7,0,0.9889215230941772,0.011078469455242157
s03,8,0,0.029481085017323494,0.9705188870429993
s03,9,0,0.2634667754173279,0.7365332245826721
s03,10,1,0.006540553644299507,0.9934594631195068
s03,11,0,0.8469263911247253,0.15307363867759705
s03,12,1,0.28577250242233276,0.7142274975776672
s03,13,0,0.762700617313385,0.2372993528842926
s03,14,1,0.08684146404266357,0.9131585955619812
s03,15,0,0.9814675450325012,0.018532415851950645
s03,16,1,0.49148327112197876,0.5085167288780212
s03,17,0,0.0563986599445343,0.9436013102531433
s03,18,0,0.8627231121063232,0.13727691769599915
s03,19,1,0.9819840788841248,0.0180159080773592
s03,20,1,0.028438100591301918,0.971561849117279
s03,21,1,0.8912572860717773,0.10874269157648087
s03,22,1,0.0018134553683921695,0.9981865286827087
s03,23,0,0.9547758102416992,0.045224111527204514
s03,24,1,0.9639942049980164,0.036005862057209015
s03,25,1,0.9683253169059753,0.03167470917105675
s03,26,0,0.9517852663993835,0.04821474477648735
s03,27,0,0.855296790599823,0.1447031944990158
s03,28,0,0.03544985502958298,0.9645501971244812
s03,29,0,0.32154616713523865,0.678453803062439
s03,30,1,0.29264014959335327,0.7073598504066467
s03,31,0,0.8909792304039001,0.10902070254087448
s03,32,1,0.8767208456993103,0.12327919155359268
s03,33,1,0.9732680320739746,0.026731938123703003
s03,34,1,0.03459643945097923,0.9654035568237305
s03,35,0,0.015247189439833164,0.9847528338432312
s03,36,0,0.0016388383228331804,0.9983611702919006
s03,37,0,0.7265354990959167,0.2734644412994385
s03,38,1,0.04088329151272774,0.9591166973114014
s03,39,1,0.5277677774429321,0.4722321927547455
s03,40,1,0.02928013540804386,0.9707198739051819
s03,41,1,0.008458838798105717,0.9915412068367004
s03,42,1,0.14790259301662445,0.8520974516868591
s03,43,1,0.46847614645957947,0.5315238833427429
s03,44,0,0.5494024157524109,0.4505975544452667
s03,45,1,0.0008130295318551362,0.9991869330406189
s03,46,0,0.9326254725456238,0.06737450510263443
s03,47,0,0.963405430316925,0.036594606935977936
s03,48,1,0.2438192069530487,0.7561807632446289
s03,49,1,0.8538883924484253,0.14611166715621948
s04,0,0,0.0008333572768606246,0.9991666078567505
s04,1,0,0.881526529788971,0.11847352236509323
s04,2,1,0.0008839011425152421,0.9991161227226257
s04,3,0,0.3156573176383972,0.6843426823616028
s04,4,0,0.8957770466804504,0.10422293841838837
s04,5,0,0.011050472036004066,0.9889495372772217
s04,6,1,0.7580628991127014,0.2419370859861374
s04,7,1,0.04870511218905449,0.9512948989868164
s04,8,1,0.1157928928732872,0.8842070698738098
s04,9,0,0.1984488070011139,0.8015512228012085
s04,10,1,0.9565019011497498,0.04349803179502487
s04,11,1,0.004003769718110561,0.9959962368011475
s04,12,1,4.014742444269359e-06,0.9999959468841553
s04,13,1,0.06403763592243195,0.9359623789787292
s04,14,1,0.07468198239803314,0.9253180027008057
s04,15,1,0.9062640070915222,0.09373603761196136
s04,16,1,0.0017455160850659013,0.9982544779777527
s04,17,0,0.40608853101730347,0.5939114093780518
s04,18,0,0.06742788851261139,0.932572066783905
s04,19,0,0.9340474009513855,0.06595253944396973
s04,20,0,0.006618733983486891,0.9933812618255615
s04,21,1,0.0012612538412213326,0.998738706111908
s04,22,1,0.14886166155338287,0.8511382937431335
s04,23,1,0.9465451836585999,0.053454868495464325
s04,24,0,0.8781092762947083,0.12189070135354996
s04,25,0,0.2054387480020523,0.7945613265037537
s04,26,0,0.7876853346824646,0.2123146951198578
s04,27,0,0.9058815240859985,0.09411842375993729
s04,28,1,0.9552775025367737,0.04472244530916214
s04,29,1,0.004386452026665211,0.9956135749816895
s04,30,0,0.8888346552848816,0.11116540431976318
s04,31,1,0.010364947840571404,0.9896350502967834
s04,32,0,0.9183860421180725,0.0816139355301857
s04,33,0,0.06001414358615875,0.9399858713150024
s04,34,1,0.8824793696403503,0.11752065271139145
s04,35,1,0.012525255791842937,0.9874747395515442
s04,36,0,0.19248339533805847,0.8075166344642639
s04,37,0,0.5772637128829956,0.422736257314682
s04,38,0,0.9515039324760437,0.04849608242511749
s04,39,1,0.8037257194519043,0.1962742805480957
s04,40,0,0.07817134261131287,0.9218286871910095
s04,41,0,0.9498989582061768,0.05010107532143593
s04,42,1,0.028369711712002754,0.9716302752494812
s04,43,0,0.06548304855823517,0.9345169067382812
s04,44,0,0.6783211827278137,0.32167884707450867
s04,45,1,0.8984416723251343,0.10155833512544632
s04,46,1,0.40248093008995056,0.597519040107727
s04,47,1,0.0737268477678299,0.9262732267379761
s04,48,1,0.34857672452926636,0.6514232754707336
s04,49,1,0.12782244384288788,0.8721775412559509
s05,0,0,0.11716114729642868,0.8828389048576355
s05,1,1,0.012695628218352795,0.9873043894767761
s05,2,0,0.9692856669425964,0.03071439266204834
s05,3,0,0.9780572056770325,0.021942779421806335
s05,4,1,0.9640362858772278,0.03596365824341774
s05,5,1,0.7678111791610718,0.2321888655424118
s05,6,0,0.17755889892578125,0.8224411010742188
s05,7,0,0.5965996980667114,0.4034003019332886
s05,8,0,0.9775543808937073,0.022445615381002426
s05,9,0,0.9876527786254883,0.012347190640866756
s05,10,1,0.18623176217079163,0.8137682676315308
s05,11,1,0.21022267639636993,0.7897773385047913
s05,12,1,0.5021589398384094,0.49784108996391296
s05,13,0,0.8699144721031189,0.13008546829223633
s05,14,0,0.2488323599100113,0.7511676549911499
s05,15,0,0.9754601120948792,0.02453983947634697
s05,16,0,0.7519851326942444,0.24801486730575562
s05,17,1,0.04987328499555588,0.9501267075538635
s05,18,1,0.9976063966751099,0.002393627306446433
s05,19,1,0.4127972424030304,0.5872027277946472
s05,20,0,0.9672256708145142,0.03277435153722763
s05,21,0,0.14528478682041168,0.8547152280807495
s05,22,0,0.14840103685855865,0.8515989184379578
s05,23,0,0.03991761431097984,0.9600824117660522
s05,24,1,0.7935733795166016,0.20642660558223724
s05,25,0,0.9814561605453491,0.018543826416134834
s05,26,0,0.9774709939956665,0.022529082372784615
s05,27,1,0.8597914576530457,0.14020851254463196
s05,28,1,0.3899955749511719,0.6100044250488281
s05,29,1,0.48178768157958984,0.5182123780250549
s05,30,0,0.9533300995826721,0.0466698482632637
s05,31,0,0.26991990208625793,0.7300800681114197
s05,32,1,0.5612881779670715,0.43871185183525085
s05,33,1,0.2992992103099823,0.7007008194923401
s05,34,0,0.9792706966400146,0.020729321986436844
s05,35,1,0.26351383328437805,0.7364861369132996
s05,36,0,0.6705232858657837,0.3294766843318939
s05,37,1,0.5726305842399597,0.4273694157600403
s05,38,1,0.2182086706161499,0.7817912697792053
s05,39,1,0.5910199284553528,0.40898004174232483
s05,40,1,0.21059443056583405,0.7894055843353271
s05,41,0,0.9829597473144531,0.017040204256772995
s05,42,0,0.9879036545753479,0.012096361257135868
s05,43,1,0.035066328942775726,0.9649336338043213
s05,44,1,0.12377627938985825,0.8762236833572388
s05,45,0,0.9198894500732422,0.08011052757501602
s05,46,0,0.8682417273521423,0.1317582130432129
s05,47,1,0.07091886550188065,0.9290810823440552
s05,48,0,0.8298748135566711,0.17012512683868408
s05,49,1,0.11900755017995834,0.8809924125671387
s06,0,0,0.9904036521911621,0.009596355259418488
s06,1,1,0.004652556963264942,0.9953474402427673
s06,2,0,0.9996716976165771,0.00032831873977556825
s06,3,0,0.9998854398727417,0.00011451438331278041
s06,4,0,0.9998929500579834,0.00010707691399147734
s06,5,0,0.9999451637268066,5.486776353791356e-05
s06,6,1,0.12906260788440704,0.8709374070167542
s06,7,0,0.9985741376876831,0.0014258852461352944
s06,8,1,0.01517469808459282,0.9848253130912781
s06,9,0,0.9784398674964905,0.021560125052928925
s06,10,0,0.9999673366546631,3.265682971687056e-05
s06,11,1,0.802727222442627,0.19727274775505066
s06,12,1,4.120842640986666e-05,0.9999587535858154
s06,13,0,0.9995054006576538,0.0004945755936205387
s06,14,1,0.0006900433800183237,0.9993098974227905
s06,15,1,0.022023893892765045,0.9779761433601379
s06,16,0,0.9940283298492432,0.00597173348069191
s06,17,1,0.0006017343839630485,0.9993982315063477
s06,18,1,0.401701420545578,0.5982986092567444
s06,19,1,0.0004392701666802168,0.9995607733726501
s06,20,1,0.13704904913902283,0.8629509210586548
s06,21,0,0.8934177160263062,0.10658229887485504
s06,22,1,0.8916661739349365,0.10833387076854706
s06,23,0,0.9993947744369507,0.0006052326643839478
s06,24,0,0.9947356581687927,0.005264309234917164
s06,25,0,0.9998095631599426,0.000190456717973575
s06,26,1,0.0016876928275451064,0.9983123540878296
s06,27,0,0.9998893737792969,0.00011063480633310974
s06,28,0,0.9994816184043884,0.0005183516186662018
s06,29,0,0.9996556043624878,0.000344403728377074
s06,30,1,0.976632833480835,0.02336720936000347
s06,31,0,0.9988223910331726,0.0011776339961215854
s06,32,0,0.9994244575500488,0.0005755624151788652
s06,33,1,0.0001429296680726111,0.9998570680618286
s06,34,0,0.9202038645744324,0.07979609817266464
s06,35,0,0.9831008911132812,0.016899125650525093
s06,36,1,0.061495717614889145,0.9385042190551758
s06,37,1,0.0654507502913475,0.9345492124557495
s06,38,1,0.026127662509679794,0.9738723039627075
s06,39,0,0.9995348453521729,0.00046521154581569135
s06,40,1,0.7722470164299011,0.22775301337242126
s06,41,1,0.08927273005247116,0.910727322101593
s06,42,1,3.5494620533427224e-05,0.9999644756317139
s06,43,1,0.8894248008728027,0.11057519167661667
s06,44,0,0.9990605711936951,0.0009394506341777742
s06,45,0,0.9996308088302612,0.0003691230667755008
s06,46,1,0.06948793679475784,0.9305120706558228
s06,47,0,0.9813973903656006,0.018602659925818443
s06,48,1,0.015507658012211323,0.984492301940918
s06,49,1,0.0010720198042690754,0.9989280104637146
s07,0,1,2.365251384617295e-05,0.999976396560669
s07,1,1,7.875161827541888e-05,0.9999212026596069
s07,2,0,0.9957675933837891,0.004232374951243401
s07,3,1,7.1024846874934155e-06,0.999992847442627
s07,4,0,0.9753492474555969,0.024650756269693375
s07,5,1,1.707746741885785e-05,0.9999829530715942
s07,6,0,0.999996542930603,3.4023344142042333e-06
s07,7,1,8.780910434325051e-07,0.9999991655349731
s07,8,0,0.7268517017364502,0.2731482982635498
s07,9,0,0.03851424530148506,0.9614856839179993
s07,10,1,0.016811620444059372,0.9831883311271667
s07,11,1,4.3704181734938174e-05,0.9999562501907349
s07,12,1,4.328522118157707e-05,0.9999567270278931
s07,13,0,0.3699759542942047,0.6300240755081177
s07,14,1,4.4558146328199655e-05,0.999955415725708
s07,15,1,1.0764053968159715e-06,0.999998927116394
s07,16,1,0.00032238857238553464,0.9996776580810547
s07,17,0,0.011029563844203949,0.9889703989028931
s07,18,1,7.098584319464862e-06,0.999992847442627
s07,19,1,0.0005689754034392536,0.9994309544563293
s07,20,1,4.563407856039703e-05,0.999954342842102
s07,21,0,0.9959499835968018,0.004050012212246656
s07,22,0,0.9608559608459473,0.039144061505794525
s07,23,1,8.377629274036735e-05,0.9999161958694458
s07,24,1,2.2916578927834053e-06,0.9999977350234985
s07,25,0,0.999121367931366,0.0008786186226643622
s07,26,0,0.9995678067207336,0.0004322246240917593
s07,27,1,0.00689522922039032,0.9931047558784485
s07,28,0,0.9925016164779663,0.007498346269130707
s07,29,1,0.0008832570747472346,0.9991167187690735
s07,30,1,0.9999779462814331,2.2083340809331276e-05
s07,31,1,0.015137672424316406,0.9848623275756836
s07,32,0,0.0041799829341471195,0.9958200454711914
s07,33,1,2.841535888364888e-06,0.9999971389770508
s07,34,1,5.836674608872272e-05,0.9999415874481201
s07,35,0,0.9699722528457642,0.030027804896235466
s07,36,0,0.9999368190765381,6.321195542113855e-05
s07,37,0,0.9999915361404419,8.462920959573239e-06
s07,38,0,0.9760494232177734,0.02395056188106537
s07,39,0,0.9951620697975159,0.0048379311338067055
s07,40,0,0.997563362121582,0.0024366574361920357
s07,41,0,0.34347665309906006,0.6565234065055847
s07,42,1,0.999502420425415,0.0004976115305908024
s07,43,1,0.0004861926718149334,0.9995138645172119
s07,44,0,0.946940004825592,0.05306003987789154
s07,45,0,0.9906693696975708,0.009330579079687595
s07,46,0,0.9992082715034485,0.0007917715120129287
s07,47,0,0.9742327928543091,0.025767233222723007
s07,48,1,0.2525133192539215,0.7474867105484009
s07,49,0,1.0,2.9541801893628872e-08
s08,0,1,0.9968041181564331,0.003195876255631447
s08,1,0,0.9892306923866272,0.010769306682050228
s08,2,1,0.999822199344635,0.0001777747820597142
s08,3,1,0.15671849250793457,0.8432815074920654
s08,4,0,0.9996702671051025,0.00032972494955174625
s08,5,0,0.9887658953666687,0.011234047822654247
s08,6,1,0.0013264858862385154,0.9986735582351685
s08,7,1,0.7691376209259033,0.23086239397525787
s08,8,0,0.9980192184448242,0.0019807505887001753
s08,9,0,0.9963853359222412,0.003614709945395589
s08,10,1,0.0018384028226137161,0.9981616139411926
s08,11,0,0.6074168682098389,0.39258313179016113
s08,12,1,0.00010272439249092713,0.9998972415924072
s08,13,0,0.9886379837989807,0.011362041346728802
s08,14,1,0.9397693872451782,0.06023059040307999
s08,15,1,0.20327064394950867,0.796729326248169
s08,16,1,0.08351114392280579,0.9164888858795166
s08,17,0,0.9999557733535767,4.423717473400757e-05
s08,18,1,0.022935638204216957,0.9770644307136536
s08,19,0,0.9998244643211365,0.00017551782366354018
s08,20,0,0.9999972581863403,2.7051132747146767e-06
s08,21,1,0.9855449795722961,0.014455066993832588
s08,22,1,0.00019907434761989862,0.999800980091095
s08,23,0,0.993213415145874,0.006786591839045286
s08,24,1,0.32814106345176697,0.6718589067459106
s08,25,0,2.9598841138067655e-05,0.9999704360961914
s08,26,1,0.9998842477798462,0.00011576690303627402
s08,27,0,0.9998741149902344,0.00012585273361764848
s08,28,0,0.9805717468261719,0.01942819356918335
s08,29,1,0.8885924816131592,0.11140754818916321
s08,30,0,9.09373993636109e-05,0.9999090433120728
s08,31,1,2.3497206711908802e-05,0.9999765157699585
s08,32,1,0.0011150834616273642,0.9988849759101868
s08,33,0,0.9997541308403015,0.00024581109755672514
s08,34,0,0.012021094560623169,0.9879789352416992
s08,35,1,3.5121272503602086e-06,0.999996542930603
s08,36,1,0.06103117763996124,0.9389688968658447
s08,37,1,0.9855477809906006,0.01445225439965725
s08,38,0,0.12186597287654877,0.87813401222229
s08,39,1,5.302429144649068e-07,0.9999995231628418
s08,40,0,0.795401930809021,0.2045980989933014
s08,41,0,0.9999648332595825,3.5160526749677956e-05
s08,42,0,0.5590512156486511,0.4409487843513489
s08,43,0,0.9965406060218811,0.003459393512457609
s08,44,0,0.9900027513504028,0.009997247718274593
s08,45,1,0.02152932994067669,0.9784706830978394
s08,46,1,0.9974942207336426,0.0025058125611394644
s08,47,0,0.04225359112024307,0.9577464461326599
s08,48,0,0.9935914874076843,0.00640850467607379
s08,49,1,0.002333270153030753,0.9976667165756226
s09,0,1,5.838693141413387e-06,0.999994158744812
s09,1,1,0.7319687604904175,0.2680312395095825
s09,2,1,4.1829167457763106e-05,0.9999581575393677
s09,3,0,0.004991336725652218,0.9950087070465088
s09,4,1,0.018971720710396767,0.9810282588005066
s09,5,1,0.8883327841758728,0.1116672232747078
s09,6,0,8.084394721663557e-06,0.9999918937683105
s09,7,1,6.798161393817281e-07,0.9999992847442627
s09,8,1,0.0004444773949217051,0.9995555281639099
s09,9,1,0.9910727143287659,0.00892732199281454
s09,10,0,0.036014024168252945,0.9639859795570374
s09,11,0,0.44938167929649353,0.5506182909011841
s09,12,0,0.9829601049423218,0.017039885744452477
s09,13,0,0.007658039685338736,0.9923419952392578
s09,14,1,0.0025538683403283358,0.9974461793899536
s09,15,0,1.2611631738934648e-08,1.0
s09,16,0,0.0011877358192577958,0.9988123178482056
s09,17,1,2.502592178643681e-05,0.9999749660491943
s09,18,1,0.00040279002860188484,0.9995972514152527
s09,19,0,1.0739937579273828e-06,0.999998927116394
s09,20,0,0.8228191137313843,0.17718088626861572
s09,21,0,0.007422612048685551,0.9925773739814758
s09,22,1,0.022803593426942825,0.977196455001831
s09,23,0,0.9420310854911804,0.057968877255916595
s09,24,0,0.003087125951424241,0.9969128370285034
s09,25,1,0.013678680174052715,0.9863213896751404
s09,26,1,0.8828768730163574,0.11712310463190079
s09,27,0,0.0004827213706448674,0.9995173215866089
s09,28,0,0.9965004920959473,0.003499537007883191
s09,29,0,0.998267412185669,0.0017325917724519968
s09,30,1,0.7324504256248474,0.2675495445728302
s09,31,0,0.9711847305297852,0.02881532348692417
s09,32,0,0.00953738298267126,0.990462601184845
s09,33,1,0.00024834394571371377,0.999751627445221
s09,34,1,0.9944402575492859,0.005559742450714111
s09,35,0,0.0033609012607485056,0.9966391324996948
s09,36,0,0.028529465198516846,0.9714705348014832
s09,37,1,6.953538189691244e-08,0.9999998807907104
s09,38,0,0.11185984313488007,0.8881401419639587
s09,39,1,0.9558692574501038,0.04413078352808952
s09,40,1,0.992263674736023,0.007736291736364365
s09,41,1,0.9405502676963806,0.05944977328181267
s09,42,1,0.3434267044067383,0.6565733551979065
s09,43,0,0.9994496703147888,0.0005502962740138173
s09,44,1,0.8604350686073303,0.13956493139266968
s09,45,0,0.37501463294029236,0.62498539686203
s09,46,0,7.082694537530188e-07,0.9999992847442627
s09,47,1,0.006666015833616257,0.9933339953422546
s09,48,0,0.01716914400458336,0.9828308820724487
s09,49,1,1.2989473816560348e-06,0.9999986886978149
s10,0,1,0.7693449258804321,0.2306550294160843
s10,1,0,0.7738145589828491,0.2261854112148285
s10,2,0,0.9770535826683044,0.02294645458459854
s10,3,0,0.9373527765274048,0.06264723092317581
s10,4,1,0.8579023480415344,0.14209763705730438
s10,5,1,0.7645735144615173,0.23542647063732147
s10,6,1,0.9835299849510193,0.01646995171904564
s10,7,1,0.9463773965835571,0.05362262576818466
s10,8,1,0.9625422954559326,0.03745770454406738
s10,9,1,0.9464553594589233,0.05354468896985054
s10,10,0,0.991953432559967,0.008046554401516914
s10,11,1,0.9177150130271912,0.08228499442338943
s10,12,0,0.24451860785484314,0.7554813623428345
s10,13,0,0.7571052312850952,0.24289478361606598
s10,14,1,0.9909794330596924,0.009020586498081684
s10,15,1,0.9772388935089111,0.02276109717786312
s10,16,1,0.5128812789916992,0.4871186912059784
s10,17,0,0.5906432271003723,0.4093568027019501
s10,18,0,0.977108895778656,0.022891109809279442
s10,19,1,0.9911800026893616,0.008819961920380592
s10,20,0,0.8505416512489319,0.1494583636522293
s10,21,0,0.9486820101737976,0.0513179674744606
s10,22,1,0.9256699681282043,0.07433003187179565
s10,23,1,0.991422712802887,0.008577335625886917
s10,24,1,0.9065265655517578,0.09347343444824219
s10,25,0,0.9689366817474365,0.031063366681337357
s10,26,1,0.9720563292503357,0.027943698689341545
s10,27,0,0.9819310903549194,0.018068835139274597
s10,28,0,0.9777981042861938,0.022201964631676674
s10,29,1,0.915790319442749,0.08420964330434799
s10,30,0,0.2773401439189911,0.7226598262786865
s10,31,0,0.9815921783447266,0.01840779185295105
s10,32,0,0.9632775187492371,0.03672250360250473
s10,33,1,0.9886150360107422,0.011385000310838223
s10,34,0,0.002140601398423314,0.9978594183921814
s10,35,0,0.9939683675765991,0.00603157514706254
s10,36,0,0.0038042953237891197,0.9961956739425659
s10,37,1,0.04630868509411812,0.9536913633346558
s10,38,0,0.9832368493080139,0.016763202846050262
s10,39,0,0.98313969373703,0.016860265284776688
s10,40,1,0.8743180632591248,0.12568189203739166
s10,41,1,0.8380308151245117,0.16196921467781067
s10,42,1,0.9750725030899048,0.024927543476223946
s10,43,0,0.03196707367897034,0.9680328965187073
s10,44,1,0.9340331554412842,0.06596678495407104
s10,45,1,0.09246586263179779,0.9075340628623962
s10,46,0,0.9914430975914001,0.008556938730180264
s10,47,1,0.9831119179725647,0.016888117417693138
s10,48,0,0.9876186847686768,0.012381253764033318
s10,49,0,0.9833216667175293,0.0166783444583416
s11,0,0,0.2697075307369232,0.7302924394607544
s11,1,0,0.7413798570632935,0.25862017273902893
s11,2,0,0.0008654782432131469,0.9991346001625061
s11,3,0,0.0008523124270141125,0.9991476535797119
s11,4,0,0.0003442225279286504,0.9996557235717773
s11,5,1,0.04417841136455536,0.9558216333389282
s11,6,0,0.9954089522361755,0.004590981639921665
s11,7,0,0.4576565623283386,0.5423434376716614
s11,8,1,0.9387789964675903,0.06122106686234474
s11,9,1,0.98124760389328,0.018752427771687508
s11,10,0,0.9579024910926819,0.0420975387096405
s11,11,0,0.6014414429664612,0.39855852723121643
s11,12,1,0.03801632300019264,0.9619836211204529
s11,13,1,4.484690180106554e-06,0.9999954700469971
s11,14,0,0.4457988142967224,0.5542011260986328
s11,15,1,6.8237545747251716e-06,0.9999932050704956
s11,16,0,4.775520778821374e-08,1.0
s11,17,1,0.9639724493026733,0.036027513444423676
s11,18,0,0.8170687556266785,0.18293125927448273
s11,19,1,0.006897903513163328,0.9931020736694336
s11,20,1,0.4460305869579315,0.5539693832397461
s11,21,0,0.0020750723779201508,0.9979249238967896
s11,22,1,0.8228756189346313,0.17712435126304626
s11,23,1,0.9886766672134399,0.011323316022753716
s11,24,0,0.9922431111335754,0.007756917271763086
s11,25,0,0.01636907085776329,0.983630895614624
s11,26,1,0.8937108516693115,0.10628917813301086
s11,27,0,0.9938263297080994,0.006173644680529833
s11,28,0,0.0031271192710846663,0.9968729615211487
s11,29,1,0.9980447292327881,0.0019552556332200766
s11,30,1,0.07551095634698868,0.9244890213012695
s11,31,0,0.9685788750648499,0.03142106160521507
s11,32,1,0.958871066570282,0.041128914803266525
s11,33,0,0.9915673136711121,0.008432731032371521
s11,34,1,8.06973985163495e-05,0.9999192953109741
s11,35,1,0.010826625861227512,0.989173412322998
s11,36,0,0.7221817970275879,0.2778182029724121
s11,37,1,8.601940862718038e-06,0.9999914169311523
s11,38,1,0.940864086151123,0.059135839343070984
s11,39,0,0.968639075756073,0.03136098384857178
s11,40,1,2.5575049221515656e-05,0.9999743700027466
s11,41,0,0.9693846702575684,0.030615389347076416
s11,42,0,0.9976794123649597,0.002320639556273818
s11,43,0,0.9515078067779541,0.0484921857714653
s11,44,1,0.998544454574585,0.001455529942177236
s11,45,1,0.3063841462135315,0.6936158537864685
s11,46,1,0.6542966365814209,0.3457033932209015
s11,47,1,0.9084933400154114,0.09150663763284683
s11,48,1,0.03595210239291191,0.964047908782959
s11,49,0,0.9425349235534668,0.057465068995952606
s12,0,1,7.376129360636696e-05,0.9999262094497681
s12,1,0,0.0003684542316477746,0.9996315240859985
s12,2,1,1.0794217814691365e-05,0.9999891519546509
s12,3,1,0.03273893520236015,0.967261016368866
s12,4,1,0.0012062197783961892,0.9987937211990356
s12,5,0,4.261866706656292e-06,0.9999957084655762
s12,6,0,9.988106467062607e-05,0.9999001026153564
s12,7,1,1.9316739781061187e-06,0.9999980926513672
s12,8,1,9.843378393270541e-06,0.9999901056289673
s12,9,0,9.552458323014434e-06,0.9999904632568359
s12,10,1,0.0006045108893886209,0.999395489692688
s12,11,0,2.0287897939397226e-07,0.9999997615814209
s12,12,1,0.0001871221320470795,0.99981290102005
s12,13,0,0.011763964779675007,0.9882360100746155
s12,14,0,0.000257359555689618,0.9997426867485046
s12,15,1,2.6305660867365077e-05,0.9999736547470093
s12,16,1,6.329428288154304e-05,0.9999366998672485
s12,17,1,0.0006360559491440654,0.9993639588356018
s12,18,0,0.00017085079161915928,0.9998291730880737
s12,19,0,0.0072685591876506805,0.9927313923835754
s12,20,1,0.0028341489378362894,0.997165858745575
s12,21,1,0.0008923303103074431,0.9991076588630676
s12,22,0,0.0015794895589351654,0.9984204769134521
s12,23,0,0.0006382397259585559,0.9993618130683899
s12,24,1,0.00039178752922452986,0.9996082186698914
s12,25,1,0.0015485621988773346,0.9984514713287354
s12,26,1,3.585004742490128e-05,0.9999641180038452
s12,27,0,0.00017625959299039096,0.9998237490653992
s12,28,1,3.2910720619838685e-05,0.999967098236084
s12,29,0,0.9804835319519043,0.019516486674547195
s12,30,0,0.0005725585506297648,0.9994274377822876
s12,31,1,1.1056939001719002e-05,0.9999889135360718
s12,32,0,4.628995156963356e-05,0.9999537467956543
s12,33,1,8.686412911629304e-06,0.9999912977218628
s12,34,0,0.0001231230708071962,0.999876856803894
s12,35,0,0.01184513233602047,0.9881548881530762
s12,36,1,0.0009643445955589414,0.9990357160568237
s12,37,1,3.0402215998037718e-05,0.9999696016311646
s12,38,1,0.00033382605761289597,0.9996662139892578
s12,39,1,7.100845778040821e-06,0.999992847442627
s12,40,0,0.0012446073815226555,0.9987553358078003
s12,41,0,0.00128053012304008,0.9987194538116455
s12,42,0,5.309695188771002e-05,0.9999469518661499
s12,43,0,4.133612492296379e-06,0.9999958276748657
s12,44,0,0.9193712472915649,0.08062876015901566
s12,45,0,0.00039327554986812174,0.9996067881584167
s12,46,0,0.003083891235291958,0.9969160556793213
s12,47,1,6.435733666876331e-05,0.9999356269836426
s12,48,1,0.004125108476728201,0.9958749413490295
s12,49,1,7.088363418006338e-06,0.9999929666519165
s13,0,1,0.8898916244506836,0.1101083904504776
s13,1,0,0.22225317358970642,0.777746856212616
s13,2,1,0.7326478362083435,0.2673521935939789
s13,3,1,0.3924276828765869,0.6075723171234131
s13,4,0,0.23077748715877533,0.7692224979400635
s13,5,1,0.02189095877110958,0.9781090021133423
s13,6,0,0.24670104682445526,0.7532989382743835
s13,7,0,0.8994203209877014,0.10057967901229858
s13,8,1,0.6342642903327942,0.3657357692718506
s13,9,0,0.28496336936950684,0.7150366306304932
s13,10,0,0.09903496503829956,0.9009650349617004
s13,11,1,0.7909802198410034,0.20901980996131897
s13,12,1,0.47249332070350647,0.5275067090988159
s13,13,0,0.6458376049995422,0.35416242480278015
s13,14,0,0.5553680658340454,0.4446319341659546
s13,15,0,0.4002203047275543,0.5997797250747681
s13,16,0,0.6587138772010803,0.34128615260124207
s13,17,1,0.6725338101387024,0.32746621966362
s13,18,0,0.8168825507164001,0.18311738967895508
s13,19,1,0.024284549057483673,0.9757153987884521
s13,20,0,0.24681982398033142,0.753180205821991
s13,21,1,0.17237545549869537,0.8276245594024658
s13,22,0,0.029919670894742012,0.9700803756713867
s13,23,1,0.9568972587585449,0.043102797120809555
s13,24,0,0.4518260061740875,0.5481740236282349
s13,25,1,0.21412989497184753,0.7858700752258301
s13,26,0,0.8516737818717957,0.14832620322704315
s13,27,1,0.4444291591644287,0.5555709004402161
s13,28,0,0.2811291813850403,0.7188707590103149
s13,29,1,0.5926035046577454,0.407396525144577
s13,30,0,0.965736985206604,0.03426302596926689
s13,31,1,0.21277812123298645,0.7872218489646912
s13,32,1,0.3193908929824829,0.6806091070175171
s13,33,1,0.05123529210686684,0.9487646818161011
s13,34,0,0.23753991723060608,0.7624601125717163
s13,35,0,0.1980389803647995,0.8019609451293945
s13,36,1,0.8790451288223267,0.12095492333173752
s13,37,0,0.4414653480052948,0.5585346221923828
s13,38,0,0.16601480543613434,0.8339851498603821
s13,39,1,0.09811991453170776,0.901880145072937
s13,40,1,0.11992857605218887,0.8800714612007141
s13,41,1,0.6675550937652588,0.3324449062347412
s13,42,1,0.04403551667928696,0.9559644460678101
s13,43,0,0.5455111265182495,0.45448893308639526
s13,44,0,0.3332982659339905,0.6667017340660095
s13,45,1,0.6614036560058594,0.338596373796463
s13,46,0,0.2180672585964203,0.7819327116012573
s13,47,1,0.11479774862527847,0.885202169418335
s13,48,0,0.7980639934539795,0.20193599164485931
s13,49,1,0.6859282851219177,0.31407174468040466
s14,0,1,0.5637504458427429,0.43624958395957947
s14,1,1,0.00019781342416536063,0.9998021721839905
s14,2,0,0.7012481689453125,0.2987518012523651
s14,3,0,0.871223509311676,0.12877650558948517
s14,4,1,0.021643677726387978,0.9783563017845154
s14,5,1,0.000875112833455205,0.9991249442100525
s14,6,0,0.9887529611587524,0.011247031390666962
s14,7,1,0.16534510254859924,0.8346548676490784
s14,8,0,0.5352912545204163,0.46470871567726135
s14,9,0,0.7372589111328125,0.2627410590648651
s14,10,0,0.018192924559116364,0.9818071126937866
s14,11,0,0.9923222661018372,0.007677708752453327
s14,12,0,0.044182274490594864,0.955817699432373
s14,13,0,0.8559589385986328,0.144041046500206
s14,14,1,0.9506948590278625,0.049305129796266556
s14,15,0,0.04412894323468208,0.9558711051940918
s14,16,0,0.9800131916999817,0.019986774772405624
s14,17,0,0.9891260862350464,0.010873986408114433
s14,18,0,0.030082525685429573,0.9699175357818604
s14,19,0,0.0028753005899488926,0.9971247315406799
s14,20,1,0.007205181289464235,0.9927948117256165
s14,21,0,0.013878583908081055,0.9861213564872742
s14,22,1,0.12482623010873795,0.8751737475395203
s14,23,1,0.006062040105462074,0.9939379692077637
s14,24,0,0.9804361462593079,0.01956379972398281
s14,25,0,0.6862120628356934,0.31378796696662903
s14,26,0,0.6790522933006287,0.3209477365016937
s14,27,0,0.8683494925498962,0.13165047764778137
s14,28,1,0.005815519019961357,0.9941845536231995
s14,29,1,0.9677863717079163,0.03221355751156807
s14,30,1,0.043541319668293,0.9564586281776428
s14,31,1,0.001554912538267672,0.9984450936317444
s14,32,1,9.895098628476262e-05,0.9999010562896729
s14,33,1,0.16282524168491364,0.8371747136116028
s14,34,1,0.9506418108940125,0.049358125776052475
s14,35,1,0.19086086750030518,0.80913907289505
s14,36,0,0.0014159097336232662,0.9985841512680054
s14,37,0,0.9973370432853699,0.002662977669388056
s14,38,1,0.8733748197555542,0.1266251504421234
s14,39,1,0.9929270148277283,0.0070729549042880535
s14,40,1,0.008425070904195309,0.9915749430656433
s14,41,1,0.9976958632469177,0.0023040901869535446
s14,42,0,0.002403439488261938,0.9975965619087219
s14,43,1,0.02847752720117569,0.9715225100517273
s14,44,0,0.9913103580474854,0.008689661510288715
s14,45,0,0.9998169541358948,0.00018311919120606035
s14,46,1,0.7670246958732605,0.23297525942325592
s14,47,0,0.993188738822937,0.006811278406530619
s14,48,1,0.0030371781904250383,0.99696284532547
s14,49,1,0.00046233710600063205,0.9995377063751221
s15,0,0,0.5104552507400513,0.48954474925994873
s15,1,1,0.9987922310829163,0.0012078501749783754
s15,2,1,1.0735804778505553e-07,0.9999998807907104
s15,3,1,0.9990530610084534,0.0009469137294217944
s15,4,0,0.0004183067358098924,0.9995817542076111
s15,5,0,0.019860219210386276,0.9801397919654846
s15,6,0,0.9873133301734924,0.012686660513281822
s15,7,0,0.0001797021395759657,0.9998202919960022
s15,8,1,0.008520136587321758,0.9914798736572266
s15,9,0,0.05417364463210106,0.9458264112472534
s15,10,0,0.9810841679573059,0.018915804103016853
s15,11,0,0.9664597511291504,0.03354022651910782
s15,12,1,0.9943364262580872,0.005663564428687096
s15,13,1,0.9996597766876221,0.00034028207301162183
s15,14,0,0.0020106330048292875,0.9979894161224365
s15,15,0,0.13493084907531738,0.8650690913200378
s15,16,1,0.05136336386203766,0.9486366510391235
s15,17,1,0.0020292666740715504,0.9979707598686218
s15,18,0,0.9995303153991699,0.0004697510157711804
s15,19,0,0.9982981085777283,0.0017019227379933
s15,20,1,0.055655431002378464,0.9443445801734924
s15,21,1,0.16677916049957275,0.833220899105072
s15,22,0,0.9841630458831787,0.015836991369724274
s15,23,0,0.9867826700210571,0.013217298313975334
s15,24,0,0.030563708394765854,0.9694362878799438
s15,25,1,0.0004397020675241947,0.9995602965354919
s15,26,0,0.004407093394547701,0.9955928921699524
s15,27,0,0.00545037817209959,0.994549572467804
s15,28,0,0.0007133971084840596,0.9992865920066833
s15,29,1,8.271596016129479e-06,0.999991774559021
s15,30,0,0.9557145833969116,0.0442853681743145
s15,31,0,0.9947615265846252,0.005238441750407219
s15,32,0,0.9859257340431213,0.014074296690523624
s15,33,0,0.8291434645652771,0.1708565056324005
s15,34,1,0.9930705428123474,0.006929425057023764
s15,35,1,0.07301318645477295,0.9269868731498718
s15,36,1,0.107701376080513,0.8922985792160034
s15,37,0,0.99871826171875,0.00128173956181854
s15,38,1,0.8749438524246216,0.1250562220811844
s15,39,1,0.9998773336410522,0.00012262661766726524
s15,40,1,0.0003642034134827554,0.9996358156204224
s15,41,1,0.9998782873153687,0.00012165214866399765
s15,42,1,0.0007820999016985297,0.9992178678512573
s15,43,0,0.022299790754914284,0.9777001738548279
s15,44,1,0.03399142250418663,0.9660086035728455
s15,45,0,0.8887773156166077,0.11122268438339233
s15,46,1,0.9955567717552185,0.004443251062184572
s15,47,1,0.991764485836029,0.008235522545874119
s15,48,1,5.023979383622645e-07,0.9999995231628418
s15,49,1,0.9998376369476318,0.00016231425979640335
s16,0,0,0.8004986643791199,0.19950132071971893
s16,1,0,0.7654218077659607,0.23457816243171692
s16,2,0,0.8284640908241272,0.1715359389781952
s16,3,0,0.6327648162841797,0.3672351837158203
s16,4,0,0.5044517517089844,0.495548278093338
s16,5,1,0.7248634696006775,0.2751365303993225
s16,6,1,0.33163219690322876,0.6683678030967712
s16,7,0,0.8531175255775452,0.14688248932361603
s16,8,1,0.733653724193573,0.2663462162017822
s16,9,1,0.11424731463193893,0.8857527375221252
s16,10,1,0.19187292456626892,0.8081271052360535
s16,11,1,0.8444771766662598,0.15552286803722382
s16,12,0,0.4022112190723419,0.5977887511253357
s16,13,0,0.7738215327262878,0.22617843747138977
s16,14,0,0.6478214263916016,0.35217857360839844
s16,15,0,0.552264928817749,0.44773510098457336
s16,16,1,0.732215404510498,0.26778465509414673
s16,17,1,0.3633962869644165,0.6366037130355835
s16,18,1,0.6477764844894409,0.35222357511520386
s16,19,0,0.8003645539283752,0.19963540136814117
s16,20,1,0.14033447206020355,0.85966557264328
s16,21,0,0.4047209918498993,0.5952789783477783
s16,22,1,0.5971052646636963,0.40289467573165894
s16,23,1,0.12785017490386963,0.8721498250961304
s16,24,1,0.7872892022132874,0.21271079778671265
s16,25,0,0.7439199090003967,0.25608012080192566
s16,26,1,0.8290435075759888,0.17095646262168884
s16,27,1,0.22257784008979797,0.7774221897125244
s16,28,1,0.5899174809455872,0.41008248925209045
s16,29,1,0.27215641736984253,0.7278436422348022
s16,30,0,0.838002622127533,0.16199737787246704
s16,31,0,0.8043338656425476,0.1956661194562912
s16,32,1,0.2102365642786026,0.7897633910179138
s16,33,0,0.7635162472724915,0.23648375272750854
s16,34,1,0.7157467007637024,0.2842532992362976
s16,35,0,0.7080410718917847,0.29195889830589294
s16,36,0,0.5359653234481812,0.46403464674949646
s16,37,1,0.28129085898399353,0.7187091708183289
s16,38,1,0.7088960409164429,0.29110395908355713
s16,39,1,0.3622739613056183,0.6377260684967041
s16,40,0,0.7629346251487732,0.23706534504890442
s16,41,1,0.8276283144950867,0.17237167060375214
s16,42,0,0.8383404612541199,0.16165952384471893
s16,43,0,0.7447230219841003,0.25527697801589966
s16,44,1,0.37482720613479614,0.6251727938652039
s16,45,1,0.7770066857337952,0.22299331426620483
s16,46,1,0.778583824634552,0.221416175365448
s16,47,0,0.7464689612388611,0.25353097915649414
s16,48,1,0.4402714967727661,0.5597284436225891
s16,49,0,0.7953211665153503,0.20467884838581085
s17,0,1,7.852363204108315e-10,1.0
s17,1,1,0.9993568062782288,0.0006431809160858393
s17,2,0,0.0006775660440325737,0.9993224143981934
s17,3,1,9.139390355628052e-10,1.0
s17,4,0,9.689514746114014e-10,1.0
s17,5,0,0.8719615340232849,0.12803854048252106
s17,6,1,0.0013196523068472743,0.9986802935600281
s17,7,1,0.9968448877334595,0.0031551311258226633
s17,8,1,0.14638201892375946,0.8536179661750793
s17,9,1,0.9042322635650635,0.09576776623725891
s17,10,0,0.6305394172668457,0.3694605529308319
s17,11,1,0.9845889210700989,0.015411111526191235
s17,12,0,0.0029393171425908804,0.9970607161521912
s17,13,0,1.1664474719452755e-08,1.0
s17,14,0,0.9992270469665527,0.0007730080978944898
s17,15,1,0.00010434698197059333,0.9998956918716431
s17,16,1,0.012658780440688133,0.9873412251472473
s17,17,0,0.9997122883796692,0.0002876704966183752
s17,18,0,3.257403295719996e-05,0.9999674558639526
s17,19,0,7.54193479224341e-07,0.9999992847442627
s17,20,1,0.00566127710044384,0.9943386912345886
s17,21,1,0.8415058255195618,0.15849414467811584
s17,22,1,0.0045241620391607285,0.9954758286476135
s17,23,0,0.9980794191360474,0.0019205219577997923
s17,24,0,0.02305574156343937,0.9769442677497864
s17,25,1,0.999339759349823,0.0006602029898203909
s17,26,1,0.1453031599521637,0.8546968698501587
s17,27,0,0.0014090012991800904,0.9985910058021545
s17,28,1,1.2506816415847055e-10,1.0
s17,29,1,5.047251647738449e-07,0.9999995231628418
s17,30,1,0.9997901320457458,0.00020983925787732005
s17,31,1,0.6981033682823181,0.30189669132232666
s17,32,0,0.9994043111801147,0.0005957414978183806
s17,33,0,0.9999274015426636,7.264975283760577e-05
s17,34,0,0.7730113863945007,0.22698864340782166
s17,35,0,0.017914526164531708,0.9820855259895325
s17,36,1,0.9879317879676819,0.012068216688930988
s17,37,0,0.006308004725724459,0.9936920404434204
s17,38,0,0.9997242093086243,0.0002757974434643984
s17,39,0,7.639452633156907e-06,0.9999923706054688
s17,40,1,0.0033432405907660723,0.9966567754745483
s17,41,1,0.5702366828918457,0.4297633469104767
s17,42,1,0.013407613150775433,0.9865923523902893
s17,43,1,0.00010809078230522573,0.9998918771743774
s17,44,1,0.999962329864502,3.7672500184271485e-05
s17,45,0,7.909647683845833e-05,0.9999208450317383
s17,46,1,5.628963208437199e-06,0.9999943971633911
s17,47,0,0.9999173879623413,8.261099719675258e-05
s17,48,0,0.9996888637542725,0.0003111360128968954
s17,49,0,0.999692440032959,0.00030754509498365223
s18,0,1,0.9499687552452087,0.050031211227178574
s18,1,0,0.9939670562744141,0.006032976321876049
s18,2,0,0.7450099587440491,0.2549900710582733
s18,3,0,0.982083797454834,0.017916245386004448
s18,4,1,0.6044522523880005,0.3955477178096771
s18,5,1,0.001592828193679452,0.9984071850776672
s18,6,0,0.9974741339683533,0.0025258196983486414
s18,7,0,0.02928049862384796,0.9707194566726685
s18,8,0,0.9585428237915039,0.041457194834947586
s18,9,1,0.04224478080868721,0.9577552080154419
s18,10,1,0.990139901638031,0.009860134683549404
s18,11,1,0.006716324016451836,0.9932836294174194
s18,12,0,0.9958456158638,0.004154388792812824
s18,13,1,0.7679370641708374,0.2320629209280014
s18,14,0,0.9923039078712463,0.007696084212511778
s18,15,0,0.9674063920974731,0.03259358927607536
s18,16,1,0.04087987542152405,0.9591200947761536
s18,17,1,0.7403122186660767,0.25968778133392334
s18,18,1,0.016064375638961792,0.9839355945587158
s18,19,1,0.023440402001142502,0.9765596389770508
s18,20,0,0.9847895503044128,0.015210461802780628
s18,21,1,0.7943788170814514,0.20562118291854858
s18,22,0,0.9820370078086853,0.017963020130991936
s18,23,0,0.4773310422897339,0.5226689577102661
s18,24,0,0.9908672571182251,0.009132737293839455
s18,25,0,0.9837386608123779,0.016261382028460503
s18,26,1,0.009505625814199448,0.9904943704605103
s18,27,1,0.8592308163642883,0.14076918363571167
s18,28,0,0.5274333953857422,0.4725666046142578
s18,29,0,0.9525138735771179,0.047486141324043274
s18,30,1,0.7082192301750183,0.2917807996273041
s18,31,1,0.9254055619239807,0.07459446042776108
s18,32,1,0.01747305877506733,0.982526957988739
s18,33,0,0.9970147609710693,0.0029852320440113544
s18,34,1,0.0010646673617884517,0.9989352822303772
s18,35,1,0.9255073666572571,0.0744926705956459
s18,36,0,0.9934044480323792,0.006595529615879059
s18,37,1,0.8231704831123352,0.176829531788826
s18,38,1,0.017762884497642517,0.9822370409965515
s18,39,1,0.009613528847694397,0.9903864860534668
s18,40,1,0.09741073846817017,0.9025892615318298
s18,41,1,0.011369634419679642,0.9886304140090942
s18,42,0,0.9863938689231873,0.013606121763586998
s18,43,1,0.821645975112915,0.17835398018360138
s18,44,1,0.025614243000745773,0.9743857979774475
s18,45,1,0.8816123604774475,0.11838763952255249
s18,46,0,0.992236316204071,0.007763717323541641
s18,47,0,0.9956821203231812,0.004317839629948139
s18,48,0,0.8164591193199158,0.18354083597660065
s18,49,1,0.9818235635757446,0.018176432698965073
s19,0,0,0.8285754323005676,0.17142459750175476
s19,1,0,0.9860950708389282,0.013904961757361889
s19,2,1,0.9773303270339966,0.02266969345510006
s19,3,1,0.9990537762641907,0.0009462671587243676
s19,4,0,0.48614445328712463,0.513855516910553
s19,5,1,0.005987247452139854,0.9940127730369568
s19,6,1,0.9795436263084412,0.020456397905945778
s19,7,0,0.9948884844779968,0.00511150760576129
s19,8,0,0.9946290850639343,0.005370971281081438
s19,9,1,0.9321393370628357,0.06786061823368073
s19,10,0,0.011928020045161247,0.9880720376968384
s19,11,0,2.4376586361431196e-13,1.0
s19,12,0,0.10177784413099289,0.8982221484184265
s19,13,0,0.9978259205818176,0.0021740992087870836
s19,14,1,0.0014599915593862534,0.9985400438308716
s19,15,0,0.9974340796470642,0.0025659254752099514
s19,16,1,0.9938820600509644,0.0061179110780358315
s19,17,1,1.8726322537077067e-07,0.9999997615814209
s19,18,1,1.5718885611540334e-12,1.0
s19,19,0,0.9323695302009583,0.06763047724962234
s19,20,0,0.964544951915741,0.03545502573251724
s19,21,1,0.47604966163635254,0.5239503979682922
s19,22,1,4.4862431423098315e-06,0.9999954700469971
s19,23,1,0.023408949375152588,0.9765911102294922
s19,24,1,0.9926750063896179,0.007324979640543461
s19,25,0,0.9083025455474854,0.09169747680425644
s19,26,0,9.310392456995942e-10,1.0
s19,27,0,0.011605137027800083,0.9883948564529419
s19,28,0,4.659030309994705e-05,0.9999533891677856
s19,29,0,0.9993736147880554,0.0006264509283937514
s19,30,1,0.0008810221333988011,0.999118983745575
s19,31,0,0.9005216956138611,0.0994783341884613
s19,32,1,0.849478006362915,0.15052199363708496
s19,33,0,0.10755044966936111,0.8924495577812195
s19,34,1,4.96287233531234e-10,1.0
s19,35,1,0.9965268969535828,0.0034730511251837015
s19,36,1,8.950521987571847e-06,0.9999910593032837
s19,37,0,0.9498786330223083,0.05012142285704613
s19,38,0,0.9968170523643494,0.0031830177176743746
s19,39,0,0.9993690848350525,0.0006309090531431139
s19,40,0,1.8102376770912088e-06,0.9999982118606567
s19,41,1,0.9896798133850098,0.010320221073925495
s19,42,1,5.770681354988483e-07,0.9999994039535522
s19,43,1,3.7906604575255187e-06,0.9999961853027344
s19,44,0,0.9900727272033691,0.00992724671959877
s19,45,1,0.9966399669647217,0.0033600223250687122
s19,46,1,0.006720747798681259,0.9932792782783508
s19,47,0,0.6908665299415588,0.3091334402561188
s19,48,1,1.8575637694695502e-09,1.0
s19,49,0,0.36383387446403503,0.6361660957336426
s20,0,0,0.9999784231185913,2.1528694560402073e-05
s20,1,1,0.0015549378003925085,0.9984450936317444
s20,2,0,0.9949912428855896,0.0050087254494428635
s20,3,0,0.9999908208847046,9.209521522279829e-06
s20,4,0,0.9999665021896362,3.346176163177006e-05
s20,5,0,0.9999986886978149,1.2653274552576477e-06
s20,6,0,0.999605119228363,0.00039484500302933156
s20,7,1,3.0139548471197486e-05,0.9999698400497437
s20,8,0,0.9929496049880981,0.007050386164337397
s20,9,0,0.983984649181366,0.01601528562605381
s20,10,0,0.999945878982544,5.4144962632562965e-05
s20,11,1,3.2732903491705656e-05,0.9999672174453735
s20,12,1,0.0012734861811622977,0.9987265467643738
s20,13,0,0.9999445676803589,5.543624865822494e-05
s20,14,0,0.9999969005584717,3.1585759643348865e-06
s20,15,0,0.00927509181201458,0.9907248616218567
s20,16,1,0.006430627778172493,0.9935693740844727
s20,17,1,0.27191752195358276,0.7280824780464172
s20,18,1,0.0007436879677698016,0.9992563128471375
s20,19,1,2.3273436454473995e-05,0.9999767541885376
s20,20,0,0.9999595880508423,4.0461858588969335e-05
s20,21,0,0.9999545812606812,4.545358387986198e-05
s20,22,0,0.9999797344207764,2.026925540121738e-05
s20,23,1,0.0037739197723567486,0.9962260723114014
s20,24,1,0.0005687084631063044,0.999431312084198
s20,25,1,0.0014721447369083762,0.9985278844833374
s20,26,1,0.0003434735117480159,0.9996565580368042
s20,27,1,0.9467607736587524,0.05323929712176323
s20,28,1,1.944229006767273e-05,0.9999805688858032
s20,29,1,0.00026609119959175587,0.9997338652610779
s20,30,1,0.0020444828551262617,0.9979554414749146
s20,31,0,0.47698432207107544,0.5230156779289246
s20,32,0,0.9890523552894592,0.010947613045573235
s20,33,1,3.172657670802437e-05,0.9999682903289795
s20,34,0,0.9999364614486694,6.357873644446954e-05
s20,35,0,0.21980585157871246,0.780194103717804
s20,36,0,0.9986345171928406,0.0013654635986313224
s20,37,0,0.9999966621398926,3.335318751851446e-06
s20,38,1,0.00028133418527431786,0.9997186064720154
s20,39,0,0.9987280964851379,0.0012718926882371306
s20,40,1,0.020456742495298386,0.9795432686805725
s20,41,1,1.3492183825292159e-05,0.9999865293502808
s20,42,0,0.9998273253440857,0.0001727368653519079
s20,43,0,0.9999991655349731,8.539702207599476e-07
s20,44,1,0.9927693605422974,0.007230634335428476
s20,45,1,0.00012018850247841328,0.9998798370361328
s20,46,1,2.7861009584739804e-05,0.9999721050262451
s20,47,1,0.0018721171654760838,0.9981278777122498
s20,48,0,0.03876953944563866,0.961230456829071
s20,49,1,5.767044967797119e-06,0.9999942779541016
s21,0,0,0.9881644248962402,0.011835591867566109
s21,1,0,0.9989618062973022,0.0010381849715486169
s21,2,0,0.9998119473457336,0.00018806135631166399
s21,3,1,0.015788234770298004,0.9842117428779602
s21,4,0,0.9993791580200195,0.0006207668338902295
s21,5,1,2.305265752511332e-06,0.9999977350234985
s21,6,1,0.9989084005355835,0.0010915991151705384
s21,7,0,0.9707712531089783,0.029228756204247475
s21,8,1,0.9900630116462708,0.00993693433701992
s21,9,0,0.6232386827468872,0.3767613172531128
s21,10,1,0.028204046189785004,0.9717959761619568
s21,11,1,0.8549572229385376,0.1450428068637848
s21,12,0,0.015392591245472431,0.9846073985099792
s21,13,0,0.9960533380508423,0.003946613986045122
s21,14,1,0.00027224753284826875,0.9997277855873108
s21,15,0,0.007949365302920341,0.9920507073402405
s21,16,1,0.9998602867126465,0.0001397199957864359
s21,17,1,1.3400040188571438e-06,0.9999986886978149
s21,18,0,0.025632282719016075,0.9743676781654358
s21,19,0,0.99981290102005,0.0001871180284069851
s21,20,1,0.9931979179382324,0.006802162621170282
s21,21,1,1.7770771520986273e-08,1.0
s21,22,1,0.9830379486083984,0.01696198061108589
s21,23,1,0.0628388375043869,0.9371611475944519
s21,24,0,0.9999898672103882,1.0146137356059626e-05
s21,25,1,0.00012331588368397206,0.9998766183853149
s21,26,1,7.153631020884177e-09,1.0
s21,27,1,0.9999876022338867,1.2397584214340895e-05
s21,28,0,1.0,1.3282315525220412e-10
s21,29,1,0.48768308758735657,0.5123169422149658
s21,30,1,0.062117405235767365,0.937882661819458
s21,31,1,0.7566148638725281,0.24338510632514954
s21,32,1,0.9920493960380554,0.007950644008815289
s21,33,0,6.428030701499665e-06,0.9999935626983643
s21,34,0,0.9999812841415405,1.8689868738874793e-05
s21,35,0,0.9931393265724182,0.006860673893243074
s21,36,0,0.9998613595962524,0.00013862753985449672
s21,37,0,1.247039023155594e-07,0.9999998807907104
s21,38,1,0.9658088088035583,0.034191131591796875
s21,39,1,0.0020650799851864576,0.9979349374771118
s21,40,0,0.7018885016441345,0.2981114983558655
s21,41,0,9.152879343332643e-09,1.0
s21,42,0,1.0,1.380909342429959e-08
s21,43,0,0.964512050151825,0.03548802062869072
s21,44,0,0.00038335740100592375,0.9996166229248047
s21,45,0,0.999990701675415,9.356369446322788e-06
s21,46,0,0.9996768236160278,0.0003231522860005498
s21,47,0,4.006086129493269e-09,1.0
s21,48,1,0.9694387912750244,0.030561236664652824
s21,49,1,6.400247002602555e-06,0.9999935626983643
s22,0,1,0.046455834060907364,0.9535441398620605
s22,1,0,0.9999806880950928,1.932850318553392e-05
s22,2,1,0.00011845790868392214,0.9998815059661865
s22,3,1,0.9774977564811707,0.02250228263437748
s22,4,1,0.945852518081665,0.054147496819496155
s22,5,1,2.3584123027831083e-06,0.999997615814209
s22,6,0,0.999997615814209,2.432417659292696e-06
s22,7,0,0.9999338388442993,6.610494892811403e-05
s22,8,1,1.4478658158623148e-05,0.9999855756759644
s22,9,1,0.057607218623161316,0.9423928260803223
s22,10,0,0.9998334646224976,0.00016652744670864195
s22,11,1,0.9904188513755798,0.00958110298961401
s22,12,1,1.4755048027836892e-07,0.9999998807907104
s22,13,0,0.9996556043624878,0.0003443986352067441
s22,14,0,0.9762796759605408,0.023720350116491318
s22,15,1,4.54903563706921e-08,1.0
s22,16,1,0.005011390428990126,0.9949886202812195
s22,17,0,0.9997565150260925,0.00024344281700905412
s22,18,1,0.00024939747527241707,0.999750554561615
s22,19,0,0.9999959468841553,4.092798462806968e-06
s22,20,0,0.7944576740264893,0.20554229617118835
s22,21,0,0.9999867677688599,1.3190052413847297e-05
s22,22,1,0.00025025996728800237,0.9997497200965881
s22,23,0,0.9997455477714539,0.00025450147222727537
s22,24,1,6.12616091189011e-08,0.9999998807907104
s22,25,1,1.621816014818478e-09,1.0
s22,26,1,1.0488866664104535e-08,1.0
s22,27,0,0.9981301426887512,0.0018698462517932057
s22,28,1,0.018184149637818336,0.9818158149719238
s22,29,1,3.8427137383223453e-07,0.9999996423721313
s22,30,1,0.0024052374064922333,0.9975947737693787
s22,31,0,0.9982962012290955,0.0017037917859852314
s22,32,1,0.00048470470937900245,0.9995152950286865
s22,33,1,0.9864684343338013,0.013531550765037537
s22,34,0,0.999975323677063,2.472852065693587e-05
s22,35,0,0.999997615814209,2.408542968623806e-06
s22,36,0,0.9993489384651184,0.0006510091479867697
s22,37,0,5.771908945462201e-06,0.9999942779541016
s22,38,0,0.024648819118738174,0.9753511548042297
s22,39,0,0.999958872795105,4.113547765882686e-05
s22,40,0,0.9999997615814209,2.0080318563486799e-07
s22,41,0,0.9765489101409912,0.023451047018170357
s22,42,0,0.9998670816421509,0.0001328503858530894
s22,43,0,0.9999216794967651,7.828544767107815e-05
s22,44,1,0.017933715134859085,0.98206627368927
s22,45,1,5.339105655366438e-07,0.9999995231628418
s22,46,1,0.3919840157032013,0.6080159544944763
s22,47,0,0.9735779166221619,0.026422064751386642
s22,48,1,0.00035408191615715623,0.9996459484100342
s22,49,0,0.9999423027038574,5.771117139374837e-05
s23,0,0,0.4428901970386505,0.5571098327636719
s23,1,1,0.9150961637496948,0.08490386605262756
s23,2,1,0.8632925152778625,0.13670755922794342
s23,3,0,0.7627979516983032,0.23720209300518036
s23,4,0,0.6601750254631042,0.339824914932251
s23,5,1,0.8902580738067627,0.1097419410943985
s23,6,0,0.8634433150291443,0.1365567445755005
s23,7,0,0.49026310443878174,0.5097368955612183
s23,8,0,0.6369907855987549,0.3630092740058899
s23,9,1,0.11369062960147858,0.8863093852996826
s23,10,0,0.7286654710769653,0.27133455872535706
s23,11,1,0.7689396142959595,0.23106041550636292
s23,12,0,0.835200309753418,0.1647997349500656
s23,13,1,0.7812718749046326,0.21872811019420624
s23,14,1,0.7754393219947815,0.2245606780052185
s23,15,0,0.8258453011512756,0.17415465414524078
s23,16,1,0.8203625082969666,0.17963747680187225
s23,17,1,0.8521782755851746,0.14782167971134186
s23,18,1,0.3093661963939667,0.6906337738037109
s23,19,1,0.8885456323623657,0.11145438253879547
s23,20,1,0.7846260070800781,0.2153739333152771
s23,21,0,0.9366347789764404,0.06336525827646255
s23,22,1,0.8159546852111816,0.18404531478881836
s23,23,1,0.5408376455307007,0.45916232466697693
s23,24,0,0.15949782729148865,0.840502142906189
s23,25,0,0.8579076528549194,0.14209237694740295
s23,26,0,0.8579287528991699,0.14207124710083008
s23,27,1,0.8743690252304077,0.12563098967075348
s23,28,1,0.8360258936882019,0.16397406160831451
s23,29,1,0.8479560017585754,0.15204399824142456
s23,30,1,0.8421391844749451,0.15786084532737732
s23,31,1,0.8891246914863586,0.11087530851364136
s23,32,1,0.8463477492332458,0.15365222096443176
s23,33,1,0.8419423699378967,0.1580575853586197
s23,34,0,0.8358055949211121,0.16419444978237152
s23,35,1,0.3268207609653473,0.6731792688369751
s23,36,1,0.004864545073360205,0.995135486125946
s23,37,0,0.231318861246109,0.7686811089515686
s23,38,1,0.8691279888153076,0.13087198138237
s23,39,0,0.8229182362556458,0.17708171904087067
s23,40,1,0.8906456828117371,0.10935429483652115
s23,41,1,0.7654092907905579,0.23459067940711975
s23,42,0,0.8306998610496521,0.1693001687526703
s23,43,1,0.8961214423179626,0.10387852042913437
s23,44,0,0.5914902091026306,0.4085097908973694
s23,45,0,0.8804000020027161,0.11959993839263916
s23,46,0,0.8386947512626648,0.161305233836174
s23,47,1,0.8986356258392334,0.1013643816113472
s23,48,1,0.26484572887420654,0.7351542115211487
s23,49,0,0.8580947518348694,0.1419052928686142
s24,0,1,0.001022004522383213,0.9989780187606812
s24,1,1,0.7683612108230591,0.2316388487815857
s24,2,0,0.4071817100048065,0.5928183197975159
s24,3,1,0.00847113411873579,0.9915288686752319
s24,4,1,0.4761439859867096,0.5238560438156128
s24,5,1,0.009792403317987919,0.9902076125144958
s24,6,0,0.3267432153224945,0.6732568144798279
s24,7,0,0.23475700616836548,0.7652430534362793
s24,8,0,0.13978460431098938,0.8602153658866882
s24,9,1,0.5902576446533203,0.4097423255443573
s24,10,1,0.9140634536743164,0.08593659847974777
s24,11,0,0.9591256380081177,0.04087430611252785
s24,12,1,0.17564265429973602,0.8243573904037476
s24,13,1,0.5326047539710999,0.46739521622657776
s24,14,0,0.2419634312391281,0.7580366134643555
s24,15,0,0.9424149394035339,0.05758504942059517
s24,16,0,0.9474180340766907,0.05258190631866455
s24,17,0,0.9050378799438477,0.09496209770441055
s24,18,1,0.6336156725883484,0.366384357213974
s24,19,0,0.8700554370880127,0.1299445629119873
s24,20,0,0.9141348600387573,0.08586511015892029
s24,21,1,0.004992549307644367,0.9950073957443237
s24,22,1,0.46879708766937256,0.5312028527259827
s24,23,0,0.0030725407414138317,0.9969274401664734
s24,24,1,0.5351154208183289,0.46488457918167114
s24,25,0,0.23921896517276764,0.7607809901237488
s24,26,0,0.6308135390281677,0.3691864311695099
s24,27,1,0.005245602689683437,0.994754433631897
s24,28,1,0.43904441595077515,0.5609555840492249
s24,29,0,0.6838246583938599,0.31617528200149536
s24,30,1,0.0010605696588754654,0.9989394545555115
s24,31,0,0.6864529848098755,0.3135470449924469
s24,32,0,0.9569216966629028,0.04307836666703224
s24,33,0,0.03974226489663124,0.9602577090263367
s24,34,1,0.23170405626296997,0.76829594373703
s24,35,1,0.698204755783081,0.30179527401924133
s24,36,1,0.7789050340652466,0.22109492123126984
s24,37,0,0.9642738699913025,0.03572610765695572
s24,38,0,0.0034946613013744354,0.9965053796768188
s24,39,0,0.9592771530151367,0.04072285071015358
s24,40,1,0.002485661767423153,0.9975143671035767
s24,41,0,0.8956122398376465,0.10438777506351471
s24,42,0,0.9650648236274719,0.03493516147136688
s24,43,0,0.45218896865844727,0.5478110313415527
s24,44,1,0.6691993474960327,0.3308006823062897
s24,45,1,0.7723094820976257,0.22769050300121307
s24,46,1,0.22586479783058167,0.774135172367096
s24,47,1,0.012917979620397091,0.9870820045471191
s24,48,1,0.18423447012901306,0.8157655000686646
s24,49,0,0.9008386135101318,0.09916142374277115
s25,0,0,0.005567662417888641,0.9944323897361755
s25,1,0,0.0014060443500056863,0.9985939860343933
s25,2,1,0.37731999158859253,0.6226800084114075
s25,3,1,0.9689667820930481,0.03103320673108101
s25,4,0,0.8105350136756897,0.18946495652198792
s25,5,0,0.9727342128753662,0.027265721932053566
s25,6,1,0.9945428371429443,0.005457133986055851
s25,7,1,0.03229241818189621,0.9677075743675232
s25,8,1,0.004481131210923195,0.9955188035964966
s25,9,1,0.004318610765039921,0.9956814050674438
s25,10,0,0.6439484357833862,0.35605162382125854
s25,11,0,0.6398283839225769,0.36017167568206787
s25,12,1,0.9759340286254883,0.024065891280770302
s25,13,1,0.00346944248303771,0.9965305924415588
s25,14,1,0.01769787073135376,0.982302188873291
s25,15,0,0.2147485762834549,0.7852513790130615
s25,16,0,0.8400426506996155,0.15995730459690094
s25,17,0,0.42791154980659485,0.5720884799957275
s25,18,1,0.0006825363961979747,0.9993175268173218
s25,19,0,0.9919573068618774,0.008042657747864723
s25,20,1,0.9980871677398682,0.0019128869753330946
s25,21,1,0.6199945211410522,0.380005419254303
s25,22,0,0.529838502407074,0.47016146779060364
s25,23,1,0.8006821870803833,0.19931776821613312
s25,24,0,0.6300384998321533,0.3699615001678467
s25,25,1,0.04393146559596062,0.9560685157775879
s25,26,1,0.934392511844635,0.0656074658036232
s25,27,0,0.011607768014073372,0.988392174243927
s25,28,1,0.0009090196690522134,0.9990910291671753
s25,29,0,0.9927387833595276,0.007261202670633793
s25,30,1,0.9997672438621521,0.00023275961575563997
s25,31,1,0.003531034104526043,0.9964690208435059
s25,32,0,0.013160846196115017,0.9868391156196594
s25,33,0,0.09062257409095764,0.90937739610672
s25,34,0,0.53076171875,0.4692383110523224
s25,35,1,0.05719438195228577,0.9428055882453918
s25,36,1,0.12031379342079163,0.8796862363815308
s25,37,1,0.000572563149034977,0.9994274377822876
s25,38,0,0.06483174860477448,0.9351682662963867
s25,39,0,0.9848151206970215,0.015184898860752583
s25,40,1,0.003458240069448948,0.9965417981147766
s25,41,0,0.03804458677768707,0.9619554281234741
s25,42,1,0.006429994013160467,0.9935699701309204
s25,43,1,7.051273860270157e-05,0.9999294281005859
s25,44,0,0.6672242879867554,0.33277568221092224
s25,45,0,7.333766552619636e-05,0.9999266862869263
s25,46,0,0.9833889007568359,0.01661108434200287
s25,47,1,0.9970082640647888,0.002991738962009549
s25,48,0,0.769675612449646,0.2303244173526764
s25,49,1,0.9289283156394958,0.07107174396514893
s26,0,1,0.04577275365591049,0.9542272686958313
s26,1,0,0.9345144033432007,0.06548555940389633
s26,2,1,0.1497792750597,0.850220799446106
s26,3,0,0.6441569328308105,0.35584303736686707
s26,4,1,0.020387161523103714,0.9796128273010254
s26,5,0,0.9904454946517944,0.009554487653076649
s26,6,1,0.1126873642206192,0.8873125910758972
s26,7,0,0.4128790497779846,0.5871209502220154
s26,8,0,0.9530269503593445,0.046973004937171936
s26,9,1,0.28657758235931396,0.7134223580360413
s26,10,0,0.9999264478683472,7.353557157330215e-05
s26,11,0,0.09133052825927734,0.9086695313453674
s26,12,1,0.9953403472900391,0.004659661557525396
s26,13,1,0.0036056668031960726,0.9963943362236023
s26,14,0,0.008419424295425415,0.9915805459022522
s26,15,1,0.3562956750392914,0.643704354763031
s26,16,1,0.009621531702578068,0.9903784990310669
s26,17,1,0.0005633310647681355,0.9994366765022278
s26,18,0,0.938900887966156,0.061099160462617874
s26,19,1,0.7743756175041199,0.2256244271993637
s26,20,0,0.1248609870672226,0.8751389980316162
s26,21,1,0.002469619968906045,0.9975304007530212
s26,22,1,0.13448111712932587,0.8655188679695129
s26,23,0,0.954468846321106,0.045531220734119415
s26,24,1,0.00052712915930897,0.9994729161262512
s26,25,0,0.9751172661781311,0.024882696568965912
s26,26,0,0.9987481832504272,0.0012517792638391256
s26,27,1,0.06402624398469925,0.9359737634658813
s26,28,1,0.0046549467369914055,0.9953450560569763
s26,29,1,0.36808982491493225,0.6319102048873901
s26,30,1,0.013346229679882526,0.986653745174408
s26,31,1,0.010855446569621563,0.9891446232795715
s26,32,0,0.8449662923812866,0.15503373742103577
s26,33,0,0.7192181348800659,0.2807818651199341
s26,34,0,0.6955216526985168,0.30447831749916077
s26,35,1,0.8962828516960144,0.10371710360050201
s26,36,0,0.9942157864570618,0.005784246139228344
s26,37,0,0.9606351256370544,0.03936481848359108
s26,38,1,0.004204933065921068,0.9957951307296753
s26,39,1,0.5991804003715515,0.4008196294307709
s26,40,0,0.24741493165493011,0.7525850534439087
s26,41,0,0.08581478893756866,0.9141851663589478
s26,42,0,0.20129996538162231,0.7987000942230225
s26,43,1,0.49050959944725037,0.509490430355072
s26,44,0,0.7321882843971252,0.26781174540519714
s26,45,0,0.9962246417999268,0.003775321878492832
s26,46,1,0.059420887380838394,0.9405790567398071
s26,47,0,0.9712581634521484,0.028741853311657906
s26,48,0,0.9544497132301331,0.04555032029747963
s26,49,0,0.9715631008148193,0.028436915948987007
s27,0,1,0.758905827999115,0.24109415709972382
s27,1,1,0.0005356875481083989,0.9994643330574036
s27,2,1,0.001497811870649457,0.998502254486084
s27,3,1,0.007494178134948015,0.9925058484077454
s27,4,1,0.982191264629364,0.017808659002184868
s27,5,1,0.890400767326355,0.10959926247596741
s27,6,0,0.003639915492385626,0.9963601231575012
s27,7,1,0.0004322600143495947,0.9995676875114441
s27,8,0,0.911965012550354,0.088034987449646
s27,9,0,0.47848454117774963,0.5215154886245728
s27,10,0,0.004976888187229633,0.9950231313705444
s27,11,0,0.0006007029442116618,0.9993993043899536
s27,12,1,0.16222618520259857,0.8377737998962402
s27,13,1,0.0003781530831474811,0.9996218681335449
s27,14,0,0.15703999996185303,0.8429600596427917
s27,15,0,0.18180981278419495,0.8181902170181274
s27,16,1,4.389993046061136e-05,0.9999561309814453
s27,17,1,0.8437110185623169,0.1562889665365219
s27,18,0,0.00017851674056146294,0.9998214840888977
s27,19,1,0.00047558973892591894,0.9995244741439819
s27,20,0,6.300456880126148e-05,0.9999369382858276
s27,21,1,0.06925028562545776,0.9307497143745422
s27,22,1,0.004284317139536142,0.9957156777381897
s27,23,0,0.0003062988689634949,0.999693751335144
s27,24,0,0.005427468568086624,0.9945725798606873
s27,25,1,0.11678013950586319,0.8832197785377502
s27,26,0,0.14427468180656433,0.8557253479957581
s27,27,1,5.925062214373611e-05,0.9999407529830933
s27,28,0,0.9464093446731567,0.05359070748090744
s27,29,0,6.843932169431355e-06,0.9999932050704956
s27,30,1,0.9838555455207825,0.016144471243023872
s27,31,1,0.5157738924026489,0.4842261075973511
s27,32,0,0.04453083872795105,0.9554691314697266
s27,33,1,0.0009802047861739993,0.9990197420120239
s27,34,0,0.014367824420332909,0.9856321811676025
s27,35,1,0.017983917146921158,0.9820160269737244
s27,36,0,1.1662376891763415e-05,0.999988317489624
s27,37,0,0.9744534492492676,0.025546517223119736
s27,38,0,0.004549630451947451,0.9954504370689392
s27,39,0,2.19211710827949e-06,0.9999978542327881
s27,40,1,0.03595685213804245,0.964043140411377
s27,41,1,0.6366294026374817,0.3633705675601959
s27,42,0,0.0005531295901164412,0.9994468092918396
s27,43,0,0.03939547762274742,0.9606045484542847
s27,44,0,0.01893458515405655,0.9810654520988464
s27,45,1,0.0067461333237588406,0.9932538866996765
s27,46,0,0.9992057681083679,0.0007942565716803074
s27,47,0,0.05179373547434807,0.9482062458992004
s27,48,1,0.6689274907112122,0.33107253909111023
s27,49,0,0.011794638819992542,0.9882054328918457
s28,0,1,0.0026683779433369637,0.9973316192626953
s28,1,1,0.007016059476882219,0.9929839372634888
s28,2,0,0.08482389897108078,0.9151760339736938
s28,3,1,0.19761934876441956,0.8023806214332581
s28,4,1,0.001348851597867906,0.9986512064933777
s28,5,0,0.8519154787063599,0.14808452129364014
s28,6,1,0.7819453477859497,0.2180546522140503
s28,7,0,0.0032316904980689287,0.9967683553695679
s28,8,0,0.8593873381614685,0.1406126618385315
s28,9,0,0.8135321140289307,0.18646790087223053
s28,10,0,0.022723527625203133,0.9772764444351196
s28,11,0,0.9706745147705078,0.029325516894459724
s28,12,0,0.9726386070251465,0.027361474931240082
s28,13,0,0.9047788381576538,0.09522119909524918
s28,14,0,0.4264025390148163,0.5735974311828613
s28,15,1,0.059452954679727554,0.940546989440918
s28,16,0,0.9123358726501465,0.08766412734985352
s28,17,0,0.9259374141693115,0.07406255602836609
s28,18,0,0.9384933114051819,0.06150669977068901
s28,19,1,0.00032937779906205833,0.9996706247329712
s28,20,0,0.7217599153518677,0.27824002504348755
s28,21,0,0.0026789132971316576,0.9973210692405701
s28,22,0,0.9552499651908875,0.044749967753887177
s28,23,1,0.002634786069393158,0.9973651766777039
s28,24,0,0.08252470195293427,0.9174753427505493
s28,25,1,6.066376499802573e-06,0.9999939203262329
s28,26,1,0.002224900061264634,0.997775137424469
s28,27,1,0.5585685968399048,0.4414313733577728
s28,28,0,0.8755887746810913,0.1244112178683281
s28,29,1,0.001995289931073785,0.9980047345161438
s28,30,1,0.001681092195212841,0.9983188509941101
s28,31,1,0.0008030636818148196,0.9991969466209412
s28,32,0,0.4283510446548462,0.5716489553451538
s28,33,0,0.9088926911354065,0.0911073088645935
s28,34,1,0.040353335440158844,0.9596466422080994
s28,35,0,0.043764106929302216,0.9562358856201172
s28,36,0,0.25727424025535583,0.7427257895469666
s28,37,0,0.9480388760566711,0.05196116492152214
s28,38,1,0.987541139125824,0.0124588618054986
s28,39,0,0.6706082820892334,0.329391747713089
s28,40,0,0.9647139310836792,0.0352860689163208
s28,41,1,0.0032325536012649536,0.9967674016952515
s28,42,1,0.006798001937568188,0.9932020306587219
s28,43,1,0.0005877395742572844,0.9994122982025146
s28,44,1,0.08193834125995636,0.9180616140365601
s28,45,1,0.0003344726865179837,0.9996654987335205
s28,46,1,0.019328592345118523,0.9806713461875916
s28,47,1,0.002594340592622757,0.9974055886268616
s28,48,1,0.0074564251117408276,0.9925435781478882
s28,49,1,0.011138943955302238,0.9888610243797302
s29,0,0,0.9944807291030884,0.005519334226846695
s29,1,1,9.167522421194008e-07,0.9999990463256836
s29,2,0,0.8525068163871765,0.1474931836128235
s29,3,1,2.0802439394174144e-05,0.9999791383743286
s29,4,1,0.00017030980961862952,0.9998296499252319
s29,5,1,0.08127997815608978,0.918720006942749
s29,6,0,0.9993155002593994,0.0006844611489214003
s29,7,0,0.999998927116394,1.0887904409173643e-06
s29,8,1,0.9996246099472046,0.00037533516297116876
s29,9,1,2.0200328435748816e-05,0.9999798536300659
s29,10,0,0.999994158744812,5.8990390243707225e-06
s29,11,0,0.9999904632568359,9.59578301262809e-06
s29,12,1,0.983174741268158,0.01682530902326107
s29,13,0,0.9999974966049194,2.540046580179478e-06
s29,14,1,0.6236233115196228,0.3763766884803772
s29,15,0,0.9999876022338867,1.2425838576746173e-05
s29,16,0,0.9999879598617554,1.201966188091319e-05
s29,17,0,0.9999382495880127,6.171518180053681e-05
s29,18,1,8.614940011364425e-11,1.0
s29,19,1,0.11677148938179016,0.8832285404205322
s29,20,1,0.9922566413879395,0.007743364199995995
s29,21,0,0.9999922513961792,7.69867892813636e-06
s29,22,0,0.9999997615814209,2.4910266915867396e-07
s29,23,0,0.999994158744812,5.790698651253479e-06
s29,24,1,2.3390117348753847e-05,0.999976634979248
s29,25,0,0.9999992847442627,7.322229862438689e-07
s29,26,1,0.9989585876464844,0.0010413631098344922
s29,27,0,0.999968409538269,3.154146543238312e-05
s29,28,0,0.9999932050704956,6.788160590076586e-06
s29,29,0,0.9999850988388062,1.4934535101929214e-05
s29,30,0,0.12735693156719208,0.8726430535316467
s29,31,0,0.9999955892562866,4.444837031769566e-06
s29,32,1,0.006209528539329767,0.9937904477119446
s29,33,1,0.0001553598267491907,0.9998446702957153
s29,34,0,0.9999994039535522,5.687367661266762e-07
s29,35,0,0.9986655712127686,0.001334449159912765
s29,36,0,0.9999936819076538,6.277240572671872e-06
s29,37,1,2.399936427366356e-08,1.0
s29,38,0,0.999875545501709,0.00012440209684427828
s29,39,1,0.8219826221466064,0.17801736295223236
s29,40,1,0.006238946691155434,0.9937610030174255
s29,41,1,0.00013208606105763465,0.9998679161071777
s29,42,0,0.9999932050704956,6.750522516085766e-06
s29,43,1,0.017625678330659866,0.9823743104934692
s29,44,1,0.9892969727516174,0.010703058913350105
s29,45,1,0.9957127571105957,0.004287318326532841
s29,46,1,0.2275225669145584,0.7724775075912476
s29,47,1,1.1674836097874675e-10,1.0
s29,48,0,0.9999977350234985,2.27181271839072e-06
s29,49,1,0.0007677063695155084,0.999232292175293
s30,0,1,0.004380023572593927,0.9956199526786804
s30,1,1,0.0013302293373271823,0.9986697435379028
s30,2,1,1.3816205957084549e-08,1.0
s30,3,1,0.9188320636749268,0.08116787672042847
s30,4,1,0.8795863389968872,0.12041360884904861
s30,5,0,0.9973672032356262,0.0026328207459300756
s30,6,1,0.006472551263868809,0.9935274720191956
s30,7,0,0.9955688118934631,0.004431138746440411
s30,8,1,0.09495239704847336,0.9050476551055908
s30,9,0,0.9993515610694885,0.0006484785699285567
s30,10,0,0.9981356859207153,0.0018643102375790477
s30,11,1,1.7046582797775045e-05,0.9999829530715942
s30,12,1,0.9383207559585571,0.06167931482195854
s30,13,0,0.9786200523376465,0.02137995883822441
s30,14,0,0.9398509860038757,0.060148995369672775
s30,15,1,3.774254582822323e-05,0.9999622106552124
s30,16,1,6.488367620960389e-10,1.0
s30,17,0,0.999351441860199,0.0006485657650046051
s30,18,0,0.983989417552948,0.016010642051696777
s30,19,0,0.0005095575470477343,0.9994903802871704
s30,20,1,0.008240165188908577,0.9917598366737366
s30,21,1,5.4644224292133e-06,0.9999945163726807
s30,22,0,0.9986611604690552,0.0013387951767072082
s30,23,0,0.9954146146774292,0.004585404880344868
s30,24,0,0.9941368103027344,0.005863170139491558
s30,25,1,0.940050482749939,0.05994948744773865
s30,26,1,0.9845743775367737,0.015425697900354862
s30,27,0,0.9990121126174927,0.0009878171840682626
s30,28,1,7.099123467924073e-05,0.9999289512634277
s30,29,0,0.9661199450492859,0.03388002887368202
s30,30,0,0.8458762168884277,0.15412379801273346
s30,31,0,0.9483968615531921,0.05160314217209816
s30,32,1,0.9965624213218689,0.0034375316463410854
s30,33,0,0.8779011368751526,0.12209881097078323
s30,34,0,0.9507223963737488,0.049277547746896744
s30,35,1,2.5859635613412202e-11,1.0
s30,36,1,5.45237207916216e-06,0.9999945163726807
s30,37,0,0.9957159161567688,0.004284072667360306
s30,38,0,0.128616601228714,0.8713833689689636
s30,39,1,0.45014721155166626,0.5498527884483337
s30,40,0,0.9677233099937439,0.03227664902806282
s30,41,0,0.9841678738594055,0.015832100063562393
s30,42,1,1.4091372690927528e-07,0.9999998807907104
s30,43,0,0.9979555606842041,0.002044437453150749
s30,44,1,0.37274354696273804,0.627256453037262
s30,45,0,0.4481910467147827,0.5518088936805725
s30,46,1,0.9233920574188232,0.07660790532827377
s30,47,0,0.6171501278877258,0.3828498423099518
s30,48,1,0.12213531136512756,0.87786465883255
s30,49,1,0.9703354239463806,0.029664624482393265
s31,0,1,0.00029801781056448817,0.9997019171714783
s31,1,0,0.0015233843587338924,0.9984765648841858
s31,2,1,0.0820455402135849,0.9179543852806091
s31,3,0,0.9791379570960999,0.020862070843577385
s31,4,1,0.00016173289623111486,0.9998382329940796
s31,5,1,1.7091035431349155e-07,0.9999998807907104
s31,6,0,0.9900494813919067,0.009950577281415462
s31,7,0,0.9266848564147949,0.07331512123346329
s31,8,1,0.7882966995239258,0.2117033153772354
s31,9,1,0.022161835804581642,0.9778382182121277
s31,10,1,9.422477887710556e-06,0.9999905824661255
s31,11,0,0.9952379465103149,0.004762015771120787
s31,12,1,1.1042038750019856e-05,0.9999889135360718
s31,13,0,0.9768767952919006,0.023123210296034813
s31,14,1,8.185698789020535e-06,0.999991774559021
s31,15,0,0.9932647943496704,0.00673515722155571
s31,16,0,0.8490324020385742,0.1509675830602646
s31,17,1,0.0002605836489237845,0.9997393488883972
s31,18,1,0.000705585815012455,0.9992944002151489
s31,19,1,8.630865340819582e-05,0.9999136924743652
s31,20,1,0.002366461791098118,0.9976335763931274
s31,21,0,0.8664292097091675,0.1335708498954773
s31,22,1,0.04443516209721565,0.9555649161338806
s31,23,1,0.002117572817951441,0.9978824257850647
s31,24,1,0.000635808683000505,0.9993641972541809
s31,25,0,0.9922751784324646,0.007724810857325792
s31,26,0,0.9818038940429688,0.018196171149611473
s31,27,1,2.9537350201280788e-06,0.9999970197677612
s31,28,0,0.9524831771850586,0.0475168414413929
s31,29,1,0.00011384478420950472,0.999886155128479
s31,30,0,0.9696995615959167,0.030300423502922058
s31,31,1,0.0008460874087177217,0.9991538524627686
s31,32,0,0.9666642546653748,0.033335715532302856
s31,33,0,0.9595025181770325,0.040497489273548126
s31,34,0,0.32685786485671997,0.67314213514328
s31,35,0,0.8725107312202454,0.12748922407627106
s31,36,0,0.8809431791305542,0.1190568208694458
s31,37,1,5.391639570007101e-05,0.999946117401123
s31,38,0,0.9901682138442993,0.009831762872636318
s31,39,0,0.7045047879219055,0.29549524188041687
s31,40,1,0.0003615340101532638,0.9996384382247925
s31,41,1,0.00022934572189114988,0.9997707009315491
s31,42,0,0.926552414894104,0.07344762235879898
s31,43,0,0.9737229943275452,0.026276985183358192
s31,44,1,0.0026059846859425306,0.9973939657211304
s31,45,1,0.0003024897014256567,0.9996975660324097
s31,46,0,0.9891517162322998,0.010848227888345718
s31,47,1,1.8379771063337103e-05,0.9999816417694092
s31,48,0,0.9932331442832947,0.006766804493963718
s31,49,0,0.9805908799171448,0.019409071654081345
s32,0,0,0.9979783892631531,0.0020215786062180996
s32,1,1,0.9963963627815247,0.0036036288365721703
s32,2,0,0.2451353520154953,0.7548645734786987
s32,3,0,0.9446510672569275,0.0553489625453949
s32,4,1,0.11966738104820251,0.8803326487541199
s32,5,0,0.004415622912347317,0.9955844283103943
s32,6,1,5.218891146796523e-06,0.9999947547912598
s32,7,0,0.9988844990730286,0.0011154541280120611
s32,8,0,0.9798262715339661,0.02017371729016304
s32,9,0,0.9994692206382751,0.0005307859391905367
s32,10,0,0.0009751925244927406,0.9990248680114746
s32,11,1,6.395262516889488e-06,0.9999935626983643
s32,12,0,0.1444181501865387,0.8555818796157837
s32,13,0,0.9893162250518799,0.010683763772249222
s32,14,1,0.007967752404510975,0.9920322895050049
s32,15,1,0.8415477871894836,0.15845219790935516
s32,16,0,0.6428840160369873,0.3571159541606903
s32,17,0,6.852812657598406e-05,0.9999314546585083
s32,18,1,0.08434422314167023,0.9156557321548462
s32,19,1,0.26221755146980286,0.7377824783325195
s32,20,1,0.0022790548391640186,0.9977208971977234
s32,21,0,0.9960455298423767,0.003954483196139336
s32,22,1,0.9949116110801697,0.005088401958346367
s32,23,0,0.9987854361534119,0.0012145285727456212
s32,24,1,0.9682009220123291,0.03179909661412239
s32,25,1,1.4367054063768592e-05,0.9999855756759644
s32,26,0,0.9089828133583069,0.09101714193820953
s32,27,0,0.05369854345917702,0.9463015198707581
s32,28,1,0.9996762275695801,0.00032373538124375045
s32,29,0,0.6393764019012451,0.3606235682964325
s32,30,0,6.490366644129608e-08,0.9999998807907104
s32,31,0,0.9973735809326172,0.002626411383971572
s32,32,0,0.14937163889408112,0.8506283760070801
s32,33,0,0.9180845022201538,0.0819154605269432
s32,34,1,0.00045560134458355606,0.9995443224906921
s32,35,0,0.2480107694864273,0.7519891858100891
s32,36,1,1.513100528427458e-06,0.9999984502792358
s32,37,0,5.085562588647008e-05,0.9999490976333618
s32,38,1,0.6340462565422058,0.3659537732601166
s32,39,1,0.5933377742767334,0.4066622853279114
s32,40,1,0.9928204417228699,0.007179597858339548
s32,41,0,0.9501924514770508,0.04980753734707832
s32,42,1,3.1856063742452534e-07,0.9999996423721313
s32,43,1,0.00017395730537828058,0.9998260140419006
s32,44,0,0.8798171877861023,0.12018277496099472
s32,45,1,5.072907697467599e-06,0.9999948740005493
s32,46,0,0.9998723268508911,0.00012764909479301423
s32,47,1,0.9918283224105835,0.008171731606125832
s32,48,1,0.01053947489708662,0.9894605278968811
s32,49,1,0.05107901990413666,0.9489210247993469
s33,0,1,4.978232755092904e-05,0.9999501705169678
s33,1,0,4.7340348828583956e-05,0.9999526739120483
s33,2,0,1.2401510502968449e-05,0.9999876022338867
s33,3,0,0.0019450447289273143,0.9980549812316895
s33,4,1,3.8551243619622255e-07,0.9999996423721313
s33,5,1,1.919303542763373e-07,0.9999997615814209
s33,6,1,0.8038343787193298,0.19616565108299255
s33,7,0,0.9984928369522095,0.0015071119414642453
s33,8,1,0.00016208580927923322,0.9998378753662109
s33,9,0,0.0001409880496794358,0.9998589754104614
s33,10,0,0.09122204035520554,0.9087780117988586
s33,11,1,0.0035246892366558313,0.9964752793312073
s33,12,0,0.842376708984375,0.1576233059167862
s33,13,0,0.9933508038520813,0.006649271585047245
s33,14,1,0.9967306852340698,0.0032692805398255587
s33,15,0,1.213597170135472e-05,0.9999878406524658
s33,16,1,9.750118806550745e-06,0.9999902248382568
s33,17,0,0.0001023310687742196,0.9998975992202759
s33,18,1,2.8719812235067366e-06,0.9999971389770508
s33,19,0,0.9992249011993408,0.0007750840741209686
s33,20,0,0.7000618577003479,0.2999381422996521
s33,21,1,0.9957411289215088,0.0042589204385876656
s33,22,0,7.80543771838893e-08,0.9999998807907104
s33,23,1,5.229683665675111e-05,0.9999476671218872
s33,24,1,0.04590455815196037,0.9540953636169434
s33,25,1,8.028849697439e-05,0.9999196529388428
s33,26,0,0.11528876423835754,0.8847112059593201
s33,27,1,6.530352402478456e-05,0.9999346733093262
s33,28,0,1.8734662035058136e-06,0.9999980926513672
s33,29,1,1.3243643959270912e-09,1.0
s33,30,0,2.4080438379314728e-05,0.9999759197235107
s33,31,0,0.9586620330810547,0.041338000446558
s33,32,0,0.0036822401452809572,0.9963177442550659
s33,33,0,0.000935566786210984,0.9990645051002502
s33,34,1,0.0008892572950571775,0.999110758304596
s33,35,1,0.0045962100848555565,0.9954037666320801
s33,36,1,7.10248204995878e-05,0.9999289512634277
s33,37,1,0.4863305985927582,0.5136693716049194
s33,38,1,1.3286054922900803e-08,1.0
s33,39,0,0.0046952757984399796,0.9953047037124634
s33,40,1,2.5556730633979896e-06,0.9999974966049194
s33,41,0,8.805615152596147e-07,0.9999991655349731
s33,42,0,0.996065080165863,0.003934881649911404
s33,43,1,4.69629839017216e-07,0.9999995231628418
s33,44,0,0.13955597579479218,0.8604440093040466
s33,45,1,0.0493326261639595,0.9506673812866211
s33,46,0,2.5263961589416795e-08,1.0
s33,47,1,0.0031175564508885145,0.996882438659668
s33,48,0,0.9995096921920776,0.0004903226508758962
s33,49,1,0.9933823347091675,0.006617705803364515
s34,0,1,3.34615529729021e-10,1.0
s34,1,1,3.166258759085966e-13,1.0
s34,2,1,4.611014503552724e-08,1.0
s34,3,0,1.0,8.711329435584503e-09
s34,4,0,1.0,2.2628764639875953e-08
s34,5,0,1.0,4.183243085265076e-09
s34,6,1,2.8974094174252785e-13,1.0
s34,7,1,8.768436532413659e-10,1.0
s34,8,1,8.843657577084496e-12,1.0
s34,9,0,0.9999998807907104,1.4358600708419544e-07
s34,10,1,3.914424868771936e-14,1.0
s34,11,0,0.9999998807907104,8.168085940951642e-08
s34,12,0,0.9999994039535522,5.862450507265748e-07
s34,13,1,1.8245349892379026e-13,1.0
s34,14,0,1.0,2.1325443633202212e-09
s34,15,0,1.0,1.852151676473568e-08
s34,16,0,1.0,2.480693206408091e-09
s34,17,1,2.737537410299473e-12,1.0
s34,18,1,9.06478711537595e-11,1.0
s34,19,1,1.3822346045522238e-12,1.0
s34,20,1,1.5856174012673918e-11,1.0
s34,21,0,1.0,7.564247006541791e-09
s34,22,0,1.0,3.3848386316037704e-09
s34,23,0,1.0,6.950180431175568e-09
s34,24,0,0.9999998807907104,6.565520038748218e-08
s34,25,0,0.9999994039535522,6.224295816537051e-07
s34,26,0,1.0,2.4308766555236616e-08
s34,27,0,1.0,1.5546181009185034e-09
s34,28,1,3.856767405441275e-10,1.0
s34,29,1,9.268762840575206e-12,1.0
s34,30,1,2.1849656686809965e-13,1.0
s34,31,1,1.5922234234203025e-12,1.0
s34,32,0,1.0,1.2225291001755068e-08
s34,33,0,1.0,8.128540618379532e-10
s34,34,1,1.4741592278474935e-12,1.0
s34,35,1,2.0993201968466657e-11,1.0
s34,36,1,1.3598041963269747e-11,1.0
s34,37,0,1.0,1.8406707269491562e-08
s34,38,0,1.0,1.8348520924860168e-08
s34,39,0,0.9999990463256836,9.229411261912901e-07
s34,40,1,3.19143312037945e-13,1.0
s34,41,0,1.0,7.55749862690891e-09
s34,42,1,2.333050473733028e-13,1.0
s34,43,1,4.919971765063313e-13,1.0
s34,44,0,1.0,2.6553832910281017e-08
s34,45,1,1.4045748071567221e-12,1.0
s34,46,1,2.6416750257001083e-14,1.0
s34,47,0,0.9999998807907104,1.5710156731074676e-07
s34,48,1,1.2287654888813032e-13,1.0
s34,49,0,1.0,3.118326219464507e-08
s35,0,1,0.8906972408294678,0.10930272191762924
s35,1,1,0.5028929114341736,0.4971071183681488
s35,2,0,0.9992833733558655,0.000716621580068022
s35,3,1,0.9800885319709778,0.01991153322160244
s35,4,0,0.9828827977180481,0.017117192968726158
s35,5,1,0.999703586101532,0.0002964024315588176
s35,6,1,0.9946978092193604,0.0053021665662527084
s35,7,0,0.9977473616600037,0.0022525694221258163
s35,8,0,0.9765864610671997,0.02341352216899395
s35,9,0,0.0017965749138966203,0.9982033967971802
s35,10,1,0.8817538022994995,0.11824622750282288
s35,11,0,0.37552282214164734,0.6244771480560303
s35,12,0,0.9954290390014648,0.004570901393890381
s35,13,1,0.981778621673584,0.018221402540802956
s35,14,0,0.9757965803146362,0.024203460663557053
s35,15,1,0.9838811159133911,0.01611887663602829
s35,16,1,0.9961800575256348,0.0038199699483811855
s35,17,0,0.9987251162528992,0.0012748215813189745
s35,18,0,9.390139166498557e-05,0.999906063079834
s35,19,0,0.013417192734777927,0.9865828156471252
s35,20,0,0.0023367172107100487,0.9976632595062256
s35,21,1,0.9762784242630005,0.023721523582935333
s35,22,1,0.5065862536430359,0.4934137463569641
s35,23,0,0.9989612102508545,0.0010387449292466044
s35,24,0,0.64449143409729,0.35550859570503235
s35,25,1,0.9570662379264832,0.042933717370033264
s35,26,1,0.000979871954768896,0.9990200996398926
s35,27,0,0.8033257722854614,0.19667424261569977
s35,28,0,0.9925968647003174,0.007403091061860323
s35,29,0,0.9980878233909607,0.0019122007070109248
s35,30,1,0.9981920123100281,0.0018080135341733694
s35,31,1,0.9876805543899536,0.012319408357143402
s35,32,0,0.8366921544075012,0.1633078157901764
s35,33,1,0.8167399168014526,0.18326012790203094
s35,34,0,0.9943311214447021,0.005668813828378916
s35,35,0,0.9835984706878662,0.01640147902071476
s35,36,1,0.9963042736053467,0.003695708466693759
s35,37,0,0.9969624876976013,0.003037489950656891
s35,38,0,0.9983091354370117,0.0016908078687265515
s35,39,1,0.9601280689239502,0.039872005581855774
s35,40,1,0.3642434775829315,0.6357565522193909
s35,41,1,0.9374259114265442,0.062574103474617
s35,42,0,0.9988629817962646,0.0011370221618562937
s35,43,0,0.04424918070435524,0.9557508230209351
s35,44,1,0.5388610363006592,0.4611389636993408
s35,45,0,0.9979773163795471,0.002022727858275175
s35,46,0,0.65350741147995,0.34649255871772766
s35,47,1,0.1337507963180542,0.866249144077301
s35,48,1,0.9676796793937683,0.03232033550739288
s35,49,1,0.984819769859314,0.015180286020040512
s36,0,1,0.8160442113876343,0.1839558184146881
s36,1,0,0.00016491881979163736,0.9998350143432617
s36,2,0,0.35747143626213074,0.6425285935401917
s36,3,0,0.8835357427597046,0.11646424978971481
s36,4,1,0.12681923806667328,0.8731807470321655
s36,5,0,0.9985753297805786,0.0014246798818930984
s36,6,0,0.9865560531616211,0.013443994335830212
s36,7,1,0.9974501729011536,0.002549857133999467
s36,8,0,0.9867756962776184,0.013224265538156033
s36,9,1,0.9980723857879639,0.0019276068778708577
s36,10,1,0.997268557548523,0.002731478773057461
s36,11,1,0.10412925481796265,0.8958708047866821
s36,12,0,0.9987581968307495,0.001241788500919938
s36,13,1,0.3164112865924835,0.6835887432098389
s36,14,0,0.00010038149048341438,0.9998996257781982
s36,15,0,0.9948030114173889,0.005196958314627409
s36,16,1,6.161272722238209e-06,0.9999938011169434
s36,17,1,1.1181626291545399e-07,0.9999998807907104
s36,18,1,6.113869233104197e-08,0.9999998807907104
s36,19,0,0.9996682405471802,0.000331718212692067
s36,20,0,0.9972374439239502,0.0027625823859125376
s36,21,1,2.260797629105582e-07,0.9999997615814209
s36,22,0,4.854614962823689e-05,0.9999514818191528
s36,23,0,0.00033110653748735785,0.9996689558029175
s36,24,1,0.5689696073532104,0.43103039264678955
s36,25,1,0.0001711005315883085,0.9998288154602051
s36,26,1,0.1991800218820572,0.8008199334144592
s36,27,1,0.009618605487048626,0.9903814196586609
s36,28,0,0.0896625891327858,0.9103373885154724
s36,29,0,8.657681149770724e-08,0.9999998807907104
s36,30,0,0.9975510239601135,0.002449026796966791
s36,31,0,0.9993316531181335,0.0006683589308522642
s36,32,0,0.9996520280838013,0.0003480276500340551
s36,33,1,0.09043020009994507,0.9095698595046997
s36,34,0,0.08384206891059875,0.9161579608917236
s36,35,1,0.9949647188186646,0.0050353542901575565
s36,36,0,0.9997400641441345,0.0002599575964268297
s36,37,1,3.416232274844333e-08,1.0
s36,38,1,0.9798130989074707,0.02018691599369049
s36,39,0,0.3992924392223358,0.6007075309753418
s36,40,0,0.8047296404838562,0.19527031481266022
s36,41,0,0.573447585105896,0.4265523850917816
s36,42,0,0.9971699118614197,0.002830141456797719
s36,43,1,0.9544153809547424,0.04558457434177399
s36,44,1,0.4301168620586395,0.5698831677436829
s36,45,1,0.5570231080055237,0.4429768919944763
s36,46,1,0.6415190100669861,0.3584810197353363
s36,47,1,2.9527390665862185e-07,0.9999997615814209
s36,48,0,0.995226263999939,0.004773708991706371
s36,49,0,0.9997265934944153,0.0002733695728238672
s37,0,1,7.360147213919532e-12,1.0
s37,1,1,1.9724211413468806e-12,1.0
s37,2,0,0.999997615814209,2.4217567897721892e-06
s37,3,0,0.9997914433479309,0.00020855054026469588
s37,4,1,3.7878486125464406e-08,1.0
s37,5,1,1.5328387448221292e-09,1.0
s37,6,0,0.9999762773513794,2.3694999981671572e-05
s37,7,0,0.9753692746162415,0.02463076449930668
s37,8,0,0.9999657869338989,3.4182325180154294e-05
s37,9,1,2.4401494551091335e-15,1.0
s37,10,1,1.326278496749378e-12,1.0
s37,11,1,4.155967579219698e-15,1.0
s37,12,0,0.9999868869781494,1.3110969121044036e-05
s37,13,1,1.7437308243379093e-14,1.0
s37,14,0,0.9999986886978149,1.3279918675834779e-06
s37,15,1,9.509858872602805e-11,1.0
s37,16,0,0.9999994039535522,5.738165782531723e-07
s37,17,0,0.9999994039535522,6.10107917964342e-07
s37,18,0,0.9999810457229614,1.8924607502412982e-05
s37,19,0,4.395353698782856e-06,0.9999955892562866
s37,20,1,1.0705987207870749e-08,1.0
s37,21,0,0.676388144493103,0.3236118257045746
s37,22,0,0.9997969269752502,0.00020309732644818723
s37,23,1,2.1119494666876117e-16,1.0
s37,24,1,4.124731667332071e-09,1.0
s37,25,0,0.9999889135360718,1.1068545063608326e-05
s37,26,0,0.9998377561569214,0.0001621816772967577
s37,27,0,0.9999902248382568,9.799169674806762e-06
s37,28,1,0.0003024334437213838,0.9996975660324097
s37,29,0,0.9911776185035706,0.008822361007332802
s37,30,0,3.077715007293591e-07,0.9999996423721313
s37,31,1,4.279316385691345e-07,0.9999995231628418
s37,32,0,0.9999982118606567,1.7356253465550253e-06
s37,33,1,5.500540886486938e-13,1.0
s37,34,1,6.700634571643604e-07,0.9999992847442627
s37,35,0,0.999990701675415,9.33283445192501e-06
s37,36,1,2.398170925759684e-15,1.0
s37,37,0,0.9999697208404541,3.0309522117022425e-05
s37,38,0,0.00011114279186585918,0.9998888969421387
s37,39,1,3.273891707067378e-06,0.9999967813491821
s37,40,1,6.380294309917857e-15,1.0
s37,41,1,0.004302201792597771,0.9956978559494019
s37,42,1,3.6283340698259336e-13,1.0
s37,43,0,0.9405460357666016,0.059453945606946945
s37,44,0,0.9817432165145874,0.01825672760605812
s37,45,1,0.022587021812796593,0.9774129986763
s37,46,1,5.596398453162899e-13,1.0
s37,47,0,0.00021858379477635026,0.9997814297676086
s37,48,0,0.8712164759635925,0.12878353893756866
s37,49,1,2.8538729539284713e-12,1.0
s38,0,0,0.91783607006073,0.08216391503810883
s38,1,0,0.9985343217849731,0.0014656863640993834
s38,2,0,0.9963858127593994,0.003614139510318637
s38,3,0,0.9590709209442139,0.040929097682237625
s38,4,0,0.5780205130577087,0.42197945713996887
s38,5,0,0.030758531764149666,0.9692413806915283
s38,6,0,0.9530631303787231,0.046936940401792526
s38,7,1,0.01261959969997406,0.9873803853988647
s38,8,1,0.008333373814821243,0.9916666150093079
s38,9,0,0.46924135088920593,0.5307586193084717
s38,10,1,0.0012941714376211166,0.9987058639526367
s38,11,0,0.9991945624351501,0.0008054720819927752
s38,12,1,0.03910351172089577,0.9608964920043945
s38,13,0,0.9625898003578186,0.037410248070955276
s38,14,1,0.0014361030189320445,0.9985639452934265
s38,15,1,0.213099405169487,0.7869006395339966
s38,16,1,0.014010263606905937,0.9859896898269653
s38,17,1,0.0011228887597098947,0.9988771080970764
s38,18,1,0.1943153291940689,0.8056846261024475
s38,19,1,0.0013668355531990528,0.998633086681366
s38,20,0,0.9993320107460022,0.0006679545622318983
s38,21,0,0.996123731136322,0.0038762488402426243
s38,22,0,0.993467390537262,0.006532598286867142
s38,23,1,0.2274816334247589,0.7725183963775635
s38,24,1,0.006062137428671122,0.9939378499984741
s38,25,1,0.013630974106490612,0.9863690137863159
s38,26,1,0.00379564194008708,0.9962044358253479
s38,27,1,0.018394628539681435,0.9816053509712219
s38,28,1,0.4062950015068054,0.5937049984931946
s38,29,1,0.9533731937408447,0.04662679508328438
s38,30,0,0.990284264087677,0.009715741500258446
s38,31,0,0.996117353439331,0.003882705932483077
s38,32,1,0.0033211885020136833,0.9966788291931152
s38,33,1,0.05814378708600998,0.9418561458587646
s38,34,0,0.4652746617794037,0.5347253084182739
s38,35,1,0.00047424883814528584,0.999525785446167
s38,36,0,0.9990873336791992,0.0009126150398515165
s38,37,1,0.045700352638959885,0.9542996883392334
s38,38,0,0.6115738153457642,0.3884262144565582
s38,39,0,0.9986246824264526,0.0013753683306276798
s38,40,1,8.386909757973626e-05,0.9999160766601562
s38,41,0,0.95783931016922,0.04216068983078003
s38,42,1,0.0004519740759860724,0.9995480179786682
s38,43,1,0.0020896978676319122,0.9979103207588196
s38,44,1,0.9543392658233643,0.045660730451345444
s38,45,1,0.9029805660247803,0.09701943397521973
s38,46,1,0.0003152081335429102,0.9996848106384277
s38,47,1,0.021095145493745804,0.9789049029350281
s38,48,1,0.36741477251052856,0.6325852274894714
s38,49,0,0.9995089769363403,0.0004909738781861961
s39,0,0,0.9960474371910095,0.003952609375119209
s39,1,0,0.5750410556793213,0.4249589443206787
s39,2,1,5.280567216131571e-12,1.0
s39,3,1,0.9189708828926086,0.08102908730506897
s39,4,1,0.8440380692481995,0.15596196055412292
s39,5,1,0.9466851353645325,0.05331486091017723
s39,6,1,0.9971791505813599,0.002820906462147832
s39,7,0,0.9905885457992554,0.009411389008164406
s39,8,0,0.018963027745485306,0.9810370206832886
s39,9,0,0.5970044732093811,0.4029955565929413
s39,10,0,0.997904896736145,0.002095066010951996
s39,11,1,2.855757657016511e-06,0.9999971389770508
s39,12,1,3.5313951229909435e-06,0.9999964237213135
s39,13,1,0.9986096620559692,0.0013902513310313225
s39,14,0,0.9996856451034546,0.0003144002112094313
s39,15,0,0.996335506439209,0.0036644521169364452
s39,16,1,2.7475938622956164e-05,0.9999725818634033
s39,17,0,0.0031632892787456512,0.9968366622924805
s39,18,0,0.2107091099023819,0.7892909049987793
s39,19,1,0.9991242289543152,0.000875728321261704
s39,20,1,0.5786592364311218,0.4213407039642334
s39,21,1,1.7937607310614112e-07,0.9999997615814209
s39,22,1,0.0007755454862490296,0.9992244243621826
s39,23,0,0.08788836747407913,0.9121116399765015
s39,24,1,0.9995107650756836,0.0004892285214737058
s39,25,0,0.0677914246916771,0.9322086572647095
s39,26,0,0.0016335122054442763,0.9983665347099304
s39,27,1,6.796074103476712e-07,0.9999992847442627
s39,28,1,5.239202437223867e-06,0.9999947547912598
s39,29,1,0.9965628981590271,0.0034371251240372658
s39,30,1,7.636494956386741e-06,0.9999923706054688
s39,31,0,0.006702564191073179,0.9932973980903625
s39,32,1,0.00015030705253593624,0.9998496770858765
s39,33,0,0.5077154040336609,0.4922846257686615
s39,34,0,2.483100979588926e-05,0.9999752044677734
s39,35,1,0.9752527475357056,0.024747302755713463
s39,36,0,0.985727846622467,0.014272109605371952
s39,37,0,0.0001897879847092554,0.9998102784156799
s39,38,1,0.0001517872151453048,0.9998482465744019
s39,39,0,0.9937730431556702,0.006226949393749237
s39,40,0,0.657037615776062,0.3429623544216156
s39,41,0,2.6896177018898015e-07,0.9999997615814209
s39,42,1,0.0004427710664458573,0.9995571970939636
s39,43,0,0.7763797640800476,0.2236202210187912
s39,44,1,0.9949380159378052,0.005061964504420757
s39,45,0,0.03435101360082626,0.9656489491462708
s39,46,1,0.7757676243782043,0.22423242032527924
s39,47,1,8.042291301535442e-05,0.9999195337295532
s39,48,0,0.9987597465515137,0.001240273704752326
s39,49,0,0.97447270154953,0.02552727796137333
s40,0,0,0.9999983310699463,1.6367133639505482e-06
s40,1,1,0.16516071557998657,0.8348392844200134
s40,2,0,0.38177162408828735,0.6182283759117126
s40,3,0,7.994188490556553e-05,0.9999200105667114
s40,4,1,3.65564733328938e-06,0.9999963045120239
s40,5,0,0.3113500773906708,0.6886498928070068
s40,6,0,0.9998127818107605,0.0001872786961030215
s40,7,1,0.9994537234306335,0.000546232215128839
s40,8,0,0.9998563528060913,0.00014357577310875058
s40,9,0,0.9969356060028076,0.0030643779318779707
s40,10,0,0.990714430809021,0.009285517036914825
s40,11,1,0.1315341591835022,0.8684658408164978
s40,12,0,0.9895943403244019,0.01040562242269516
s40,13,1,0.9983348250389099,0.0016652325866743922
s40,14,1,0.05332362279295921,0.9466763734817505
s40,15,1,0.6227803230285645,0.37721967697143555
s40,16,0,0.9993230104446411,0.0006769722676835954
s40,17,1,0.8350862860679626,0.16491371393203735
s40,18,0,0.9989281296730042,0.0010718379635363817
s40,19,1,0.015659091994166374,0.9843408465385437
s40,20,0,0.998638927936554,0.0013611193280667067
s40,21,1,0.9866147637367249,0.013385304249823093
s40,22,0,4.373932370071998e-06,0.9999955892562866
s40,23,1,0.9998944997787476,0.00010554365144344047
s40,24,0,0.9999145269393921,8.552116923965514e-05
s40,25,0,0.999312162399292,0.0006878800923004746
s40,26,0,0.9580047726631165,0.04199521243572235
s40,27,0,0.00517182657495141,0.9948281645774841
s40,28,0,0.9998286962509155,0.0001712431840132922
s40,29,1,0.6598612070083618,0.34013885259628296
s40,30,1,0.007274181116372347,0.9927258491516113
s40,31,1,0.9972829818725586,0.0027170416433364153
s40,32,1,0.1741291880607605,0.8258708715438843
s40,33,1,0.0013164568226784468,0.998683512210846
s40,34,0,0.7384560108184814,0.26154395937919617
s40,35,0,0.2910383641719818,0.7089616060256958
s40,36,0,0.9999990463256836,8.966266022980562e-07
s40,37,0,0.9999915361404419,8.486812475894112e-06
s40,38,0,0.9990059733390808,0.0009940577438101172
s40,39,1,0.9501003623008728,0.049899645149707794
s40,40,0,0.9987466335296631,0.0012532860273495317
s40,41,0,0.8689958453178406,0.13100416958332062
s40,42,1,4.038266069983365e-06,0.9999959468841553
s40,43,1,0.6414194703102112,0.35858049988746643
s40,44,1,0.9999289512634277,7.101675873855129e-05
s40,45,0,1.5942001885260737e-10,1.0
s40,46,1,0.00019356796110514551,0.9998064637184143
s40,47,1,1.6877254893188365e-05,0.9999830722808838
s40,48,0,0.8854638934135437,0.11453608423471451
s40,49,0,0.021767493337392807,0.9782325029373169
s41,0,1,1.2736296412185766e-05,0.9999872446060181
s41,1,0,0.3034980297088623,0.6965019702911377
s41,2,1,9.407673132955097e-06,0.9999905824661255
s41,3,0,0.9997408986091614,0.00025910837575793266
s41,4,1,0.35738277435302734,0.6426172256469727
s41,5,0,0.9999679327011108,3.2067899155663326e-05
s41,6,0,0.9999434947967529,5.6529355788370594e-05
s41,7,1,0.022505560889840126,0.9774944186210632
s41,8,0,0.9999765157699585,2.3516618966823444e-05
s41,9,1,1.0672644748410676e-05,0.9999892711639404
s41,10,1,0.0004317255225032568,0.9995682835578918
s41,11,1,0.9990935325622559,0.0009064326877705753
s41,12,0,0.9998351335525513,0.00016482009959872812
s41,13,1,0.0009337158408015966,0.9990662932395935
s41,14,1,0.00011821958469226956,0.9998817443847656
s41,15,1,0.02226473018527031,0.9777352809906006
s41,16,0,0.9997875094413757,0.00021246069809421897
s41,17,0,0.9998199343681335,0.00018009926134254783
s41,18,0,0.9999052286148071,9.474046237301081e-05
s41,19,0,0.013976768590509892,0.9860231876373291
s41,20,0,0.9999151229858398,8.490134496241808e-05
s41,21,0,0.9636445641517639,0.03635546192526817
s41,22,1,0.07311710715293884,0.9268828630447388
s41,23,0,0.9988963603973389,0.0011036415817216039
s41,24,1,2.452340595482383e-05,0.9999754428863525
s41,25,1,0.02889627404510975,0.9711037874221802
s41,26,0,0.9996498823165894,0.00035008398117497563
s41,27,1,6.312382174655795e-05,0.9999368190765381
s41,28,0,0.1699162870645523,0.8300837278366089
s41,29,1,0.9958237409591675,0.004176322836428881
s41,30,0,0.29436179995536804,0.7056382298469543
s41,31,1,0.026220934465527534,0.9737790822982788
s41,32,0,0.9998520612716675,0.0001478844351368025
s41,33,1,4.620412801159546e-05,0.9999537467956543
s41,34,0,0.9449278116226196,0.05507217347621918
s41,35,1,6.1219548115332145e-06,0.9999939203262329
s41,36,1,2.2589436412090436e-05,0.9999774694442749
s41,37,1,0.0066164047457277775,0.9933835864067078
s41,38,1,3.035256440853118e-06,0.9999970197677612
s41,39,0,0.9350009560585022,0.06499899178743362
s41,40,0,0.9997643828392029,0.0002356583281653002
s41,41,1,4.816276941710385e-07,0.9999995231628418
s41,42,0,0.9905277490615845,0.009472273290157318
s41,43,0,0.9999604225158691,3.95414863305632e-05
s41,44,1,0.9192320108413696,0.08076798170804977
s41,45,0,0.9993656277656555,0.0006343396962620318
s41,46,0,0.9996030926704407,0.000396964605897665
s41,47,0,0.9999892711639404,1.0781111996038817e-05
s41,48,1,0.0017601479776203632,0.9982398748397827
s41,49,0,0.9830117225646973,0.016988327726721764
s42,0,0,0.8350281715393066,0.16497185826301575
s42,1,1,0.025308212265372276,0.9746918082237244
s42,2,0,0.9676398038864136,0.032360177487134933
s42,3,0,0.4553614854812622,0.5446385145187378
s42,4,1,0.01850048638880253,0.9814994931221008
s42,5,1,0.9830102920532227,0.016989655792713165
s42,6,1,0.9911749362945557,0.008825050666928291
s42,7,1,0.9986481070518494,0.0013518608175218105
s42,8,1,0.12025956064462662,0.8797404170036316
s42,9,1,0.998572826385498,0.0014271512627601624
s42,10,1,0.989851713180542,0.010148344561457634
s42,11,0,0.9590093493461609,0.040990687906742096
s42,12,0,0.9827081561088562,0.0172918438911438
s42,13,0,0.9860884547233582,0.01391156017780304
s42,14,0,0.9958510398864746,0.004148904234170914
s42,15,0,0.06062270328402519,0.9393772482872009
s42,16,1,0.6476229429244995,0.3523770570755005
s42,17,1,0.016960740089416504,0.9830392599105835
s42,18,1,0.7702363133430481,0.22976376116275787
s42,19,1,0.005601000040769577,0.9943990111351013
s42,20,1,0.9921133518218994,0.007886647246778011
s42,21,0,0.985800564289093,0.014199359342455864
s42,22,0,0.49922844767570496,0.5007715225219727
s42,23,1,0.06639173626899719,0.9336082339286804
s42,24,0,0.998641312122345,0.0013586442219093442
s42,25,0,0.8904436826705933,0.10955636948347092
s42,26,0,0.7320175766944885,0.2679824233055115
s42,27,0,0.9832670092582703,0.01673300191760063
s42,28,1,0.0070152319967746735,0.9929847717285156
s42,29,1,0.0024426153395324945,0.9975574016571045
s42,30,1,0.9486097097396851,0.051390308886766434
s42,31,1,0.9695931673049927,0.030406760051846504
s42,32,1,0.03814645856618881,0.9618535041809082
s42,33,1,0.9948602318763733,0.005139760207384825
s42,34,1,0.8669022917747498,0.13309773802757263
s42,35,0,0.7790464162826538,0.2209535539150238
s42,36,0,0.9817294478416443,0.018270619213581085
s42,37,0,0.11598169058561325,0.8840183019638062
s42,38,1,0.02115688845515251,0.978843092918396
s42,39,1,0.7304098606109619,0.26959019899368286
s42,40,0,0.049878399819135666,0.9501215815544128
s42,41,1,0.0025722477585077286,0.997427761554718
s42,42,1,0.8961130976676941,0.10388686507940292
s42,43,0,0.019880803301930428,0.9801192283630371
s42,44,1,0.8642169237136841,0.13578307628631592
s42,45,0,0.9608978033065796,0.03910214826464653
s42,46,1,0.9886385798454285,0.011361506767570972
s42,47,0,0.9779033064842224,0.022096745669841766
s42,48,0,0.8745066523551941,0.1254933774471283
s42,49,0,0.9862929582595825,0.013707039877772331
s43,0,1,0.9981081485748291,0.0018918701680377126
s43,1,0,0.9999475479125977,5.2449566283030435e-05
s43,2,1,0.058368533849716187,0.9416314959526062
s43,3,0,0.9937896132469177,0.006210349965840578
s43,4,1,0.007024143356829882,0.9929758310317993
s43,5,1,0.004110786598175764,0.9958892464637756
s43,6,0,0.3370790481567383,0.6629209518432617
s43,7,0,0.25184816122055054,0.7481518983840942
s43,8,1,0.9982450008392334,0.0017549702897667885
s43,9,0,0.12954723834991455,0.8704527616500854
s43,10,1,0.9696199893951416,0.03037997893989086
s43,11,1,0.9972999691963196,0.00270005501806736
s43,12,1,0.20566460490226746,0.7943354249000549
s43,13,0,0.9910048246383667,0.008995234034955502
s43,14,0,0.9841168522834778,0.0158831886947155
s43,15,0,0.9719517230987549,0.028048284351825714
s43,16,1,0.9075727462768555,0.09242718666791916
s43,17,1,0.03811004012823105,0.9618899822235107
s43,18,1,0.008691140450537205,0.9913088083267212
s43,19,1,0.9992861151695251,0.000713914108928293
s43,20,1,0.9940542578697205,0.005945709068328142
s43,21,0,0.08500032871961594,0.9149996638298035
s43,22,0,0.9994112253189087,0.0005888447049073875
s43,23,0,0.6614068746566772,0.33859312534332275
s43,24,0,0.09637834876775742,0.9036216735839844
s43,25,0,0.6915158033370972,0.3084842562675476
s43,26,0,0.9929290413856506,0.007070976309478283
s43,27,0,0.0020329682156443596,0.9979669451713562
s43,28,1,0.022984690964221954,0.9770152568817139
s43,29,1,0.1778024584054947,0.8221974968910217
s43,30,1,0.12972776591777802,0.8702722191810608
s43,31,0,0.9997150301933289,0.0002849533630069345
s43,32,0,0.7637287974357605,0.23627115786075592
s43,33,1,2.00886934180744e-05,0.9999798536300659
s43,34,1,0.0011732828570529819,0.9988266825675964
s43,35,0,0.9978481531143188,0.0021518529392778873
s43,36,0,0.959200918674469,0.04079907387495041
s43,37,1,0.9970180988311768,0.0029818860348314047
s43,38,0,0.9991377592086792,0.0008622277528047562
s43,39,0,0.9996306896209717,0.00036929603083990514
s43,40,1,0.020447146147489548,0.9795529246330261
s43,41,1,0.9994720816612244,0.0005279769538901746
s43,42,1,0.9974333643913269,0.0025665895082056522
s43,43,1,0.6985412240028381,0.30145883560180664
s43,44,0,0.9956536293029785,0.004346346016973257
s43,45,0,0.4523266553878784,0.5476734042167664
s43,46,0,0.9840028882026672,0.01599705033004284
s43,47,0,0.028793932870030403,0.9712060689926147
s43,48,1,0.9876447319984436,0.012355264276266098
s43,49,0,0.8488680124282837,0.15113197267055511
s44,0,1,0.983728289604187,0.01627178117632866
s44,1,0,2.7651843993226066e-05,0.9999723434448242
s44,2,0,0.09515374153852463,0.9048462510108948
s44,3,0,0.9217911958694458,0.07820874452590942
s44,4,1,0.9007993936538696,0.09920064359903336
s44,5,1,7.851458940422162e-05,0.999921441078186
s44,6,1,0.9796229004859924,0.020377103239297867
s44,7,1,0.000140557560371235,0.9998594522476196
s44,8,0,0.8178462982177734,0.18215365707874298
s44,9,0,0.9138604998588562,0.0861394852399826
s44,10,1,0.7209445238113403,0.2790554165840149
s44,11,1,0.8587113618850708,0.1412886083126068
s44,12,1,0.002472552238032222,0.9975274205207825
s44,13,1,0.6418352127075195,0.35816481709480286
s44,14,0,0.4950937330722809,0.5049062371253967
s44,15,0,0.19567927718162537,0.8043206930160522
s44,16,1,0.011883692815899849,0.9881162643432617
s44,17,0,0.9491386413574219,0.05086132138967514
s44,18,0,0.9929520487785339,0.0070479800924658775
s44,19,0,0.9892314076423645,0.010768625885248184
s44,20,0,0.9918614625930786,0.008138492703437805
s44,21,1,0.989404559135437,0.010595442727208138
s44,22,0,0.9939168095588684,0.006083213724195957
s44,23,0,0.9962473511695862,0.0037526856176555157
s44,24,0,0.07438412308692932,0.9256159067153931
s44,25,0,0.9425673484802246,0.05743271857500076
s44,26,0,0.006504386197775602,0.9934955835342407
s44,27,0,0.5275586247444153,0.4724414348602295
s44,28,1,0.9468593001365662,0.053140707314014435
s44,29,1,0.05928052216768265,0.940719485282898
s44,30,0,0.978598952293396,0.021401092410087585
s44,31,1,1.2108249393349979e-05,0.9999878406524658
s44,32,1,0.052941303700208664,0.9470586776733398
s44,33,0,0.9935666918754578,0.006433352828025818
s44,34,0,0.0033567824866622686,0.9966431856155396
s44,35,1,0.05025048926472664,0.9497494697570801
s44,36,1,0.9906947612762451,0.009305216372013092
s44,37,0,0.9955626726150513,0.004437298513948917
s44,38,1,0.0013841373147442937,0.9986158609390259
s44,39,0,0.9908554553985596,0.00914450641721487
s44,40,1,0.9877179861068726,0.012281989678740501
s44,41,1,0.011444112285971642,0.9885558485984802
s44,42,1,0.00037739373510703444,0.9996225833892822
s44,43,1,0.9591729044914246,0.04082703962922096
s44,44,0,0.9952408075332642,0.004759155213832855
s44,45,0,0.10968411713838577,0.8903158903121948
s44,46,1,0.7670681476593018,0.23293186724185944
s44,47,1,0.00046270087477751076,0.9995373487472534
s44,48,1,0.14945952594280243,0.8505403995513916
s44,49,0,0.9611025452613831,0.038897380232810974
s45,0,0,0.9979918003082275,0.002008191542699933
s45,1,1,9.832070873017074e-07,0.9999990463256836
s45,2,0,0.9998432397842407,0.00015677831834182143
s45,3,0,0.6064949035644531,0.39350512623786926
s45,4,1,5.358414273359813e-05,0.9999463558197021
s45,5,1,0.010452569462358952,0.9895473718643188
s45,6,0,0.9956604838371277,0.004339465405791998
s45,7,1,2.7499675070430385e-07,0.9999997615814209
s45,8,0,0.9993168115615845,0.0006831669597886503
s45,9,0,0.9999996423721313,3.4483073818591947e-07
s45,10,0,0.9993923902511597,0.0006076295394450426
s45,11,1,0.9999516010284424,4.8421454266645014e-05
s45,12,0,0.9991899132728577,0.0008100487757474184
s45,13,0,0.050682924687862396,0.9493170976638794
s45,14,0,0.004589831456542015,0.995410144329071
s45,15,1,0.9985539317131042,0.001446068985387683
s45,16,0,0.9978857636451721,0.002114174421876669
s45,17,1,0.9986734390258789,0.001326572964899242
s45,18,1,3.795298368913791e-07,0.9999996423721313
s45,19,1,0.9961580634117126,0.0038419580087065697
s45,20,1,0.9999920129776001,8.024405360629316e-06
s45,21,1,5.306837635998818e-09,1.0
s45,22,0,0.9999264478683472,7.353402907028794e-05
s45,23,1,1.9326309484313242e-05,0.9999806880950928
s45,24,1,0.9949830770492554,0.005016956944018602
s45,25,1,1.1157334483868908e-05,0.9999887943267822
s45,26,1,3.679851423576963e-10,1.0
s45,27,0,0.9848315715789795,0.015168455429375172
s45,28,0,0.9977765679359436,0.0022233983036130667
s45,29,1,1.0087072951137088e-05,0.9999898672103882
s45,30,0,0.7126430869102478,0.2873569130897522
s45,31,1,0.9906178116798401,0.009382164105772972
s45,32,0,0.8989639282226562,0.10103607177734375
s45,33,0,0.005068250931799412,0.9949317574501038
s45,34,1,0.993787407875061,0.0062126400880515575
s45,35,1,0.00023527778103016317,0.9997647404670715
s45,36,0,1.2175236818734447e-08,1.0
s45,37,0,0.9995001554489136,0.0004998177173547447
s45,38,1,0.9915295839309692,0.008470412343740463
s45,39,0,0.9998124241828918,0.0001876075257314369
s45,40,1,3.234428959331126e-06,0.9999967813491821
s45,41,1,0.01075891312211752,0.9892410635948181
s45,42,1,2.1000178094254807e-06,0.9999978542327881
s45,43,0,0.9989380240440369,0.0010619957465678453
s45,44,0,0.6228513717651367,0.37714868783950806
s45,45,0,0.8891352415084839,0.11086476594209671
s45,46,0,0.9984411597251892,0.0015588507521897554
s45,47,1,5.2553805289790034e-05,0.9999474287033081
s45,48,0,0.2676919102668762,0.7323080897331238
s45,49,1,0.7443690896034241,0.2556309103965759
s46,0,1,0.0008313684957101941,0.9991686344146729
s46,1,0,0.9999935626983643,6.453940386563772e-06
s46,2,1,0.13600032031536102,0.8639997243881226
s46,3,1,4.7240366257028654e-05,0.9999527931213379
s46,4,1,0.0017569689080119133,0.9982430934906006
s46,5,0,0.9999934434890747,6.505339570139768e-06
s46,6,0,0.9993181228637695,0.0006819264963269234
s46,7,0,0.9978346228599548,0.002165328012779355
s46,8,0,0.9999092817306519,9.072675311472267e-05
s46,9,1,0.9986041188240051,0.0013958477647975087
s46,10,0,0.20761007070541382,0.7923899292945862
s46,11,0,0.9995085000991821,0.000491468352265656
s46,12,1,0.0006166885141283274,0.9993833303451538
s46,13,1,0.9912601113319397,0.008739850483834743
s46,14,1,5.825522293889662e-06,0.999994158744812
s46,15,1,0.6511806845664978,0.3488193154335022
s46,16,1,2.4649691113154404e-05,0.999975323677063
s46,17,0,0.00012538077135104686,0.9998745918273926
s46,18,1,0.13272877037525177,0.8672712445259094
s46,19,0,0.9977637529373169,0.0022361946757882833
s46,20,1,0.9998964071273804,0.00010356504208175465
s46,21,0,0.8496261835098267,0.15037387609481812
s46,22,1,0.9971764087677002,0.0028235577046871185
s46,23,1,0.9846147894859314,0.015385156497359276
s46,24,0,0.9999340772628784,6.594610749743879e-05
s46,25,0,0.5734906196594238,0.42650938034057617
s46,26,0,0.0003209875721950084,0.9996789693832397
s46,27,1,0.9754407405853271,0.02455926313996315
s46,28,1,0.00066662224708125,0.9993333220481873
s46,29,0,0.001109143253415823,0.9988909363746643
s46,30,0,0.9852495789527893,0.014750469475984573
s46,31,0,0.9997913241386414,0.00020867743296548724
s46,32,1,1.0751141417131294e-05,0.9999892711639404
s46,33,0,0.43657147884368896,0.563428521156311
s46,34,0,0.9978868365287781,0.002113184193149209
s46,35,0,0.5510377883911133,0.4489622414112091
s46,36,1,0.9990987777709961,0.0009012583177536726
s46,37,0,0.9999088048934937,9.120201139012352e-05
s46,38,1,0.8120949864387512,0.18790504336357117
s46,39,1,0.009925602003932,0.9900743365287781
s46,40,1,0.0022937755566090345,0.9977061748504639
s46,41,0,0.9944000840187073,0.005599956028163433
s46,42,0,0.9978893399238586,0.002110722241923213
s46,43,0,0.00011492186604300514,0.999885082244873
s46,44,1,0.9731042385101318,0.02689572423696518
s46,45,0,0.9999033212661743,9.665881952969357e-05
s46,46,1,0.050251491367816925,0.9497485160827637
s46,47,0,0.9854468107223511,0.01455317810177803
s46,48,1,4.75486958748661e-05,0.9999524354934692
s46,49,1,0.22761374711990356,0.7723863124847412
s47,0,0,0.0009577684104442596,0.9990422129631042
s47,1,0,0.7596743106842041,0.2403256744146347
s47,2,0,0.9844542145729065,0.015545845031738281
s47,3,0,0.04437856003642082,0.9556214213371277
s47,4,1,0.9887000918388367,0.01129998080432415
s47,5,1,0.9789322018623352,0.021067781373858452
s47,6,1,0.9527629613876343,0.04723707213997841
s47,7,0,0.014991296455264091,0.985008716583252
s47,8,1,0.0075839669443666935,0.9924160242080688
s47,9,0,0.8983737230300903,0.10162626951932907
s47,10,0,0.9736143946647644,0.026385629549622536
s47,11,1,0.9901339411735535,0.009866077452898026
s47,12,1,0.9831387996673584,0.016861235722899437
s47,13,0,0.9729332327842712,0.02706676535308361
s47,14,0,0.2816182076931,0.7183817625045776
s47,15,1,0.9781646728515625,0.02183534950017929
s47,16,0,0.9973723888397217,0.0026275671552866697
s47,17,1,0.002186624566093087,0.99781334400177
s47,18,1,0.9536757469177246,0.0463242270052433
s47,19,0,0.991394579410553,0.008605371229350567
s47,20,1,0.0011553592048585415,0.9988446235656738
s47,21,0,0.9851348996162415,0.014865072444081306
s47,22,1,0.9940534234046936,0.0059465887024998665
s47,23,0,0.9969081282615662,0.003091908060014248
s47,24,1,0.000306494563119486,0.9996935129165649
s47,25,1,0.001394790830090642,0.9986051917076111
s47,26,0,8.908804005614002e-08,0.9999998807907104
s47,27,1,2.5826902856351808e-06,0.9999973773956299
s47,28,0,0.3027670681476593,0.6972329020500183
s47,29,1,0.9783118367195129,0.02168820984661579
s47,30,1,0.003987760283052921,0.9960122108459473
s47,31,1,0.003171072341501713,0.9968288540840149
s47,32,0,0.0019428929081186652,0.9980570673942566
s47,33,1,0.9570686221122742,0.04293137043714523
s47,34,0,0.00033710317802615464,0.9996628761291504
s47,35,0,0.9997071623802185,0.0002927866007667035
s47,36,1,7.568893124698661e-06,0.9999924898147583
s47,37,0,0.8841047883033752,0.11589524149894714
s47,38,1,0.009514209814369678,0.9904857277870178
s47,39,1,0.004709058441221714,0.995290994644165
s47,40,0,0.00013603309344034642,0.9998639822006226
s47,41,0,0.9968439340591431,0.0031561015639454126
s47,42,0,0.14983581006526947,0.8501641750335693
s47,43,0,2.0997549654566683e-05,0.9999790191650391
s47,44,0,0.9817357659339905,0.01826428808271885
s47,45,1,6.987383676460013e-05,0.9999301433563232
s47,46,1,8.750083907216322e-06,0.9999912977218628
s47,47,0,0.9923019409179688,0.0076980507001280785
s47,48,1,0.5762169361114502,0.4237830638885498
s47,49,1,7.586633273604093e-06,0.9999923706054688
s48,0,0,0.7624284029006958,0.2375715970993042
s48,1,0,0.11280819773674011,0.8871918320655823
s48,2,1,0.2520792484283447,0.7479207515716553
s48,3,0,0.0003666912380140275,0.9996333122253418
s48,4,0,0.9761213064193726,0.023878658190369606
s48,5,0,0.14370425045490265,0.8562957644462585
s48,6,0,0.0014746476663276553,0.9985253214836121
s48,7,0,0.06533128768205643,0.9346687197685242
s48,8,1,0.018766239285469055,0.9812337756156921
s48,9,0,0.7045577168464661,0.29544228315353394
s48,10,0,0.042920202016830444,0.9570797681808472
s48,11,1,0.9935163259506226,0.006483691278845072
s48,12,0,0.0008126925677061081,0.9991872906684875
s48,13,1,0.012944589368999004,0.9870554208755493
s48,14,0,0.9585055708885193,0.041494403034448624
s48,15,0,0.3250333368778229,0.6749666333198547
s48,16,0,0.6050202250480652,0.3949797749519348
s48,17,1,0.3484550714492798,0.6515449285507202
s48,18,1,0.05895000323653221,0.9410499930381775
s48,19,1,0.00046134082367643714,0.9995386600494385
s48,20,1,0.7153423428535461,0.28465762734413147
s48,21,1,0.0027295956388115883,0.997270405292511
s48,22,1,0.4852510690689087,0.5147489309310913
s48,23,1,0.9563679099082947,0.0436321385204792
s48,24,1,0.0032183604780584574,0.996781587600708
s48,25,1,0.715976893901825,0.28402310609817505
s48,26,1,0.07065125554800034,0.9293487071990967
s48,27,0,0.7146626114845276,0.2853373885154724
s48,28,0,0.00039824761915951967,0.9996017813682556
s48,29,0,0.8905877470970154,0.10941223800182343
s48,30,0,0.9622424244880676,0.03775763139128685
s48,31,1,0.06679780781269073,0.9332022070884705
s48,32,0,0.007706505712121725,0.9922934770584106
s48,33,1,0.0040611447766423225,0.9959388971328735
s48,34,1,0.02450866810977459,0.9754913449287415
s48,35,1,0.9803952574729919,0.019604744389653206
s48,36,1,0.07966006547212601,0.9203399419784546
s48,37,1,0.429587185382843,0.570412814617157
s48,38,1,0.23817956447601318,0.7618204355239868
s48,39,0,6.684268009848893e-05,0.999933123588562
s48,40,1,0.0018252999288961291,0.9981746673583984
s48,41,0,0.01446583028882742,0.9855341911315918
s48,42,0,0.9984428286552429,0.0015572032425552607
s48,43,1,0.986952543258667,0.013047505170106888
s48,44,0,0.037885576486587524,0.9621143937110901
s48,45,0,0.6455582976341248,0.35444170236587524
s48,46,1,0.002282477216795087,0.9977174997329712
s48,47,0,0.04045242443680763,0.9595476388931274
s48,48,0,0.7845247983932495,0.21547524631023407
s48,49,1,0.9987508058547974,0.0012491715606302023
s49,0,0,0.9985688924789429,0.0014310599071905017
s49,1,0,0.007902217097580433,0.9920977354049683
s49,2,1,8.159364028870186e-07,0.9999991655349731
s49,3,0,0.9999595880508423,4.0467799408361316e-05
s49,4,0,0.9998337030410767,0.00016624724958091974
s49,5,1,1.3491645631802385e-06,0.9999986886978149
s49,6,1,5.022240543439693e-07,0.9999995231628418
s49,7,0,0.9999518394470215,4.8194477130891755e-05
s49,8,1,3.919827804566012e-07,0.9999996423721313
s49,9,0,0.9985983967781067,0.001401602989062667
s49,10,1,0.04982980713248253,0.9501702189445496
s49,11,0,0.9995032548904419,0.0004966878914274275
s49,12,1,3.7009651805419708e-06,0.9999963045120239
s49,13,1,2.2177171558723785e-05,0.9999778270721436
s49,14,0,0.9997784495353699,0.00022157077910378575
s49,15,0,0.9957534074783325,0.0042465622536838055
s49,16,1,2.9057690653644386e-07,0.9999997615814209
s49,17,1,0.0004886613460257649,0.9995113611221313
s49,18,1,1.0790452620312863e-07,0.9999998807907104
s49,19,0,0.6865677833557129,0.3134322464466095
s49,20,0,0.019654689356684685,0.9803453087806702
s49,21,0,0.99992835521698,7.16800641384907e-05
s49,22,1,4.129521403228864e-05,0.9999587535858154
s49,23,0,0.996951699256897,0.0030483147129416466
s49,24,0,0.9998316764831543,0.00016825167404022068
s49,25,1,2.98544873658102e-05,0.9999701976776123
s49,26,1,2.001141183427535e-06,0.9999979734420776
s49,27,1,9.441716031233227e-08,0.9999998807907104
s49,28,0,0.9999136924743652,8.630849333712831e-05
s49,29,0,0.9996769428253174,0.0003230777510907501
s49,30,0,0.5550414323806763,0.44495853781700134
s49,31,0,0.00023241963936015964,0.9997676014900208
s49,32,1,7.924627425381914e-06,0.9999921321868896
s49,33,1,0.9071179628372192,0.09288196265697479
s49,34,0,0.8978932499885559,0.10210675746202469
s49,35,0,0.9992589354515076,0.0007410304970107973
s49,36,0,0.9989801049232483,0.0010198617819696665
s49,37,1,1.3690937805677095e-07,0.9999998807907104
s49,38,1,6.036078957549762e-06,0.9999939203262329
s49,39,1,6.914167897775769e-05,0.9999308586120605
s49,40,1,0.04787939414381981,0.9521206021308899
s49,41,1,2.564388523751404e-06,0.9999973773956299
s49,42,1,0.0009994241409003735,0.999000608921051
s49,43,0,0.3097705841064453,0.6902294158935547
s49,44,1,0.00027887491160072386,0.999721109867096
s49,45,0,0.9978400468826294,0.0021599107421934605
s49,46,1,1.0980232218571473e-05,0.9999890327453613
s49,47,0,0.9998960494995117,0.00010396598372608423
s49,48,1,2.5086881123570492e-06,0.9999974966049194
s49,49,0,0.9988542795181274,0.0011457069776952267
s50,0,1,0.010030308738350868,0.9899696707725525
s50,1,1,0.009363891556859016,0.9906360507011414
s50,2,0,0.01164900790899992,0.9883509874343872
s50,3,0,0.9973926544189453,0.002607333706691861
s50,4,1,0.00010657359234755859,0.9998934268951416
s50,5,0,0.9983441829681396,0.0016558116767555475
s50,6,1,0.0017107852036133409,0.998289167881012
s50,7,1,0.01970655843615532,0.9802933931350708
s50,8,0,0.9997643828392029,0.00023558193061035126
s50,9,1,8.26027971925214e-05,0.9999173879623413
s50,10,0,0.995541512966156,0.004458478651940823
s50,11,1,1.2339550266915467e-05,0.9999876022338867
s50,12,1,0.00031666719587519765,0.9996833801269531
s50,13,0,0.9914914965629578,0.00850846990942955
s50,14,1,6.109638093221292e-07,0.9999994039535522
s50,15,1,5.247309808886769e-10,1.0
s50,16,1,0.00019453415006864816,0.9998055100440979
s50,17,0,0.998993456363678,0.001006523845717311
s50,18,0,0.9954277276992798,0.004572203382849693
s50,19,1,1.938760988196009e-06,0.9999980926513672
s50,20,0,0.9961925745010376,0.0038073647301644087
s50,21,1,4.374543607355008e-07,0.9999995231628418
s50,22,0,0.984916627407074,0.015083291567862034
s50,23,1,0.2814084589481354,0.718591570854187
s50,24,1,1.2182029422547203e-05,0.9999878406524658
s50,25,1,0.006084413267672062,0.9939156174659729
s50,26,0,0.9993120431900024,0.00068797537824139
s50,27,1,2.8447804652387276e-05,0.9999715089797974
s50,28,1,0.0009467053459957242,0.9990532994270325
s50,29,0,0.9928274750709534,0.007172514218837023
s50,30,1,0.00135521381162107,0.9986447691917419
s50,31,0,0.950983464717865,0.049016524106264114
s50,32,0,0.07480448484420776,0.9251955151557922
s50,33,0,0.9977157115936279,0.002284291433170438
s50,34,0,0.00041520080412738025,0.9995848536491394
s50,35,1,0.03331342339515686,0.9666865468025208
s50,36,1,2.0094821593374945e-05,0.9999798536300659
s50,37,0,0.9306756854057312,0.06932435184717178
s50,38,0,0.2418099194765091,0.7581901550292969
s50,39,0,0.15105968713760376,0.8489402532577515
s50,40,0,0.939785361289978,0.06021464243531227
s50,41,0,0.9986311793327332,0.0013688371982425451
s50,42,1,0.9949567914009094,0.005043214652687311
s50,43,0,0.9540480971336365,0.045951951295137405
s50,44,0,0.9675112366676331,0.032488785684108734
s50,45,1,0.0007428585668094456,0.9992571473121643
s50,46,0,0.0014512712368741632,0.998548686504364
s50,47,1,0.0057479701936244965,0.99425208568573
s50,48,1,0.0001281166187254712,0.9998718500137329
s50,49,0,0.018128573894500732,0.981871485710144
s51,0,1,0.005132677033543587,0.9948673248291016
s51,1,0,0.09372615069150925,0.9062739014625549
s51,2,1,0.5832132697105408,0.41678673028945923
s51,3,1,0.0007385964272543788,0.9992614388465881
s51,4,0,0.9959640502929688,0.004035955294966698
s51,5,0,0.9950991272926331,0.004900822415947914
s51,6,1,0.00033676106249913573,0.999663233757019
s51,7,0,0.9803462028503418,0.019653791561722755
s51,8,0,0.004464936442673206,0.9955350160598755
s51,9,0,0.677697479724884,0.32230252027511597
s51,10,0,0.2797146141529083,0.7202854156494141
s51,11,0,0.8827905654907227,0.11720943450927734
s51,12,1,0.0015637269243597984,0.9984362721443176
s51,13,1,8.497488306602463e-05,0.9999150037765503
s51,14,0,0.9949788451194763,0.005021135788410902
s51,15,0,0.17764271795749664,0.8223572969436646
s51,16,0,0.7954453229904175,0.2045547068119049
s51,17,1,0.0450286939740181,0.9549712538719177
s51,18,0,0.9984523057937622,0.0015476244734600186
s51,19,1,0.00024349946761503816,0.9997565150260925
s51,20,1,0.3974868357181549,0.6025131940841675
s51,21,0,0.8559197783470154,0.1440802365541458
s51,22,0,0.5385171175003052,0.4614829421043396
s51,23,0,0.992174506187439,0.007825575768947601
s51,24,0,0.8377510905265808,0.1622488796710968
s51,25,0,0.9940118193626404,0.005988123826682568
s51,26,1,0.0002807062119245529,0.9997193217277527
s51,27,1,5.248213346931152e-05,0.9999475479125977
s51,28,1,0.07907877117395401,0.920921266078949
s51,29,1,0.000315359968226403,0.9996846914291382
s51,30,1,0.072637178003788,0.927362859249115
s51,31,1,4.261932917870581e-05,0.9999573230743408
s51,32,1,0.04619283229112625,0.9538071751594543
s51,33,0,0.9976678490638733,0.002332087140530348
s51,34,1,0.00011457796063041314,0.9998854398727417
s51,35,1,0.9500618577003479,0.04993818700313568
s51,36,0,0.9931633472442627,0.006836699787527323
s51,37,1,0.0016698860563337803,0.9983301758766174
s51,38,1,0.0036246839445084333,0.9963752627372742
s51,39,0,0.999170184135437,0.0008298540487885475
s51,40,1,8.914329373510554e-05,0.999910831451416
s51,41,0,0.8845111131668091,0.11548883467912674
s51,42,0,0.9991379976272583,0.0008620149455964565
s51,43,1,0.0005166165647096932,0.9994833469390869
s51,44,0,0.4748237431049347,0.5251762866973877
s51,45,0,0.8251436352729797,0.17485636472702026
s51,46,1,0.010857462882995605,0.9891424775123596
s51,47,0,0.006713354028761387,0.993286669254303
s51,48,1,0.0005731116398237646,0.9994269609451294
s51,49,1,0.3296484649181366,0.6703515648841858
s52,0,1,2.421567387500545e-06,0.999997615814209
s52,1,1,0.00701100192964077,0.9929889440536499
s52,2,1,0.23272421956062317,0.7672758102416992
s52,3,1,0.4584115445613861,0.5415884852409363
s52,4,0,0.004847232718020678,0.9951527118682861
s52,5,1,0.9956307411193848,0.004369261674582958
s52,6,1,0.9616115689277649,0.038388438522815704
s52,7,0,0.000697592506185174,0.9993023872375488
s52,8,1,0.999920129776001,7.99096524133347e-05
s52,9,1,3.162930443068035e-05,0.999968409538269
s52,10,1,0.9819443225860596,0.018055634573101997
s52,11,0,0.2881714403629303,0.7118285894393921
s52,12,1,0.0031609628349542618,0.9968390464782715
s52,13,0,0.9998642206192017,0.0001357264118269086
s52,14,0,0.9920164346694946,0.007983583025634289
s52,15,1,0.39286839962005615,0.6071316003799438
s52,16,0,0.001060719252564013,0.9989393353462219
s52,17,0,0.9999263286590576,7.360853487625718e-05
s52,18,1,0.9968987703323364,0.0031012296676635742
s52,19,0,0.9877689480781555,0.012231005355715752
s52,20,0,0.9999451637268066,5.487137968884781e-05
s52,21,0,0.9809123873710632,0.019087567925453186
s52,22,0,0.9998360872268677,0.00016390657401643693
s52,23,1,0.9994096755981445,0.0005902826669625938
s52,24,1,0.9934679865837097,0.006532063242048025
s52,25,0,0.9668498635292053,0.033150140196084976
s52,26,1,0.9998983144760132,0.00010161655518459156
s52,27,1,0.9929901361465454,0.007009896915405989
s52,28,0,0.6634812355041504,0.3365188241004944
s52,29,0,0.9990741014480591,0.0009259308571927249
s52,30,1,0.00492909224703908,0.9950709342956543
s52,31,1,0.48127481341362,0.5187252163887024
s52,32,1,0.9998960494995117,0.00010388134251115844
s52,33,1,0.9999091625213623,9.084743942366913e-05
s52,34,0,0.9991760849952698,0.0008238990558311343
s52,35,0,0.99916672706604,0.0008332898723892868
s52,36,1,0.00023357573081739247,0.9997664093971252
s52,37,1,0.998140811920166,0.0018591488478705287
s52,38,0,0.9993776679039001,0.0006223194650374353
s52,39,0,0.20781104266643524,0.7921890020370483
s52,40,1,0.8535579442977905,0.14644207060337067
s52,41,1,0.9995846152305603,0.0004153428308200091
s52,42,0,0.9892392158508301,0.010760816745460033
s52,43,1,0.5936512351036072,0.40634873509407043
s52,44,0,0.9998177886009216,0.0001822499616537243
s52,45,0,0.008536449633538723,0.9914636015892029
s52,46,0,0.9998695850372314,0.00013038665929343551
s52,47,1,0.9832494258880615,0.016750600188970566
s52,48,0,0.2241211086511612,0.77587890625
s52,49,0,0.9999114274978638,8.862221875460818e-05
s53,0,0,0.9990002512931824,0.0009997835149988532
s53,1,1,0.051822710782289505,0.9481772780418396
s53,2,0,0.9999016523361206,9.829679038375616e-05
s53,3,0,0.9999719858169556,2.8054813810740598e-05
s53,4,1,0.9499610066413879,0.05003897100687027
s53,5,0,0.9999326467514038,6.73546310281381e-05
s53,6,1,0.9987227320671082,0.001277240109629929
s53,7,0,0.999811589717865,0.00018837722018361092
s53,8,0,0.9998947381973267,0.00010524615208851174
s53,9,0,0.01944943517446518,0.9805505275726318
s53,10,1,0.001214239397086203,0.9987857937812805
s53,11,0,0.9999200105667114,7.99747504061088e-05
s53,12,0,0.9998985528945923,0.00010147499415325001
s53,13,1,0.5208222270011902,0.47917771339416504
s53,14,1,0.9996277093887329,0.0003722273977473378
s53,15,1,0.015484409406781197,0.9845155477523804
s53,16,1,0.0001648545148782432,0.9998351335525513
s53,17,1,0.0009756265208125114,0.9990243911743164
s53,18,1,0.0002777358458843082,0.9997223019599915
s53,19,0,0.999955415725708,4.457208342500962e-05
s53,20,0,0.9896771907806396,0.010322783142328262
s53,21,1,0.954474151134491,0.04552583768963814
s53,22,1,0.007291955407708883,0.9927080273628235
s53,23,1,0.0004479145281948149,0.9995520710945129
s53,24,1,0.0007841344922780991,0.999215841293335
s53,25,0,0.08615460991859436,0.9138453602790833
s53,26,1,0.35368314385414124,0.6463168263435364
s53,27,1,8.84944438439561e-06,0.9999911785125732
s53,28,0,0.9999374151229858,6.260277586989105e-05
s53,29,0,0.9968838095664978,0.0031161177903413773
s53,30,0,0.9896647334098816,0.010335232131183147
s53,31,0,0.9999649524688721,3.505466156639159e-05
s53,32,1,0.11152953654527664,0.8884705305099487
s53,33,0,0.9998193383216858,0.00018073989485856146
s53,34,0,0.9999985694885254,1.3847701438862714e-06
s53,35,0,0.9974628686904907,0.0025371427182108164
s53,36,0,0.9995137453079224,0.00048624936607666314
s53,37,1,0.9748060703277588,0.02519393339753151
s53,38,1,0.9920216202735901,0.00797842163592577
s53,39,1,0.0074037532322108746,0.9925962686538696
s53,40,0,0.9999884366989136,1.1534754776221234e-05
s53,41,0,0.9999977350234985,2.3191223590401933e-06
s53,42,1,0.9937864542007446,0.0062135495245456696
s53,43,1,0.013825674541294575,0.9861743450164795
s53,44,1,0.5728065371513367,0.42719346284866333
s53,45,1,0.007418148685246706,0.992581844329834
s53,46,0,0.9998250603675842,0.00017493838095106184
s53,47,1,4.203269782010466e-05,0.9999579191207886
s53,48,0,0.999998927116394,1.0840554978130967e-06
s53,49,1,0.9955606460571289,0.004439393058419228
s54,0,0,0.9992148876190186,0.0007851260015740991
s54,1,1,1.6223075363086537e-06,0.9999983310699463
s54,2,0,0.9980448484420776,0.001955190673470497
s54,3,0,0.975395143032074,0.02460489422082901
s54,4,1,0.09414352476596832,0.9058564901351929
s54,5,1,4.293998790672049e-05,0.9999570846557617
s54,6,0,0.1917417198419571,0.8082582950592041
s54,7,1,0.9908762574195862,0.009123671799898148
s54,8,1,0.9359463453292847,0.06405366957187653
s54,9,0,0.9981687068939209,0.0018312311731278896
s54,10,1,0.22191764414310455,0.7780823707580566
s54,11,0,0.01644936390221119,0.9835506677627563
s54,12,0,0.9890605211257935,0.01093951053917408
s54,13,0,0.9927252531051636,0.007274724077433348
s54,14,1,0.00013419230526778847,0.9998657703399658
s54,15,1,1.1827096386696212e-06,0.9999988079071045
s54,16,0,0.995625376701355,0.004374553915113211
s54,17,1,0.43337586522102356,0.5666241645812988
s54,18,1,0.9460954070091248,0.05390453711152077
s54,19,1,0.9641233682632446,0.03587668016552925
s54,20,0,0.05139200761914253,0.9486080408096313
s54,21,1,0.9571413397789001,0.04285865277051926
s54,22,0,0.7471807599067688,0.2528192698955536
s54,23,1,1.8457567421137355e-05,0.9999815225601196
s54,24,1,0.0005581380100920796,0.9994418025016785
s54,25,1,0.0002511209459044039,0.9997488856315613
s54,26,1,0.3875561058521271,0.6124439239501953
s54,27,0,0.959657609462738,0.04034239053726196
s54,28,1,0.00012516003334894776,0.9998748302459717
s54,29,1,0.9849435687065125,0.015056383796036243
s54,30,1,0.0001173727578134276,0.9998825788497925
s54,31,1,0.9991908669471741,0.0008090991759672761
s54,32,1,0.9833182096481323,0.016681745648384094
s54,33,0,8.39590541090729e-07,0.9999991655349731
s54,34,1,1.0,4.887687410359831e-08
s54,35,1,0.011346668936312199,0.9886533617973328
s54,36,0,0.9995680451393127,0.0004319189756643027
s54,37,0,0.999830961227417,0.000168980797752738
s54,38,0,0.7359721064567566,0.2640278935432434
s54,39,0,0.0608467198908329,0.939153254032135
s54,40,0,0.7929093241691589,0.20709069073200226
s54,41,1,0.5837393999099731,0.41626057028770447
s54,42,1,9.838441656029318e-06,0.9999901056289673
s54,43,0,0.6374703645706177,0.36252960562705994
s54,44,1,0.9884765148162842,0.011523500084877014
s54,45,0,0.02529863826930523,0.9747013449668884
s54,46,1,0.9891968369483948,0.01080315001308918
s54,47,0,0.9912828207015991,0.008717192336916924
s54,48,1,0.0019484375370666385,0.9980515241622925
s54,49,1,0.9953659772872925,0.00463404506444931
