subject_id,trial_id,label,p0,p1
s01,0,1,0.1422087699174881,0.8577912449836731
s01,1,0,0.935021698474884,0.06497827172279358
s01,2,1,0.11164640635251999,0.8883535265922546
s01,3,0,0.9965295195579529,0.0034704976715147495
s01,4,0,0.6341461539268494,0.365853875875473
s01,5,1,0.06433489173650742,0.9356650710105896
s01,6,0,0.9999983310699463,1.613863673810556e-06
s01,7,1,0.9753845930099487,0.024615425616502762
s01,8,1,0.8861753940582275,0.11382463574409485
s01,9,0,0.999596893787384,0.00040313071804121137
s01,10,0,0.0021216794848442078,0.9978783130645752
s01,11,0,0.8885371088981628,0.11146287620067596
s01,12,1,0.00012211635475978255,0.9998778104782104
s01,13,1,0.8615328073501587,0.1384672075510025
s01,14,0,0.3580637276172638,0.6419363021850586
s01,15,0,0.9997005462646484,0.00029952896875329316
s01,16,1,0.00042629297240637243,0.9995736479759216
s01,17,0,0.001406000810675323,0.9985939860343933
s01,18,1,0.001447135815396905,0.9985528588294983
s01,19,1,0.003135561477392912,0.996864378452301
s01,20,0,0.9997311234474182,0.0002688399108592421
s01,21,0,0.9906212091445923,0.009378784336149693
s01,22,0,0.9999909400939941,9.08184392756084e-06
s01,23,1,0.00042398617370054126,0.9995760321617126
s01,24,1,6.210693754837848e-07,0.9999994039535522
s01,25,0,0.9405888915061951,0.05941114202141762
s01,26,0,0.7133423686027527,0.2866576313972473
s01,27,1,0.999923825263977,7.615758659085259e-05
s01,28,1,0.9990798234939575,0.0009201316861435771
s01,29,1,0.033242788165807724,0.9667571783065796
s01,30,1,0.0010313238017261028,0.9989687204360962
s01,31,0,0.10010819882154465,0.8998917937278748
s01,32,0,7.413136336253956e-05,0.9999258518218994
s01,33,0,0.9949043989181519,0.005095643922686577
s01,34,0,0.992631196975708,0.007368821185082197
s01,35,1,0.14561015367507935,0.8543898463249207
s01,36,0,1.2781545266626892e-10,1.0
s01,37,1,0.0007397565641440451,0.9992602467536926
s01,38,1,4.825523092222284e-07,0.9999995231628418
s01,39,0,0.9999986886978149,1.2975074241694529e-06
s01,40,1,0.9931284189224243,0.006871546618640423
s01,41,0,0.9224662184715271,0.07753380388021469
s01,42,1,3.654984902823344e-05,0.9999634027481079
s01,43,0,0.9999634027481079,3.663618554128334e-05
s01,44,0,0.9850756525993347,0.014924298971891403
s01,45,0,0.9275257587432861,0.07247424870729446
s01,46,1,0.014063944108784199,0.9859360456466675
s01,47,1,0.8594599962234497,0.1405400037765503
s01,48,0,0.9999963045120239,3.7234703995636664e-06
s01,49,1,0.06177929416298866,0.938220739364624
s02,0,1,0.9351537823677063,0.06484618782997131
s02,1,1,0.9902864694595337,0.00971346627920866
s02,2,1,0.2334003448486328,0.7665996551513672
s02,3,0,0.9730858206748962,0.026914210990071297
s02,4,1,0.3318629860877991,0.6681369543075562
s02,5,1,0.9907283782958984,0.009271666407585144
s02,6,0,0.8776501417160034,0.12234983593225479
s02,7,1,0.03723355010151863,0.9627664089202881
s02,8,0,0.957823634147644,0.042176343500614166
s02,9,0,0.9999986886978149,1.2634114909815253e-06
s02,10,1,0.9938135147094727,0.006186424754559994
s02,11,0,0.993128776550293,0.006871202029287815
s02,12,0,0.999718964099884,0.0002810411970131099
s02,13,0,0.995424211025238,0.004575751256197691
s02,14,1,0.9989660978317261,0.001033897278830409
s02,15,0,0.9894614815711975,0.010538559406995773
s02,16,0,0.5916492938995361,0.40835070610046387
s02,17,0,0.27366170287132263,0.726338267326355
s02,18,1,0.027327874675393105,0.9726721048355103
s02,19,1,0.00012796655937563628,0.9998719692230225
s02,20,1,0.036065537482500076,0.9639344811439514
s02,21,0,0.9999998807907104,1.6621692111584707e-07
s02,22,0,0.9954699277877808,0.0045300680212676525
s02,23,1,0.7174403071403503,0.28255969285964966
s02,24,0,0.012610597535967827,0.9873894453048706
s02,25,1,0.1842619776725769,0.8157380819320679
s02,26,1,0.9954010248184204,0.004598990548402071
s02,27,0,0.9660419821739197,0.033958081156015396
s02,28,1,0.007084094453603029,0.9929158687591553
s02,29,0,0.4033413231372833,0.5966586470603943
s02,30,0,0.9997952580451965,0.00020480684179347008
s02,31,0,0.9003693461418152,0.09963062405586243
s02,32,0,0.9802723526954651,0.019727623090147972
s02,33,1,0.004429519642144442,0.9955704808235168
s02,34,1,0.9386829733848572,0.06131706014275551
s02,35,1,0.006066661328077316,0.993933379650116
s02,36,0,0.9919573068618774,0.008042722940444946
s02,37,0,0.9977447986602783,0.0022552793379873037
s02,38,1,0.001872739288955927,0.998127281665802
s02,39,0,0.9933415055274963,0.006658480037003756
s02,40,0,0.9999657869338989,3.415586252231151e-05
s02,41,1,0.11201022565364838,0.8879898190498352
s02,42,1,0.3123323321342468,0.687667727470398
s02,43,0,0.34211254119873047,0.6578873991966248
s02,44,1,0.5552120804786682,0.4447878897190094
s02,45,0,0.9988956451416016,0.0011042903643101454
s02,46,1,0.4487924575805664,0.5512075424194336
s02,47,1,0.010224595665931702,0.9897754192352295
s02,48,0,0.220617413520813,0.779382586479187
s02,49,0,0.9999998807907104,1.1397402488455555e-07
s03,0,1,0.9508320093154907,0.04916802793741226
s03,1,0,0.34379538893699646,0.6562046408653259
s03,2,1,0.357209712266922,0.6427903175354004
s03,3,0,0.9999996423721313,3.7929788732071756e-07
s03,4,0,0.4127095937728882,0.5872904062271118
s03,5,1,0.9960018992424011,0.0039980653673410416
s03,6,0,0.9943992495536804,0.005600734148174524
s03,7,1,0.0007304275059141219,0.9992695450782776
s03,8,0,0.9999997615814209,2.201205830942854e-07
s03,9,1,0.16942843794822693,0.8305715322494507
s03,10,0,1.0,1.3233782125698923e-11
s03,11,1,0.9650409817695618,0.034959085285663605
s03,12,0,0.9998223185539246,0.00017765616939868778
s03,13,0,0.04295206069946289,0.9570478796958923
s03,14,0,0.0022475863806903362,0.9977523684501648
s03,15,0,0.9999452829360962,5.47642630408518e-05
s03,16,0,0.37546443939208984,0.6245355606079102
s03,17,1,0.005282015074044466,0.9947180151939392
s03,18,0,7.700235073571093e-06,0.9999922513961792
s03,19,1,0.9223583936691284,0.07764162868261337
s03,20,1,0.0015496808337047696,0.9984502792358398
s03,21,1,0.9988662004470825,0.001133764279074967
s03,22,0,0.9979422688484192,0.0020577122922986746
s03,23,1,0.9850378632545471,0.01496216095983982
s03,24,0,0.9854052662849426,0.0145947877317667
s03,25,1,3.9328810430561134e-07,0.9999996423721313
s03,26,1,8.315221748489421e-06,0.9999916553497314
s03,27,0,0.0008984375162981451,0.9991016387939453
s03,28,0,1.0,8.506776012773276e-12
s03,29,1,0.6043322682380676,0.39566770195961
s03,30,0,0.9998250603675842,0.0001750271621858701
s03,31,0,0.25581321120262146,0.7441868185997009
s03,32,0,0.9989116191864014,0.0010883501963689923
s03,33,0,0.9998703002929688,0.00012962774781044573
s03,34,1,0.9995555281639099,0.00044442800572142005
s03,35,1,7.88686179475917e-07,0.9999991655349731
s03,36,0,0.9036056995391846,0.09639434516429901
s03,37,1,0.0014255564892664552,0.9985743761062622
s03,38,0,0.9999901056289673,9.872051123238634e-06
s03,39,1,0.001120524713769555,0.9988794922828674
s03,40,1,7.033598376438022e-05,0.999929666519165
s03,41,1,0.03383094072341919,0.966168999671936
s03,42,1,0.0005427136202342808,0.9994572997093201
s03,43,1,0.012060095556080341,0.9879399538040161
s03,44,1,0.9999926090240479,7.3372484621359035e-06
s03,45,0,0.9999997615814209,1.9363076830813952e-07
s03,46,0,0.9999805688858032,1.944872383319307e-05
s03,47,1,1.0361142130932421e-06,0.999998927116394
s03,48,1,0.2854081690311432,0.7145918607711792
s03,49,0,0.8729053139686584,0.12709471583366394
s04,0,1,0.17667299509048462,0.8233270049095154
s04,1,0,0.8775424957275391,0.12245748937129974
s04,2,1,1.0720150811494022e-07,0.9999998807907104
s04,3,1,1.1991077997208777e-07,0.9999998807907104
s04,4,0,0.9999995231628418,5.164642971067224e-07
s04,5,1,1.0626282839765189e-11,1.0
s04,6,0,1.0,2.5285679106090697e-10
s04,7,1,5.689641469075468e-08,1.0
s04,8,1,1.2475558086588734e-10,1.0
s04,9,0,1.0,5.5310223956439586e-08
s04,10,1,3.4304125620110426e-06,0.999996542930603
s04,11,1,4.40776460663983e-07,0.9999995231628418
s04,12,0,0.7077649235725403,0.2922351062297821
s04,13,1,7.271361898014694e-12,1.0
s04,14,0,0.9999982118606567,1.8242632222609245e-06
s04,15,1,0.00023626394977327436,0.9997637867927551
s04,16,0,1.0,2.1599446189957128e-11
s04,17,0,0.9999990463256836,9.458215117774671e-07
s04,18,1,2.255872377787682e-09,1.0
s04,19,1,3.980520774105045e-11,1.0
s04,20,0,1.0,2.2826053547309044e-11
s04,21,0,1.0,2.474644871886065e-16
s04,22,0,0.9404302835464478,0.05956976115703583
s04,23,0,1.0,1.1475073335986963e-08
s04,24,0,0.9987706542015076,0.0012293719919398427
s04,25,0,1.0,1.0347933621090988e-09
s04,26,1,7.869526558179629e-11,1.0
s04,27,1,2.8010463211103342e-06,0.9999972581863403
s04,28,1,7.393028897406673e-12,1.0
s04,29,0,1.0,1.4415267868272963e-09
s04,30,1,5.47318483937187e-13,1.0
s04,31,1,0.9997310042381287,0.00026897501084022224
s04,32,1,2.5540232400089735e-06,0.9999974966049194
s04,33,1,2.625828798841212e-08,1.0
s04,34,0,0.9996844530105591,0.0003156095917802304
s04,35,0,1.0,5.902716981864842e-09
s04,36,0,1.0,1.1645517015990148e-11
s04,37,1,3.78881765072947e-07,0.9999996423721313
s04,38,1,1.5544031339853603e-11,1.0
s04,39,1,0.0004024518420919776,0.9995976090431213
s04,40,0,1.0,6.527987872484431e-11
s04,41,0,0.9996538162231445,0.00034614201285876334
s04,42,0,1.0,5.96282051512631e-11
s04,43,0,1.0,8.024708675336001e-11
s04,44,1,1.4754519828130697e-10,1.0
s04,45,1,1.0744284736574627e-05,0.9999892711639404
s04,46,0,1.0,6.333466737173943e-12
s04,47,0,1.0,5.728439234076177e-08
s04,48,0,0.9960172772407532,0.0039826612919569016
s04,49,0,0.2819248139858246,0.718075156211853
s05,0,1,1.0726112122938503e-05,0.9999892711639404
s05,1,1,0.4952661097049713,0.5047338604927063
s05,2,1,3.727726183289093e-10,1.0
s05,3,0,0.9999998807907104,1.0060858102178827e-07
s05,4,0,0.5443307757377625,0.45566922426223755
s05,5,1,2.1727621438150102e-11,1.0
s05,6,0,1.0,2.712470759409628e-15
s05,7,0,0.9999985694885254,1.480724790781096e-06
s05,8,1,3.718098691343069e-13,1.0
s05,9,0,1.0,2.2476197986120994e-11
s05,10,0,1.0,5.453839273855913e-37
s05,11,1,6.862597729195841e-06,0.999993085861206
s05,12,0,1.0,4.092874927863477e-09
s05,13,1,4.788102136998873e-10,1.0
s05,14,0,1.0,5.517187401382628e-12
s05,15,1,0.4745396077632904,0.525460422039032
s05,16,0,0.0005752985598519444,0.9994246959686279
s05,17,1,1.272064537038986e-10,1.0
s05,18,0,1.0,3.32574595956735e-16
s05,19,0,0.0831475630402565,0.9168524146080017
s05,20,1,2.0740482942205318e-10,1.0
s05,21,1,0.07466524094343185,0.9253346920013428
s05,22,1,0.0001138966836151667,0.9998860359191895
s05,23,0,9.749204537001788e-07,0.9999990463256836
s05,24,1,0.04482230171561241,0.9551776647567749
s05,25,1,5.267986906616097e-14,1.0
s05,26,0,0.9999969005584717,3.1242134355125017e-06
s05,27,1,7.435477527906187e-06,0.9999926090240479
s05,28,0,1.0,6.1861403823635416e-15
s05,29,1,4.3174929942324525e-07,0.9999995231628418
s05,30,1,3.409820692468202e-07,0.9999996423721313
s05,31,1,0.00010638391540851444,0.9998935461044312
s05,32,0,1.0,5.377991829647044e-09
s05,33,0,1.0,1.6028497634517323e-14
s05,34,1,1.3477766458436236e-07,0.9999998807907104
s05,35,0,0.0002654592681210488,0.9997345805168152
s05,36,0,1.0,2.40769838961985e-12
s05,37,1,0.2509377598762512,0.7490622401237488
s05,38,0,1.0,2.3823945038969896e-09
s05,39,0,0.9999997615814209,2.4995838998620457e-07
s05,40,0,1.0,2.3518840208680558e-08
s05,41,1,0.9999984502792358,1.5407426872116048e-06
s05,42,1,0.850275993347168,0.14972399175167084
s05,43,0,0.9870370626449585,0.012962923385202885
s05,44,0,3.2580768679881184e-15,1.0
s05,45,0,1.0,4.8587430967472756e-08
s05,46,1,7.481959496402624e-12,1.0
s05,47,0,0.9998056292533875,0.00019444330246187747
s05,48,1,0.00012871087528765202,0.9998712539672852
s05,49,0,0.9997408986091614,0.00025909478426910937
s06,0,1,0.1753801703453064,0.8246198892593384
s06,1,1,1.3411325198831037e-05,0.9999865293502808
s06,2,1,0.0008434022311121225,0.9991565942764282
s06,3,1,0.8084319233894348,0.19156807661056519
s06,4,0,0.9997703433036804,0.00022960496426094323
s06,5,1,0.012841085903346539,0.9871588945388794
s06,6,0,0.959739089012146,0.040260978043079376
s06,7,1,0.9770402908325195,0.022959720343351364
s06,8,1,0.0004489102284424007,0.9995511174201965
s06,9,0,0.2566996216773987,0.7433003187179565
s06,10,1,0.015222909860312939,0.9847770929336548
s06,11,0,0.7541269659996033,0.24587303400039673
s06,12,0,0.9954836368560791,0.0045163994655013084
s06,13,0,0.013015896081924438,0.986984133720398
s06,14,0,0.9999477863311768,5.2236726332921535e-05
s06,15,0,0.9998418092727661,0.00015811188495717943
s06,16,1,0.8341330885887146,0.165866881608963
s06,17,1,0.9999861717224121,1.3882033272238914e-05
s06,18,1,0.33500468730926514,0.6649953126907349
s06,19,0,0.994046688079834,0.005953269544988871
s06,20,1,0.2632238268852234,0.7367761731147766
s06,21,0,0.9997867941856384,0.00021322659449651837
s06,22,1,0.004221233073621988,0.9957787990570068
s06,23,1,0.03283669799566269,0.9671633243560791
s06,24,1,0.0031782311853021383,0.9968217611312866
s06,25,0,0.9997557997703552,0.00024422022397629917
s06,26,0,0.9786352515220642,0.021364739164710045
s06,27,0,0.27816054224967957,0.7218394875526428
s06,28,0,0.9988099336624146,0.0011900528334081173
s06,29,0,0.9875982403755188,0.012401724234223366
s06,30,1,0.5025771260261536,0.49742287397384644
s06,31,1,0.23220326006412506,0.7677967548370361
s06,32,1,0.9986274242401123,0.0013726170873269439
s06,33,0,0.0557606965303421,0.9442393183708191
s06,34,0,5.0441030907677487e-05,0.99994957447052
s06,35,0,0.9995991587638855,0.0004008580872323364
s06,36,1,0.45431292057037354,0.5456870794296265
s06,37,0,0.5420147776603699,0.45798519253730774
s06,38,1,0.07498351484537125,0.925016462802887
s06,39,0,0.9954633116722107,0.004536647815257311
s06,40,0,0.9896816611289978,0.010318390093743801
s06,41,0,0.9967778325080872,0.0032221812289208174
s06,42,1,0.18574945628643036,0.8142505884170532
s06,43,1,0.00022035323490854353,0.9997796416282654
s06,44,1,0.981713593006134,0.018286405131220818
s06,45,1,0.0052545154467225075,0.9947454929351807
s06,46,0,0.28964415192604065,0.7103558778762817
s06,47,0,0.9999498128890991,5.019774107495323e-05
s06,48,0,0.03734639659523964,0.962653636932373
s06,49,0,0.9766342043876648,0.02336578629910946
s07,0,0,0.2905372679233551,0.7094627618789673
s07,1,0,0.011784082278609276,0.9882159233093262
s07,2,0,0.6005375981330872,0.39946243166923523
s07,3,1,0.3309478759765625,0.6690521240234375
s07,4,1,0.028973225504159927,0.9710267782211304
s07,5,1,0.8749619722366333,0.1250380277633667
s07,6,0,0.45074698328971863,0.5492530465126038
s07,7,1,0.9383081197738647,0.06169184669852257
s07,8,1,0.04943208023905754,0.9505679607391357
s07,9,1,0.9827038645744324,0.01729607582092285
s07,10,0,0.0705987885594368,0.9294012188911438
s07,11,1,0.021523937582969666,0.9784760475158691
s07,12,0,0.01754944398999214,0.982450544834137
s07,13,1,0.7186755537986755,0.2813244163990021
s07,14,1,0.9763090014457703,0.023691048845648766
s07,15,0,0.8181366324424744,0.18186336755752563
s07,16,1,0.19000592827796936,0.8099940419197083
s07,17,1,0.2432757169008255,0.7567242980003357
s07,18,1,0.4143580198287964,0.5856419801712036
s07,19,1,0.013720506802201271,0.9862794876098633
s07,20,0,0.06883101165294647,0.9311689734458923
s07,21,1,0.7688993215560913,0.2311006784439087
s07,22,0,0.6602999567985535,0.33970001339912415
s07,23,0,0.08779539912939072,0.9122046232223511
s07,24,1,0.08727754652500153,0.9127225279808044
s07,25,1,0.013703649863600731,0.9862962961196899
s07,26,0,0.009117573499679565,0.990882396697998
s07,27,0,0.21586190164089203,0.7841381430625916
s07,28,1,0.9421823024749756,0.057817716151475906
s07,29,0,0.011702513322234154,0.9882975220680237
s07,30,0,0.07894574850797653,0.9210541844367981
s07,31,0,0.006375742144882679,0.993624210357666
s07,32,0,0.7944585084915161,0.2055414319038391
s07,33,0,0.9747765064239502,0.025223497301340103
s07,34,0,0.0011367243714630604,0.9988633394241333
s07,35,0,0.8397623896598816,0.1602376252412796
s07,36,0,0.6833586096763611,0.3166414499282837
s07,37,0,0.6449388265609741,0.35506123304367065
s07,38,1,3.143771755276248e-05,0.9999685287475586
s07,39,1,0.11511962860822678,0.8848804235458374
s07,40,1,0.025808604434132576,0.9741913676261902
s07,41,1,0.0004457473405636847,0.9995542168617249
s07,42,0,0.5199254751205444,0.48007452487945557
s07,43,1,0.3290812373161316,0.6709187626838684
s07,44,0,0.02644960768520832,0.9735504388809204
s07,45,0,0.2997130751609802,0.7002869248390198
s07,46,1,0.39921462535858154,0.6007853746414185
s07,47,0,0.0006527288351207972,0.9993472695350647
s07,48,1,0.003610023995861411,0.9963899254798889
s07,49,1,0.07295943051576614,0.9270405173301697
s08,0,1,0.380768746137619,0.6192312240600586
s08,1,1,0.0008472573244944215,0.9991527795791626
s08,2,1,9.866586333373562e-05,0.999901294708252
s08,3,0,1.0,2.972748269769454e-08
s08,4,0,0.9998080134391785,0.00019205127318855375
s08,5,0,0.9960808157920837,0.003919210284948349
s08,6,0,1.0,5.0501164139404864e-08
s08,7,1,0.017499471083283424,0.9825004935264587
s08,8,1,0.9982426166534424,0.001757382764481008
s08,9,0,0.00030300923390313983,0.9996969699859619
s08,10,0,0.5947185158729553,0.4052814841270447
s08,11,1,1.0246355985898958e-09,1.0
s08,12,1,0.9176480174064636,0.08235196769237518
s08,13,1,8.409841833340037e-14,1.0
s08,14,1,0.0023027444258332253,0.9976972937583923
s08,15,0,0.9999936819076538,6.2881513258616906e-06
s08,16,0,0.9997692704200745,0.00023071406758390367
s08,17,0,0.29060783982276917,0.7093921899795532
s08,18,0,0.9999717473983765,2.8226701033418067e-05
s08,19,1,0.313947856426239,0.686052143573761
s08,20,0,0.9999969005584717,3.155191961923265e-06
s08,21,1,0.2912125885486603,0.7087873816490173
s08,22,1,0.9907359480857849,0.009263995103538036
s08,23,0,1.0,5.64892355114921e-10
s08,24,1,7.958104833960533e-05,0.9999203681945801
s08,25,0,0.9999991655349731,8.891053653314884e-07
s08,26,0,0.01887977123260498,0.9811201691627502
s08,27,0,0.9912204146385193,0.008779581636190414
s08,28,0,0.029671818017959595,0.970328152179718
s08,29,0,0.999958872795105,4.112010356038809e-05
s08,30,1,0.5660818815231323,0.4339180588722229
s08,31,1,0.9999988079071045,1.234781620951253e-06
s08,32,1,1.169699089587084e-06,0.9999988079071045
s08,33,1,0.12663021683692932,0.8733698129653931
s08,34,0,0.0021525779739022255,0.9978474378585815
s08,35,0,0.9979538917541504,0.002046076348051429
s08,36,1,0.9989213943481445,0.001078690984286368
s08,37,1,0.0023499818053096533,0.9976499676704407
s08,38,0,0.9738497138023376,0.026150261983275414
s08,39,0,0.9999390840530396,6.09105518378783e-05
s08,40,0,0.9999947547912598,5.185897862247657e-06
s08,41,0,0.7586808204650879,0.2413192093372345
s08,42,1,0.9999998807907104,7.5142942534967e-08
s08,43,1,0.14639857411384583,0.8536014556884766
s08,44,1,0.8721848726272583,0.1278151422739029
s08,45,1,2.541694072988321e-07,0.9999997615814209
s08,46,1,0.17065486311912537,0.829345166683197
s08,47,0,5.1139093066692475e-18,1.0
s08,48,0,0.9999680519104004,3.197833211743273e-05
s08,49,1,1.7967046005651355e-05,0.9999819993972778
s09,0,0,1.0,7.813384939048262e-10
s09,1,0,1.0,3.0508329694999003e-13
s09,2,0,1.0,1.754048193855235e-14
s09,3,0,1.0,1.4959953276161286e-08
s09,4,1,1.45518452843163e-09,1.0
s09,5,1,0.9692350029945374,0.030764980241656303
s09,6,0,1.0,1.0181759435567983e-08
s09,7,1,4.0800006928520816e-08,1.0
s09,8,0,0.9999997615814209,1.9780203786012862e-07
s09,9,0,1.0,5.140042613760443e-09
s09,10,0,1.0,8.327800797049145e-13
s09,11,1,0.9999666213989258,3.338103124406189e-05
s09,12,1,3.718256991191993e-08,1.0
s09,13,0,0.9999998807907104,1.4207596166215808e-07
s09,14,1,8.763270109568566e-10,1.0
s09,15,1,1.592107196302095e-06,0.9999984502792358
s09,16,1,1.2325246245836752e-07,0.9999998807907104
s09,17,0,0.999983549118042,1.6394080375903286e-05
s09,18,0,1.0,9.101363551700103e-10
s09,19,1,4.749337034759549e-10,1.0
s09,20,0,0.2485579401254654,0.7514420747756958
s09,21,1,0.010583838447928429,0.9894161820411682
s09,22,1,0.0290549136698246,0.9709450602531433
s09,23,0,1.0,1.621011880281742e-09
s09,24,1,0.014181563630700111,0.9858184456825256
s09,25,1,0.17008540034294128,0.8299146294593811
s09,26,0,0.9999284744262695,7.147705764509737e-05
s09,27,0,1.0,1.4127253533668949e-10
s09,28,1,5.7088389127102346e-08,1.0
s09,29,0,1.0,1.192475285183292e-11
s09,30,1,1.1674202049505311e-08,1.0
s09,31,1,0.3425830602645874,0.6574168801307678
s09,32,0,0.9999979734420776,1.9713997971848585e-06
s09,33,0,1.0,1.2593986183778716e-12
s09,34,0,1.0,1.9793791605771105e-11
s09,35,0,0.6337271332740784,0.366272896528244
s09,36,1,0.00023223510652314872,0.9997677206993103
s09,37,0,0.9999998807907104,6.214805381432598e-08
s09,38,0,1.0,4.54075488320882e-09
s09,39,1,9.006150321511086e-06,0.9999909400939941
s09,40,1,7.630293112015352e-06,0.9999923706054688
s09,41,1,2.4883513027873505e-09,1.0
s09,42,1,6.126371232539896e-08,0.9999998807907104
s09,43,0,1.0,4.02821970224565e-10
s09,44,0,0.9961203932762146,0.0038795697037130594
s09,45,1,2.7737390162485553e-09,1.0
s09,46,1,9.275822776544373e-06,0.999990701675415
s09,47,1,3.096758613430062e-11,1.0
s09,48,0,0.999998927116394,1.05989920484717e-06
s09,49,0,0.9971528053283691,0.0028471914120018482
s10,0,0,0.5585456490516663,0.4414544105529785
s10,1,1,0.9743552207946777,0.025644736364483833
s10,2,0,0.9989122152328491,0.0010877572931349277
s10,3,1,0.05258837342262268,0.9474115967750549
s10,4,0,0.34065312147140503,0.659346878528595
s10,5,1,0.02956174872815609,0.9704382419586182
s10,6,1,0.003565150545910001,0.9964348077774048
s10,7,1,0.9906181693077087,0.009381846524775028
s10,8,0,0.058465927839279175,0.9415340423583984
s10,9,0,0.0010852525010704994,0.9989147186279297
s10,10,0,0.9623122811317444,0.037687741219997406
s10,11,0,0.9804255366325378,0.01957450434565544
s10,12,1,1.266490016860189e-06,0.9999986886978149
s10,13,1,0.0004035992606077343,0.9995964169502258
s10,14,0,0.9750902652740479,0.02490975148975849
s10,15,1,0.9993302822113037,0.0006697783246636391
s10,16,0,0.25515657663345337,0.7448433637619019
s10,17,1,0.6420913934707642,0.35790857672691345
s10,18,1,0.9905064702033997,0.009493516758084297
s10,19,0,0.22181878983974457,0.7781811952590942
s10,20,1,1.2965837413503323e-05,0.999987006187439
s10,21,0,0.9787271618843079,0.021272830665111542
s10,22,0,0.9999994039535522,6.246214638849779e-07
s10,23,0,0.21874253451824188,0.7812574505805969
s10,24,1,0.03295278549194336,0.9670471549034119
s10,25,0,0.8910168409347534,0.10898321866989136
s10,26,1,0.917594850063324,0.08240518718957901
s10,27,1,5.921484103055263e-07,0.9999994039535522
s10,28,0,0.9983029365539551,0.0016970225842669606
s10,29,1,0.10067994892597198,0.8993200063705444
s10,30,1,0.7911677956581116,0.2088322639465332
s10,31,1,0.45660200715065,0.5433979630470276
s10,32,1,0.2198754996061325,0.7801244258880615
s10,33,0,0.9999595880508423,4.045035893796012e-05
s10,34,0,0.9233999848365784,0.07659997791051865
s10,35,1,0.23968137800693512,0.7603185772895813
s10,36,1,0.9939873218536377,0.006012702826410532
s10,37,1,0.5996845960617065,0.40031543374061584
s10,38,0,0.9999998807907104,1.308876278471871e-07
s10,39,1,2.7828978090838064e-06,0.9999972581863403
s10,40,1,0.9999849796295166,1.5039169738884084e-05
s10,41,1,2.0900894014630467e-05,0.9999791383743286
s10,42,0,0.04786715656518936,0.9521328210830688
s10,43,0,0.358797550201416,0.641202449798584
s10,44,0,0.09340362995862961,0.906596302986145
s10,45,1,2.6795396124157378e-08,1.0
s10,46,0,0.9894271492958069,0.010572843253612518
s10,47,1,0.960574209690094,0.03942584991455078
s10,48,0,0.14429102838039398,0.8557090163230896
s10,49,0,0.999000608921051,0.0009994007414206862
s11,0,1,0.9760052561759949,0.023994697257876396
s11,1,0,0.9999110698699951,8.889025775715709e-05
s11,2,1,0.0012679432984441519,0.9987320303916931
s11,3,1,0.9742039442062378,0.025796104222536087
s11,4,0,0.5046354532241821,0.49536454677581787
s11,5,0,0.9999997615814209,2.2501588148315932e-07
s11,6,1,0.766665518283844,0.2333345115184784
s11,7,1,0.9999911785125732,8.780913049122319e-06
s11,8,0,0.9999991655349731,7.783908131386852e-07
s11,9,1,0.9956569671630859,0.004343070555478334
s11,10,1,0.3217866122722626,0.678213357925415
s11,11,1,0.9990426898002625,0.0009572336566634476
s11,12,1,0.9932990074157715,0.006701021920889616
s11,13,0,5.233279807725921e-06,0.9999947547912598
s11,14,0,0.9997556805610657,0.00024432316422462463
s11,15,0,0.9921895265579224,0.007810492068529129
s11,16,1,0.9931417107582092,0.006858348846435547
s11,17,0,0.5770494937896729,0.42295053601264954
s11,18,0,0.993998646736145,0.006001302041113377
s11,19,1,0.9496504664421082,0.05034960061311722
s11,20,0,0.995195209980011,0.00480476813390851
s11,21,0,0.9762453436851501,0.02375461719930172
s11,22,0,0.9884719848632812,0.011528008617460728
s11,23,0,0.6282628178596497,0.37173721194267273
s11,24,0,0.8853000998497009,0.11469990760087967
s11,25,0,0.9988982677459717,0.0011017401702702045
s11,26,0,0.9995355606079102,0.00046448525972664356
s11,27,0,0.9726951718330383,0.02730482444167137
s11,28,1,0.9927856922149658,0.007214304991066456
s11,29,1,0.9973040819168091,0.002695932984352112
s11,30,0,0.3274114727973938,0.6725885272026062
s11,31,1,0.9999934434890747,6.51025538900285e-06
s11,32,0,0.24207235872745514,0.7579275965690613
s11,33,1,0.9997666478157043,0.00023336714366450906
s11,34,0,0.740010142326355,0.25998979806900024
s11,35,1,0.9985334873199463,0.0014664472546428442
s11,36,1,0.026586400344967842,0.9734136462211609
s11,37,0,0.9999983310699463,1.6241931461991044e-06
s11,38,0,0.999661922454834,0.0003380351699888706
s11,39,1,0.9533876180648804,0.04661234840750694
s11,40,0,0.993565022945404,0.006434909068048
s11,41,1,0.9958353042602539,0.004164687357842922
s11,42,1,0.9998960494995117,0.00010391799878561869
s11,43,1,0.9524361491203308,0.0475638322532177
s11,44,1,0.0002880212268792093,0.9997119307518005
s11,45,0,0.7230283617973328,0.2769716680049896
s11,46,0,0.9997839331626892,0.00021606968948617578
s11,47,1,0.675994873046875,0.3240051865577698
s11,48,1,0.10170283168554306,0.8982971906661987
s11,49,1,0.916261613368988,0.08373831957578659
s12,0,1,0.9897137880325317,0.010286194272339344
s12,1,0,0.8328653573989868,0.16713465750217438
s12,2,0,0.40454503893852234,0.5954549312591553
s12,3,1,0.8984651565551758,0.10153481364250183
s12,4,0,0.6892904043197632,0.3107096254825592
s12,5,0,0.8775942325592041,0.1224057599902153
s12,6,1,0.9999949932098389,4.99604175274726e-06
s12,7,1,0.9989191293716431,0.0010809344239532948
s12,8,1,0.997657060623169,0.002342945197597146
s12,9,1,0.29870128631591797,0.7012986540794373
s12,10,1,0.946074903011322,0.053925029933452606
s12,11,0,0.09758222103118896,0.9024178385734558
s12,12,0,0.9603701829910278,0.03962983936071396
s12,13,1,0.2220465987920761,0.7779534459114075
s12,14,1,0.7627635598182678,0.23723649978637695
s12,15,1,0.964624285697937,0.0353756919503212
s12,16,0,0.9870259165763855,0.012974105775356293
s12,17,1,0.9464518427848816,0.053548168390989304
s12,18,0,0.9999974966049194,2.458223661960801e-06
s12,19,1,0.999794065952301,0.0002059720573015511
s12,20,1,0.9982168078422546,0.0017832232406362891
s12,21,0,0.8719220757484436,0.1280779391527176
s12,22,1,0.7639032602310181,0.23609675467014313
s12,23,1,0.9697120189666748,0.030287962406873703
s12,24,1,0.1773272156715393,0.8226728439331055
s12,25,1,0.0012498688884079456,0.9987500905990601
s12,26,1,0.9658999443054199,0.034100063145160675
s12,27,1,0.8448163270950317,0.15518364310264587
s12,28,1,0.9980877041816711,0.0019122589146718383
s12,29,0,0.9943682551383972,0.0056317816488444805
s12,30,1,0.9466109871864319,0.053389016538858414
s12,31,0,0.9619647860527039,0.038035206496715546
s12,32,1,0.8828665614128113,0.11713337153196335
s12,33,0,0.9721837639808655,0.02781621925532818
s12,34,0,0.9945922493934631,0.005407725926488638
s12,35,1,0.4003095030784607,0.5996904373168945
s12,36,0,0.8158455491065979,0.1841544657945633
s12,37,1,0.9197518825531006,0.08024811744689941
s12,38,0,0.5523654222488403,0.4476345479488373
s12,39,0,0.58000648021698,0.41999348998069763
s12,40,1,0.9996839761734009,0.0003161013300996274
s12,41,1,0.9989293217658997,0.0010706286411732435
s12,42,0,0.5110380053520203,0.48896196484565735
s12,43,1,0.9817737936973572,0.018226217478513718
s12,44,0,0.9924764037132263,0.0075236232951283455
s12,45,0,0.9833855032920837,0.016614440828561783
s12,46,1,0.9993187189102173,0.0006812551291659474
s12,47,0,0.0250878743827343,0.9749121069908142
s12,48,0,0.9774059653282166,0.022594057023525238
s12,49,1,0.9355306029319763,0.06446941196918488
s13,0,0,0.9999996423721313,3.6545213788485853e-07
s13,1,1,0.9271560907363892,0.07284387946128845
s13,2,1,0.9999179840087891,8.200006413972005e-05
s13,3,1,0.9724100232124329,0.02758994698524475
s13,4,1,7.167390867834911e-05,0.99992835521698
s13,5,1,0.9484058618545532,0.05159410461783409
s13,6,1,4.9370075430488214e-05,0.999950647354126
s13,7,0,0.9927553534507751,0.007244668435305357
s13,8,0,0.000240488036070019,0.9997594952583313
s13,9,0,0.9999996423721313,3.2188845011660305e-07
s13,10,0,0.9999932050704956,6.842274615337374e-06
s13,11,0,0.999998927116394,1.0963070735670044e-06
s13,12,0,0.9997382760047913,0.00026170830824412405
s13,13,0,0.038589704781770706,0.9614103436470032
s13,14,1,0.001554152462631464,0.9984459280967712
s13,15,1,0.999998927116394,1.088842395802203e-06
s13,16,0,0.9999996423721313,3.6144186310593795e-07
s13,17,1,0.6468151211738586,0.35318487882614136
s13,18,1,0.20599155128002167,0.7940084338188171
s13,19,1,0.9998811483383179,0.0001188582245958969
s13,20,0,1.0,6.593640021999858e-13
s13,21,1,1.603218713341903e-08,1.0
s13,22,0,0.9996329545974731,0.0003670658334158361
s13,23,0,0.9995869994163513,0.00041295867413282394
s13,24,1,0.0033558160066604614,0.9966442584991455
s13,25,0,0.9999696016311646,3.0350765882758424e-05
s13,26,1,0.008352902717888355,0.9916471242904663
s13,27,0,0.8344606161117554,0.16553939878940582
s13,28,1,3.6989185900893062e-06,0.9999963045120239
s13,29,1,3.227822162443772e-06,0.9999967813491821
s13,30,0,0.7214949727058411,0.27850499749183655
s13,31,1,1.9092294678557664e-06,0.9999980926513672
s13,32,0,0.9999793767929077,2.0590683561749756e-05
s13,33,0,0.9583277702331543,0.0416722446680069
s13,34,0,0.9802455306053162,0.019754480570554733
s13,35,0,0.9979557991027832,0.002044152235612273
s13,36,0,0.9999967813491821,3.271082732680952e-06
s13,37,0,0.7840526103973389,0.21594735980033875
s13,38,1,0.9721091389656067,0.027890877798199654
s13,39,0,0.6358469724655151,0.36415305733680725
s13,40,1,0.0007983483956195414,0.9992017149925232
s13,41,1,0.10064218938350677,0.899357795715332
s13,42,0,0.9997163414955139,0.0002835817576851696
s13,43,1,0.07000909000635147,0.9299908876419067
s13,44,1,0.0016270431224256754,0.9983729124069214
s13,45,1,0.7721521258354187,0.2278478741645813
s13,46,0,0.9996860027313232,0.000314028759021312
s13,47,1,0.8416250348091125,0.15837493538856506
s13,48,0,0.5240867733955383,0.47591325640678406
s13,49,1,3.3267241406065295e-07,0.9999996423721313
s14,0,1,0.954355776309967,0.04564420133829117
s14,1,0,1.0,3.205643750447962e-08
s14,2,0,0.2763606905937195,0.7236393094062805
s14,3,1,0.30258193612098694,0.6974180340766907
s14,4,0,0.9208899736404419,0.07911001145839691
s14,5,0,0.9509077072143555,0.049092356115579605
s14,6,0,6.041845409393565e-12,1.0
s14,7,0,1.0,2.2595501025790554e-09
s14,8,1,0.005681498441845179,0.9943185448646545
s14,9,0,0.0001385176001349464,0.999861478805542
s14,10,1,0.8389197587966919,0.16108021140098572
s14,11,0,0.9998925924301147,0.00010737207776401192
s14,12,1,0.001623615506105125,0.9983763694763184
s14,13,1,0.9749177694320679,0.025082210078835487
s14,14,0,0.9955536723136902,0.0044463444501161575
s14,15,1,6.75416667945683e-05,0.9999324083328247
s14,16,0,0.58078932762146,0.41921067237854004
s14,17,1,2.4411172489635646e-05,0.9999755620956421
s14,18,0,0.9999992847442627,7.736153975201887e-07
s14,19,0,0.9999964237213135,3.630899072959437e-06
s14,20,0,0.9926193356513977,0.0073806289583444595
s14,21,0,0.0019427892984822392,0.9980571866035461
s14,22,1,0.003268106374889612,0.9967318773269653
s14,23,1,5.8858218835666776e-05,0.9999411106109619
s14,24,0,0.9995096921920776,0.0004903158987872303
s14,25,1,0.9789792895317078,0.021020788699388504
s14,26,1,0.17689189314842224,0.8231080770492554
s14,27,1,0.9988868832588196,0.0011131559731438756
s14,28,1,0.15843351185321808,0.8415664434432983
s14,29,0,0.999900221824646,9.978415619116277e-05
s14,30,1,0.3089861273765564,0.6910138726234436
s14,31,0,0.990013599395752,0.009986398741602898
s14,32,0,0.0007487533148378134,0.9992511868476868
s14,33,0,0.9955149292945862,0.0044850450940430164
s14,34,1,0.9996941089630127,0.0003058996226172894
s14,35,0,5.244057965647642e-10,1.0
s14,36,1,0.01450701616704464,0.985493004322052
s14,37,1,0.8812601566314697,0.11873979866504669
s14,38,1,0.05743430182337761,0.9425656199455261
s14,39,0,0.9074329733848572,0.09256704151630402
s14,40,0,0.046426597982645035,0.9535734057426453
s14,41,1,0.005663429852575064,0.9943365454673767
s14,42,1,3.0367910852646673e-08,1.0
s14,43,1,0.0010379803134128451,0.9989620447158813
s14,44,0,0.01256873644888401,0.9874312877655029
s14,45,0,0.9999825954437256,1.744373730616644e-05
s14,46,0,0.1439673900604248,0.85603266954422
s14,47,0,0.9971083998680115,0.0028916040901094675
s14,48,0,0.06386860460042953,0.9361314177513123
s14,49,0,0.9999997615814209,2.526849698369915e-07
s15,0,0,1.0,9.670030516617262e-15
s15,1,0,0.1754981130361557,0.8245019316673279
s15,2,1,0.0008273006533272564,0.9991726279258728
s15,3,1,8.940345287555829e-05,0.9999105930328369
s15,4,1,2.7523803680651326e-08,1.0
s15,5,0,0.9999991655349731,8.324929012815119e-07
s15,6,0,0.04424844682216644,0.9557514786720276
s15,7,0,0.9999886751174927,1.134266858571209e-05
s15,8,1,1.6367351918233908e-06,0.9999983310699463
s15,9,1,4.2424671846674755e-06,0.9999957084655762
s15,10,1,1.4440529882975284e-09,1.0
s15,11,0,1.0,7.604824972876068e-13
s15,12,1,8.253777195932344e-05,0.9999175071716309
s15,13,0,1.0,6.4284081530141535e-12
s15,14,0,0.9998244643211365,0.00017560103151481599
s15,15,0,1.0,9.814452583967181e-10
s15,16,0,1.0,1.063239607468347e-09
s15,17,1,0.0003906915953848511,0.9996092915534973
s15,18,0,1.0,1.237772995210662e-08
s15,19,1,6.137420132290572e-05,0.9999386072158813
s15,20,0,0.041574444621801376,0.9584255218505859
s15,21,1,7.484511677091632e-09,1.0
s15,22,1,0.0006675371550954878,0.9993324875831604
s15,23,0,0.009233279153704643,0.9907667636871338
s15,24,0,0.9929003715515137,0.007099694572389126
s15,25,1,1.9823962471576806e-09,1.0
s15,26,1,0.9999994039535522,5.932901672167645e-07
s15,27,1,1.4391890772458282e-06,0.9999985694885254
s15,28,0,1.0,3.7335201596988554e-09
s15,29,0,1.0,2.359739487145518e-11
s15,30,1,1.3596563519513438e-07,0.9999998807907104
s15,31,0,0.9993566870689392,0.0006432869704440236
s15,32,1,4.945454809557326e-11,1.0
s15,33,1,1.3724828565320202e-12,1.0
s15,34,0,1.0,5.22668530678061e-09
s15,35,0,1.0,5.194870683795927e-13
s15,36,1,0.9979788661003113,0.002021165331825614
s15,37,0,0.9999586343765259,4.13880952692125e-05
s15,38,1,0.9848991632461548,0.015100827440619469
s15,39,0,1.0,2.8964747267323787e-10
s15,40,1,0.03225528076291084,0.967744767665863
s15,41,1,6.884104952753489e-10,1.0
s15,42,1,2.033015334745869e-06,0.9999979734420776
s15,43,1,0.0782729983329773,0.9217270016670227
s15,44,1,0.03491109609603882,0.9650889039039612
s15,45,1,0.0011862274259328842,0.9988137483596802
s15,46,0,1.0,5.533077107600093e-09
s15,47,0,0.9999969005584717,3.0410221825150074e-06
s15,48,0,0.9047546982765198,0.09524530917406082
s15,49,1,0.0013134304899722338,0.9986866116523743
s16,0,0,1.0,1.2842895150133593e-12
s16,1,1,0.4805815815925598,0.5194183588027954
s16,2,1,1.3869926078768913e-05,0.9999861717224121
s16,3,1,0.4235832393169403,0.5764167308807373
s16,4,0,0.9999927282333374,7.271996764757205e-06
s16,5,1,0.4496174156665802,0.5503826141357422
s16,6,1,4.4971329771215096e-05,0.9999550580978394
s16,7,0,0.999992847442627,7.097115485521499e-06
s16,8,0,0.9999997615814209,1.850838486916473e-07
s16,9,1,0.5936031341552734,0.40639689564704895
s16,10,0,1.0,3.1631008923227455e-10
s16,11,1,3.1347973106221616e-08,1.0
s16,12,0,0.9999905824661255,9.402801879332401e-06
s16,13,0,1.0,3.5707387047168027e-10
s16,14,0,0.9999189376831055,8.103112486423925e-05
s16,15,1,0.020342443138360977,0.9796575903892517
s16,16,1,1.3441735973174218e-05,0.9999865293502808
s16,17,0,1.0,4.810949208455817e-11
s16,18,0,0.14195922017097473,0.8580407500267029
s16,19,1,0.017620619386434555,0.9823793768882751
s16,20,1,7.751057637506165e-06,0.9999922513961792
s16,21,1,0.0017564210575073957,0.9982435703277588
s16,22,0,1.0,1.9923274141575575e-09
s16,23,0,0.9999994039535522,5.656276584886655e-07
s16,24,0,1.0,7.958316228240392e-10
s16,25,0,0.9797955751419067,0.02020437642931938
s16,26,0,1.0,1.5178351908673449e-09
s16,27,0,1.0,9.658685526728328e-13
s16,28,0,0.9821212291717529,0.0178786963224411
s16,29,1,0.0002664037165232003,0.9997336268424988
s16,30,1,3.357804700954148e-07,0.9999996423721313
s16,31,1,1.157649967353791e-05,0.9999884366989136
s16,32,1,7.682192517677322e-06,0.9999923706054688
s16,33,1,9.045514889294282e-05,0.999909520149231
s16,34,0,1.0,2.911712815301115e-10
s16,35,0,0.9999992847442627,6.80171467593027e-07
s16,36,1,2.612625848996686e-06,0.9999973773956299
s16,37,1,0.7985133528709412,0.20148666203022003
s16,38,1,8.959867292546164e-10,1.0
s16,39,1,2.4925145281073924e-11,1.0
s16,40,0,0.9571149349212646,0.04288511723279953
s16,41,1,0.0003360133559908718,0.9996639490127563
s16,42,0,0.9999997615814209,2.4791910391286365e-07
s16,43,0,0.9996302127838135,0.000369721936294809
s16,44,1,6.374939687248116e-08,0.9999998807907104
s16,45,0,1.0,2.0808090805957136e-09
s16,46,1,2.9130990242265398e-06,0.9999971389770508
s16,47,0,0.9999966621398926,3.3218211683561094e-06
s16,48,0,0.9999984502792358,1.538661877020786e-06
s16,49,1,5.39524458095797e-12,1.0
s17,0,1,0.15118031203746796,0.8488196730613708
s17,1,1,0.006180828437209129,0.9938191771507263
s17,2,0,0.8526952862739563,0.1473046988248825
s17,3,0,0.9999986886978149,1.2814398360205814e-06
s17,4,1,1.6876196440307467e-08,1.0
s17,5,0,1.0,1.5003585396647368e-12
s17,6,0,0.998940646648407,0.0010593781480565667
s17,7,1,0.24599981307983398,0.754000186920166
s17,8,0,0.999771773815155,0.000228199249249883
s17,9,1,0.996370792388916,0.0036291780415922403
s17,10,1,9.894598042592406e-05,0.9999010562896729
s17,11,0,0.6558759212493896,0.34412404894828796
s17,12,0,0.001259124488569796,0.9987408518791199
s17,13,1,0.17159385979175568,0.8284061551094055
s17,14,1,0.011560720391571522,0.9884392619132996
s17,15,0,0.21024733781814575,0.7897526621818542
s17,16,0,0.42418500781059265,0.5758150219917297
s17,17,0,0.000557360821403563,0.9994426369667053
s17,18,1,0.29642242193222046,0.7035775184631348
s17,19,0,0.9999840259552002,1.5975545466062613e-05
s17,20,1,0.964359700679779,0.03564034029841423
s17,21,0,0.9855623245239258,0.014437657780945301
s17,22,1,0.000155762376380153,0.9998441934585571
s17,23,1,0.0004650428018067032,0.9995349645614624
s17,24,1,0.9999997615814209,1.9425036157372233e-07
s17,25,1,2.896061232604552e-05,0.9999710321426392
s17,26,1,0.0013810060918331146,0.9986189603805542
s17,27,0,0.01209529023617506,0.9879046678543091
s17,28,0,0.9984148740768433,0.0015851560747250915
s17,29,0,0.9999774694442749,2.2478548999060877e-05
s17,30,0,0.9998832941055298,0.00011667198850773275
s17,31,1,0.5432531237602234,0.4567468762397766
s17,32,1,1.694382808636874e-05,0.9999830722808838
s17,33,0,0.9999687671661377,3.1245745049091056e-05
s17,34,0,0.0028431082610040903,0.9971568584442139
s17,35,1,0.9885868430137634,0.01141322124749422
s17,36,0,0.5812292098999023,0.41877079010009766
s17,37,1,3.242953017235095e-09,1.0
s17,38,1,0.0017589376075193286,0.9982410669326782
s17,39,0,0.9476133584976196,0.05238664522767067
s17,40,1,0.055015649646520615,0.9449843168258667
s17,41,1,0.00807259976863861,0.9919273853302002
s17,42,1,0.9887945652008057,0.011205418035387993
s17,43,0,0.44937682151794434,0.5506231784820557
s17,44,0,0.0017801716458052397,0.9982197880744934
s17,45,0,0.9999998807907104,7.73732793390991e-08
s17,46,1,0.8224779367446899,0.17752207815647125
s17,47,1,0.9859265089035034,0.014073517173528671
s17,48,0,0.5916191935539246,0.40838074684143066
s17,49,0,0.0032869642600417137,0.9967130422592163
s18,0,0,0.38503819704055786,0.6149618029594421
s18,1,1,0.044015441089868546,0.9559845924377441
s18,2,0,0.9320240616798401,0.06797593832015991
s18,3,1,0.8762216567993164,0.12377829849720001
s18,4,1,9.174370916298358e-07,0.9999990463256836
s18,5,1,7.425957448958798e-08,0.9999998807907104
s18,6,1,0.5912187695503235,0.4087812304496765
s18,7,0,0.0008538015536032617,0.9991462230682373
s18,8,0,0.97104811668396,0.02895183116197586
s18,9,1,0.9205276966094971,0.07947232574224472
s18,10,1,0.9184443950653076,0.08155560493469238
s18,11,1,0.0029289270751178265,0.9970710277557373
s18,12,0,0.45747217535972595,0.5425277948379517
s18,13,0,0.9610423445701599,0.038957610726356506
s18,14,0,0.7012178897857666,0.2987821400165558
s18,15,0,0.9157863259315491,0.08421369642019272
s18,16,0,0.011210466735064983,0.9887895584106445
s18,17,0,1.4261696378525812e-05,0.9999856948852539
s18,18,1,0.8787410855293274,0.121258944272995
s18,19,0,0.9988503456115723,0.0011496625375002623
s18,20,1,1.534512011858169e-05,0.999984622001648
s18,21,0,0.02361381985247135,0.9763861298561096
s18,22,0,0.6469025611877441,0.35309740900993347
s18,23,1,0.9941067695617676,0.005893281195312738
s18,24,0,0.03926815837621689,0.9607318639755249
s18,25,0,0.8915688395500183,0.10843118280172348
s18,26,1,0.5164808630943298,0.48351913690567017
s18,27,1,0.06974609941244125,0.9302538633346558
s18,28,1,0.004488516598939896,0.995511531829834
s18,29,0,0.00028631064924411476,0.9997137188911438
s18,30,1,0.11554771661758423,0.8844522833824158
s18,31,0,0.9938964247703552,0.006103540770709515
s18,32,1,0.11918763071298599,0.880812406539917
s18,33,0,0.9767757654190063,0.0232242438942194
s18,34,1,6.862381383143656e-07,0.9999992847442627
s18,35,0,1.6421949112555012e-05,0.999983549118042
s18,36,1,0.9983935952186584,0.0016063513467088342
s18,37,1,1.1225176166362871e-07,0.9999998807907104
s18,38,1,0.06215238571166992,0.9378476142883301
s18,39,0,0.9994688630104065,0.0005311493296176195
s18,40,1,0.8429632782936096,0.15703678131103516
s18,41,0,0.999970555305481,2.9391761927399784e-05
s18,42,1,0.9107153415679932,0.08928471058607101
s18,43,1,0.0016278063412755728,0.9983722567558289
s18,44,0,0.9846814870834351,0.015318534336984158
s18,45,0,0.11826182156801224,0.8817381262779236
s18,46,0,0.9934689998626709,0.006530952174216509
s18,47,1,0.00014669653319288045,0.999853253364563
s18,48,1,0.9942223429679871,0.005777602083981037
s18,49,1,0.04532969370484352,0.9546703100204468
s19,0,1,0.09585326164960861,0.9041467308998108
s19,1,1,4.247351171215996e-05,0.9999575614929199
s19,2,0,0.005915713496506214,0.9940842986106873
s19,3,1,2.5780302166822366e-05,0.999974250793457
s19,4,1,0.9995393753051758,0.0004606574948411435
s19,5,1,0.9975813627243042,0.0024185783695429564
s19,6,0,0.9987149238586426,0.0012851286446675658
s19,7,0,1.0,3.816031934888997e-10
s19,8,0,0.9999996423721313,3.224651834443648e-07
s19,9,0,0.9816830158233643,0.018316999077796936
s19,10,0,0.36514320969581604,0.6348568201065063
s19,11,1,0.8583052158355713,0.14169475436210632
s19,12,1,0.9999986886978149,1.2614898423635168e-06
s19,13,0,8.87915120983962e-06,0.9999911785125732
s19,14,1,1.0,3.7256828733234215e-08
s19,15,0,1.0,1.713934238978254e-08
s19,16,0,0.9996546506881714,0.00034531933488324285
s19,17,0,0.9999886751174927,1.128500844060909e-05
s19,18,1,4.059768965447574e-09,1.0
s19,19,1,0.9999912977218628,8.713651368452702e-06
s19,20,1,0.7596318125724792,0.24036814272403717
s19,21,0,0.00013217513333074749,0.9998677968978882
s19,22,0,0.9999758005142212,2.413934635114856e-05
s19,23,1,9.8769681322608e-10,1.0
s19,24,1,2.8644042231462663e-06,0.9999971389770508
s19,25,1,0.8544348478317261,0.1455651968717575
s19,26,0,0.5131131410598755,0.48688679933547974
s19,27,0,0.3012864887714386,0.698713481426239
s19,28,0,0.21531984210014343,0.7846801280975342
s19,29,0,0.9999992847442627,7.292096597666387e-07
s19,30,0,0.9999768733978271,2.307933391421102e-05
s19,31,0,0.2901095151901245,0.7098904848098755
s19,32,1,0.9989504218101501,0.0010496231261640787
s19,33,1,0.019132886081933975,0.9808670878410339
s19,34,0,0.9998735189437866,0.0001264110323973
s19,35,0,0.9989816546440125,0.001018353970721364
s19,36,1,0.9094703793525696,0.09052962809801102
s19,37,1,0.6959276795387268,0.3040723502635956
s19,38,1,0.0001630608894629404,0.9998369216918945
s19,39,1,0.9908697009086609,0.009130246937274933
s19,40,0,0.064608633518219,0.9353913068771362
s19,41,1,0.9999475479125977,5.247197623248212e-05
s19,42,1,0.9999798536300659,2.0125566152273677e-05
s19,43,1,0.9999946355819702,5.4090282901597675e-06
s19,44,0,1.3486935131368227e-05,0.9999865293502808
s19,45,1,0.9998809099197388,0.00011911419278476387
s19,46,1,0.3154866695404053,0.6845133304595947
s19,47,0,0.9999998807907104,9.263424516348095e-08
s19,48,0,0.9996774196624756,0.00032264317269437015
s19,49,1,0.999997615814209,2.4001483325264417e-06
s20,0,1,0.03013642691075802,0.9698635935783386
s20,1,0,0.9979034662246704,0.0020965242292732
s20,2,0,0.05771489441394806,0.9422850608825684
s20,3,0,0.9969178438186646,0.0030822136905044317
s20,4,1,0.005530926864594221,0.9944690465927124
s20,5,0,0.05137711018323898,0.9486229419708252
s20,6,0,0.9998823404312134,0.0001176954319817014
s20,7,0,0.9997758269309998,0.00022415803687181324
s20,8,0,0.2631584107875824,0.73684161901474
s20,9,1,0.000492955616209656,0.9995070695877075
s20,10,1,0.9206568598747253,0.07934317737817764
s20,11,1,0.502551257610321,0.4974486827850342
s20,12,0,0.14935939013957977,0.8506406545639038
s20,13,1,1.0,6.981568795305648e-11
s20,14,0,0.009722137823700905,0.9902778267860413
s20,15,1,0.48455798625946045,0.5154420137405396
s20,16,0,0.9999988079071045,1.1615685480137472e-06
s20,17,1,0.0664311870932579,0.9335688352584839
s20,18,0,0.9909953474998474,0.009004710242152214
s20,19,1,0.17637687921524048,0.8236231207847595
s20,20,1,0.002235754393041134,0.9977642297744751
s20,21,1,0.022942744195461273,0.9770572185516357
s20,22,0,0.0008744517690502107,0.9991255402565002
s20,23,0,0.6833207011222839,0.31667932868003845
s20,24,1,5.444682756206021e-05,0.9999455213546753
s20,25,0,0.9998013377189636,0.00019865849753841758
s20,26,1,0.9999327659606934,6.72069945721887e-05
s20,27,1,0.002277472522109747,0.9977225661277771
s20,28,1,0.7120955586433411,0.2879045009613037
s20,29,1,0.25223836302757263,0.7477616667747498
s20,30,1,0.006733837071806192,0.993266224861145
s20,31,1,0.5790284276008606,0.420971542596817
s20,32,0,0.9390648603439331,0.060935165733098984
s20,33,1,3.0088342555245617e-06,0.9999970197677612
s20,34,1,0.03759852424263954,0.9624015092849731
s20,35,0,0.9996115565299988,0.00038851104909554124
s20,36,0,0.9997311234474182,0.00026881860685534775
s20,37,0,0.8583027124404907,0.14169730246067047
s20,38,1,0.8844636678695679,0.11553636938333511
s20,39,0,6.038074771078095e-13,1.0
s20,40,0,0.995568573474884,0.004431452602148056
s20,41,1,2.5317328824821162e-18,1.0
s20,42,0,0.002194260014221072,0.9978057742118835
s20,43,1,4.993988688838276e-14,1.0
s20,44,0,0.9942600727081299,0.005739898886531591
s20,45,1,0.8645502328872681,0.13544973731040955
s20,46,1,6.938619208085584e-07,0.9999992847442627
s20,47,1,0.0007011175621300936,0.9992988109588623
s20,48,0,0.985480010509491,0.014519918709993362
s20,49,0,0.23304356634616852,0.7669565081596375
s21,0,1,1.8812602320394944e-07,0.9999997615814209
s21,1,1,1.4681325410492718e-05,0.9999853372573853
s21,2,0,0.9999995231628418,4.658587329231523e-07
s21,3,0,0.9999996423721313,3.884693455802335e-07
s21,4,0,0.9999666213989258,3.3409818570362404e-05
s21,5,0,0.9846877455711365,0.015312300063669682
s21,6,1,0.00060516397934407,0.9993947744369507
s21,7,0,0.9682455062866211,0.03175443410873413
s21,8,0,0.9999994039535522,6.026779715284647e-07
s21,9,0,0.9933779835700989,0.006622051354497671
s21,10,1,3.4282413253095e-05,0.9999656677246094
s21,11,0,1.0,3.3394351173221537e-10
s21,12,1,0.8045061230659485,0.1954939067363739
s21,13,1,1.7980748907575617e-06,0.9999982118606567
s21,14,1,0.0023329819086939096,0.9976670742034912
s21,15,1,9.528293048788328e-06,0.9999904632568359
s21,16,1,3.6610856568586314e-08,1.0
s21,17,1,2.989959613231008e-09,1.0
s21,18,1,7.084219877384612e-09,1.0
s21,19,0,1.4718128795720986e-06,0.9999985694885254
s21,20,0,1.0,3.794704284132422e-08
s21,21,0,1.0,1.4118289870523881e-09
s21,22,0,0.9999189376831055,8.109352347673848e-05
s21,23,0,0.9773838520050049,0.02261619083583355
s21,24,0,0.9999997615814209,2.6229812988276535e-07
s21,25,0,1.0,4.820750049150391e-11
s21,26,1,1.7637363214362267e-07,0.9999998807907104
s21,27,1,2.0844176162881922e-07,0.9999997615814209
s21,28,0,0.999992847442627,7.198073490144452e-06
s21,29,0,1.0,3.9255989951747505e-12
s21,30,1,9.395460074301809e-05,0.999906063079834
s21,31,1,6.212672332139846e-08,0.9999998807907104
s21,32,1,0.8573309779167175,0.14266902208328247
s21,33,0,1.0,3.445860541351209e-10
s21,34,1,4.561842814609918e-08,1.0
s21,35,0,0.9999561309814453,4.3871303205378354e-05
s21,36,1,0.9942166805267334,0.005783275235444307
s21,37,0,1.0,2.9861506198542234e-14
s21,38,0,0.9999974966049194,2.5323647605546284e-06
s21,39,1,5.100082489661872e-06,0.9999948740005493
s21,40,1,0.1911783218383789,0.8088216781616211
s21,41,0,0.9999998807907104,1.0156180252351987e-07
s21,42,1,1.4217626187473797e-07,0.9999998807907104
s21,43,1,9.96952076448565e-10,1.0
s21,44,0,0.9997565150260925,0.00024348088481929153
s21,45,1,1.0479647372108047e-08,1.0
s21,46,1,1.5846363510263473e-07,0.9999998807907104
s21,47,0,0.9999998807907104,1.5138900266720157e-07
s21,48,1,1.1939978605823853e-07,0.9999998807907104
s21,49,0,0.999538779258728,0.00046127356472425163
s22,0,0,0.9876519441604614,0.012348063290119171
s22,1,1,0.0007334474357776344,0.9992665648460388
s22,2,0,0.999967098236084,3.2956704671960324e-05
s22,3,1,8.526324108970584e-07,0.9999991655349731
s22,4,1,4.734562821795407e-07,0.9999995231628418
s22,5,1,0.9985581040382385,0.001441841945052147
s22,6,0,0.9734807014465332,0.026519309729337692
s22,7,0,0.9999791383743286,2.0909468730678782e-05
s22,8,1,1.1133159949494598e-09,1.0
s22,9,1,3.406674942141308e-11,1.0
s22,10,1,8.055046782828867e-05,0.9999194145202637
s22,11,1,0.014009501785039902,0.9859905242919922
s22,12,1,0.00023029233852867037,0.9997697472572327
s22,13,1,0.0005597645649686456,0.9994402527809143
s22,14,1,6.205258955560566e-07,0.9999994039535522
s22,15,1,0.0001923272357089445,0.9998076558113098
s22,16,1,1.2479948736654478e-06,0.9999988079071045
s22,17,1,0.000487841316498816,0.9995121955871582
s22,18,1,0.21778197586536407,0.7822180390357971
s22,19,0,1.0,3.712272711453579e-10
s22,20,1,3.904147547473258e-07,0.9999996423721313
s22,21,0,0.03397621586918831,0.9660238027572632
s22,22,0,1.0,4.190512970940518e-15
s22,23,0,0.9236462712287903,0.0763537660241127
s22,24,0,0.9997077584266663,0.0002922118583228439
s22,25,0,0.9501335024833679,0.04986649006605148
s22,26,0,1.0,4.7409511212681554e-12
s22,27,0,0.9991083741188049,0.0008915619691833854
s22,28,0,0.9999997615814209,2.0396147704104806e-07
s22,29,1,0.017720092087984085,0.9822799563407898
s22,30,0,0.9998910427093506,0.0001089652578230016
s22,31,0,0.9999997615814209,2.370095586456955e-07
s22,32,1,3.289658323524236e-09,1.0
s22,33,1,0.00045546898036263883,0.9995445609092712
s22,34,1,7.952828582347138e-07,0.9999991655349731
s22,35,0,1.0,1.952563222218373e-09
s22,36,1,0.0049642943777143955,0.9950357675552368
s22,37,1,0.0689808577299118,0.931019127368927
s22,38,0,0.9999996423721313,4.066126280122262e-07
s22,39,0,0.9999939203262329,6.0511688388942275e-06
s22,40,1,6.705034138576593e-06,0.9999933242797852
s22,41,1,3.6069575344299665e-06,0.9999964237213135
s22,42,0,0.9998977184295654,0.00010223081335425377
s22,43,0,1.0,3.919221108132469e-14
s22,44,0,0.003319451119750738,0.9966805577278137
s22,45,1,0.7035417556762695,0.2964581847190857
s22,46,0,0.9999914169311523,8.594134669692721e-06
s22,47,0,1.0,4.6537341091834605e-08
s22,48,0,0.8543321490287781,0.14566782116889954
s22,49,0,0.9999463558197021,5.361369039746933e-05
s23,0,0,1.0,1.233091961871935e-10
s23,1,0,1.0,2.965651595826513e-12
s23,2,1,1.8262128378410125e-06,0.9999982118606567
s23,3,0,1.0,3.974127416039863e-10
s23,4,0,1.0,7.37703093056652e-11
s23,5,0,1.0,3.15209136569905e-10
s23,6,1,1.055441324615547e-11,1.0
s23,7,0,1.0,1.174825037253413e-08
s23,8,1,5.574420924858714e-09,1.0
s23,9,1,4.410028245360742e-11,1.0
s23,10,0,1.0,4.889225309334666e-12
s23,11,0,1.0,3.2581439716322658e-12
s23,12,0,1.0,9.664697861455629e-12
s23,13,0,1.0,1.5501426531283613e-11
s23,14,0,0.9999908208847046,9.13334861252224e-06
s23,15,0,1.0,2.476283718008676e-12
s23,16,1,2.3896988832206034e-09,1.0
s23,17,0,1.0,8.461256001401907e-12
s23,18,1,2.931701825747979e-10,1.0
s23,19,0,1.0,2.759388377515659e-11
s23,20,0,1.0,1.6343355835335416e-10
s23,21,0,1.0,5.806614078451844e-10
s23,22,1,3.203505516413685e-11,1.0
s23,23,1,8.714037491586168e-09,1.0
s23,24,1,6.0196656548328065e-09,1.0
s23,25,0,1.0,7.810169611738305e-13
s23,26,1,5.746054299038406e-09,1.0
s23,27,1,1.1043855607795194e-07,0.9999998807907104
s23,28,1,5.598019270358634e-10,1.0
s23,29,1,1.656663001226022e-10,1.0
s23,30,0,1.0,1.7481082770567924e-12
s23,31,0,1.0,8.144517178731991e-12
s23,32,0,1.0,2.070779054415446e-14
s23,33,1,2.2263345333950468e-10,1.0
s23,34,1,1.4796200376032687e-10,1.0
s23,35,0,1.0,2.3903211007758607e-11
s23,36,0,1.0,8.13595024684588e-11
s23,37,1,8.444880211788686e-11,1.0
s23,38,1,6.592992818355015e-11,1.0
s23,39,0,1.0,4.576345899454104e-11
s23,40,0,1.0,1.443658526056879e-10
s23,41,1,1.8628067144366156e-10,1.0
s23,42,1,9.538352330196176e-09,1.0
s23,43,1,6.880025882338714e-09,1.0
s23,44,1,1.8951908931086336e-09,1.0
s23,45,1,3.2355371160086577e-10,1.0
s23,46,1,3.049687391509792e-09,1.0
s23,47,1,2.0818728962979094e-09,1.0
s23,48,0,1.0,8.300913428849199e-11
s23,49,1,3.999985231928349e-09,1.0
s24,0,1,9.247990419680718e-06,0.999990701675415
s24,1,0,0.9999099969863892,9.001493890536949e-05
s24,2,1,0.005654267501085997,0.9943457245826721
s24,3,1,0.08229448646306992,0.9177054762840271
s24,4,1,0.014550737105309963,0.9854492545127869
s24,5,0,0.9999816417694092,1.8370483303442597e-05
s24,6,0,0.9997829794883728,0.00021700558136217296
s24,7,0,0.9504655003547668,0.04953448846936226
s24,8,0,1.0,1.4986428098495708e-08
s24,9,1,0.0005571948131546378,0.9994427561759949
s24,10,0,0.9999978542327881,2.1043360902694985e-06
s24,11,0,0.9999924898147583,7.491057203878881e-06
s24,12,0,0.9999988079071045,1.2187385891593294e-06
s24,13,0,0.9975312948226929,0.002468620426952839
s24,14,0,0.9900374412536621,0.009962604381144047
s24,15,1,0.00034566089743748307,0.9996542930603027
s24,16,1,0.0001615094515727833,0.9998384714126587
s24,17,0,1.0,5.681789971845319e-08
s24,18,0,0.9999817609786987,1.820785655581858e-05
s24,19,0,0.9998761415481567,0.00012390203482937068
s24,20,1,0.0008773203007876873,0.999122679233551
s24,21,1,3.421738438191824e-05,0.9999657869338989
s24,22,0,0.9999990463256836,9.4748895662633e-07
s24,23,1,0.0027616943698376417,0.997238278388977
s24,24,1,1.8073265891871415e-05,0.9999818801879883
s24,25,1,3.8634602788079064e-06,0.9999961853027344
s24,26,1,0.0030157677829265594,0.9969841837882996
s24,27,1,2.2902188590023798e-08,1.0
s24,28,0,0.9999958276748657,4.18489162257174e-06
s24,29,0,0.9999957084655762,4.288801846996648e-06
s24,30,1,0.005504680331796408,0.9944953322410583
s24,31,0,1.0,2.8616625513677718e-08
s24,32,0,0.9999995231628418,5.124911126586085e-07
s24,33,1,7.259610157461793e-08,0.9999998807907104
s24,34,1,0.00042556499829515815,0.9995744824409485
s24,35,0,0.9999290704727173,7.093682506820187e-05
s24,36,0,0.9956957101821899,0.00430424464866519
s24,37,1,0.5852630734443665,0.4147369861602783
s24,38,1,1.4588959857064765e-05,0.9999854564666748
s24,39,1,3.049688857004185e-08,1.0
s24,40,0,1.0,6.132325203189737e-11
s24,41,0,0.9997031092643738,0.00029687443748116493
s24,42,1,0.00020420158398337662,0.9997958540916443
s24,43,1,0.4962277412414551,0.5037722587585449
s24,44,0,0.9981671571731567,0.001832804293371737
s24,45,0,0.12558794021606445,0.8744120597839355
s24,46,1,0.00017188364290632308,0.9998281002044678
s24,47,1,0.002340743551030755,0.9976592063903809
s24,48,1,0.011238153092563152,0.988761842250824
s24,49,0,0.9999994039535522,5.580497486334934e-07
s25,0,0,0.9707762002944946,0.029223822057247162
s25,1,0,0.9996886253356934,0.0003113790007773787
s25,2,0,0.797164797782898,0.20283524692058563
s25,3,1,5.5301852626143955e-06,0.9999945163726807
s25,4,0,0.759464681148529,0.24053525924682617
s25,5,1,0.08659571409225464,0.9134042859077454
s25,6,0,0.9995189905166626,0.00048098285333253443
s25,7,1,0.009308095090091228,0.9906918406486511
s25,8,1,0.00019724125741049647,0.9998027682304382
s25,9,0,0.2970276176929474,0.7029723525047302
s25,10,1,0.00012334798520896584,0.9998766183853149
s25,11,0,0.9375469088554382,0.06245313584804535
s25,12,0,0.94808429479599,0.05191568657755852
s25,13,1,1.0220873036814737e-07,0.9999998807907104
s25,14,1,1.4039088682693546e-06,0.9999985694885254
s25,15,0,0.9998620748519897,0.00013790634693577886
s25,16,1,0.0015469033969566226,0.9984531402587891
s25,17,1,0.0015358704840764403,0.9984641075134277
s25,18,1,5.182331369724125e-05,0.9999481439590454
s25,19,1,0.00015402023564092815,0.9998459815979004
s25,20,0,0.9969942569732666,0.003005691571161151
s25,21,0,0.6599802374839783,0.3400197923183441
s25,22,0,0.1767706722021103,0.8232293128967285
s25,23,0,0.9925792813301086,0.007420779205858707
s25,24,0,0.4044608473777771,0.5955390930175781
s25,25,1,0.00013437132292892784,0.9998656511306763
s25,26,1,0.001020107651129365,0.9989798665046692
s25,27,0,0.46600258350372314,0.5339974164962769
s25,28,1,0.006005016155540943,0.9939950108528137
s25,29,1,0.013638130389153957,0.9863618612289429
s25,30,0,0.9630730748176575,0.03692695498466492
s25,31,0,0.9999998807907104,1.2404228755258373e-07
s25,32,0,0.9672689437866211,0.032731007784605026
s25,33,1,5.454315044062241e-08,1.0
s25,34,1,0.0008851687307469547,0.9991148114204407
s25,35,0,0.842561662197113,0.15743829309940338
s25,36,0,0.9996838569641113,0.00031614533509127796
s25,37,1,0.12253547459840775,0.8774644732475281
s25,38,0,0.8180211186408997,0.18197882175445557
s25,39,0,0.0007046416867524385,0.9992953538894653
s25,40,0,0.9983713030815125,0.0016287442995235324
s25,41,1,4.368901941609327e-12,1.0
s25,42,1,0.20999768376350403,0.7900023460388184
s25,43,1,2.23474398808321e-05,0.999977707862854
s25,44,1,0.0012299465015530586,0.9987700581550598
s25,45,0,0.999890923500061,0.00010905861563514918
s25,46,0,0.9999994039535522,5.846716817359265e-07
s25,47,1,5.747097588937322e-07,0.9999994039535522
s25,48,1,0.07197534292936325,0.9280246496200562
s25,49,1,5.665255957865156e-05,0.9999433755874634
s26,0,1,0.1593344807624817,0.8406655192375183
s26,1,1,0.36956286430358887,0.6304371356964111
s26,2,1,1.8379979849214578e-07,0.9999997615814209
s26,3,1,0.00013833463890478015,0.9998615980148315
s26,4,1,0.998011589050293,0.0019883967470377684
s26,5,0,1.0,4.416581766975014e-09
s26,6,1,0.0001950166333699599,0.9998050332069397
s26,7,0,0.002488421741873026,0.997511625289917
s26,8,0,3.918631136912154e-06,0.9999960660934448
s26,9,1,2.413576112303417e-06,0.999997615814209
s26,10,0,0.001508618239313364,0.9984914064407349
s26,11,0,0.2765125334262848,0.7234874367713928
s26,12,1,0.9861859083175659,0.013814113102853298
s26,13,0,0.9999997615814209,2.538971273224888e-07
s26,14,1,2.2649246602668427e-06,0.9999977350234985
s26,15,1,8.594736573286355e-05,0.9999140501022339
s26,16,1,4.410844667290803e-06,0.9999955892562866
s26,17,0,0.9588052034378052,0.041194792836904526
s26,18,1,0.9009479284286499,0.09905211627483368
s26,19,0,0.998599112033844,0.0014009184669703245
s26,20,1,0.994979202747345,0.005020821467041969
s26,21,0,0.0008887681760825217,0.9991112351417542
s26,22,0,0.42491090297698975,0.5750890970230103
s26,23,1,0.0017856487538665533,0.9982143640518188
s26,24,0,0.9847971200942993,0.01520289946347475
s26,25,0,0.08301623910665512,0.9169837832450867
s26,26,1,5.126914402353577e-05,0.9999487400054932
s26,27,1,0.6198488473892212,0.3801511526107788
s26,28,0,0.236392080783844,0.763607919216156
s26,29,0,5.328047336661257e-08,1.0
s26,30,1,4.892378602933123e-12,1.0
s26,31,0,1.0,6.05161976086066e-10
s26,32,0,0.00017358553304802626,0.9998264908790588
s26,33,1,0.00017634347022976726,0.9998236298561096
s26,34,1,1.0284422387485392e-05,0.9999897480010986
s26,35,1,1.0078009182734604e-07,0.9999998807907104
s26,36,0,0.5880537033081055,0.4119463264942169
s26,37,0,5.418137152446434e-05,0.9999457597732544
s26,38,0,0.9996404647827148,0.00035955029306933284
s26,39,1,7.693943572528728e-12,1.0
s26,40,1,0.011004605330526829,0.9889954328536987
s26,41,0,7.828719390090555e-06,0.9999921321868896
s26,42,0,0.9999936819076538,6.2744452407059725e-06
s26,43,1,0.9997385144233704,0.00026143822469748557
s26,44,0,0.9985259175300598,0.0014741240302100778
s26,45,1,0.025695787742733955,0.97430419921875
s26,46,0,0.9998593330383301,0.00014067314623389393
s26,47,1,0.0001119484004448168,0.9998880624771118
s26,48,0,0.9999644756317139,3.5549845051718876e-05
s26,49,0,0.9999405145645142,5.9457102906890213e-05
s27,0,0,0.9925283193588257,0.007471678778529167
s27,1,0,0.5961562991142273,0.4038437306880951
s27,2,1,1.0,6.671756480614022e-10
s27,3,1,2.697043699484425e-09,1.0
s27,4,0,0.9999995231628418,5.246044452178467e-07
s27,5,0,1.0,1.5844466580774985e-12
s27,6,1,0.21498042345046997,0.78501957654953
s27,7,0,0.9998071789741516,0.00019282079301774502
s27,8,0,1.0,5.810059100497256e-10
s27,9,0,0.9999991655349731,8.021030453164713e-07
s27,10,1,1.1886384527315386e-05,0.9999880790710449
s27,11,0,0.9999998807907104,1.3428231682155456e-07
s27,12,0,0.9659269452095032,0.03407307714223862
s27,13,0,2.3079111997503787e-05,0.9999768733978271
s27,14,1,0.02233697846531868,0.9776630401611328
s27,15,1,0.03759672865271568,0.9624032378196716
s27,16,1,0.003108448348939419,0.9968915581703186
s27,17,0,1.0,5.747729999029227e-17
s27,18,1,0.9999921321868896,7.820137398084626e-06
s27,19,0,8.49067816943716e-07,0.9999991655349731
s27,20,0,0.9995582699775696,0.0004417055461090058
s27,21,1,0.004791129846125841,0.9952089190483093
s27,22,0,0.9949847459793091,0.005015293601900339
s27,23,0,0.2551768720149994,0.744823157787323
s27,24,1,3.7117354168003658e-06,0.9999963045120239
s27,25,0,0.9911561012268066,0.008843943476676941
s27,26,1,2.5137014865450613e-12,1.0
s27,27,1,0.09554583579301834,0.9044541716575623
s27,28,1,0.00042343043605796993,0.9995766282081604
s27,29,0,0.20520122349262238,0.794798731803894
s27,30,1,1.0,1.798539273067945e-08
s27,31,1,0.0029765998478978872,0.9970234036445618
s27,32,0,0.01966588944196701,0.9803341031074524
s27,33,0,6.998950539127691e-06,0.9999929666519165
s27,34,1,6.462277087848634e-05,0.9999353885650635
s27,35,0,0.9978360533714294,0.0021639696788042784
s27,36,0,0.993564784526825,0.006435205694288015
s27,37,0,0.9997231364250183,0.0002768858103081584
s27,38,0,0.9999996423721313,3.088437949827494e-07
s27,39,0,0.9999618530273438,3.8102447433630005e-05
s27,40,1,0.0047859009355306625,0.9952141046524048
s27,41,0,0.7959089279174805,0.20409108698368073
s27,42,1,1.1351816375793078e-08,1.0
s27,43,1,0.9961827397346497,0.0038172074127942324
s27,44,1,0.9994781613349915,0.0005218164878897369
s27,45,1,0.0049760425463318825,0.9950239658355713
s27,46,1,0.00044147949665784836,0.9995585083961487
s27,47,1,1.2400599189277273e-05,0.9999876022338867
s27,48,1,1.6074574532782063e-14,1.0
s27,49,1,0.7064929008483887,0.29350709915161133
s28,0,0,0.1482568234205246,0.8517431616783142
s28,1,0,0.9987309575080872,0.0012690004659816623
s28,2,1,7.770283900754293e-07,0.9999991655349731
s28,3,0,0.9431894421577454,0.05681055411696434
s28,4,0,0.0004221278359182179,0.9995778203010559
s28,5,1,3.222627128707245e-06,0.9999967813491821
s28,6,1,0.001361444010399282,0.9986385703086853
s28,7,1,5.987308782096079e-07,0.9999994039535522
s28,8,0,0.2503674030303955,0.7496326565742493
s28,9,1,0.04868876188993454,0.9513112306594849
s28,10,1,1.0,1.0835873170966792e-10
s28,11,1,0.0032752498518675566,0.9967247843742371
s28,12,0,1.0,3.716459038845092e-14
s28,13,0,0.024105452001094818,0.975894570350647
s28,14,0,0.9994491934776306,0.0005508026806637645
s28,15,1,0.00014039668894838542,0.9998595714569092
s28,16,0,0.9310175776481628,0.06898245215415955
s28,17,0,0.9999396800994873,6.035426849848591e-05
s28,18,1,1.0,3.631962730565874e-09
s28,19,1,0.0010338402353227139,0.9989662170410156
s28,20,1,0.4773707389831543,0.5226292610168457
s28,21,0,0.09917251020669937,0.9008274674415588
s28,22,1,3.488321817712858e-05,0.9999650716781616
s28,23,1,0.00036123552126809955,0.9996387958526611
s28,24,0,0.4592877924442291,0.5407121777534485
s28,25,0,0.11888907849788666,0.8811109662055969
s28,26,1,0.996936559677124,0.0030634370632469654
s28,27,0,0.39274361729621887,0.6072563529014587
s28,28,0,0.9999995231628418,5.169911219127243e-07
s28,29,0,0.4633617401123047,0.5366382598876953
s28,30,1,0.9999998807907104,6.31590211241928e-08
s28,31,1,0.0008071913034655154,0.9991927742958069
s28,32,0,0.9999951124191284,4.8708334361435845e-06
s28,33,0,0.9987004995346069,0.0012995352735742927
s28,34,0,1.0,2.366054574487464e-10
s28,35,0,0.5617970824241638,0.43820294737815857
s28,36,0,0.7585889101028442,0.24141113460063934
s28,37,1,0.003146377159282565,0.9968536496162415
s28,38,1,3.4845987102016807e-05,0.9999651908874512
s28,39,1,0.9312252998352051,0.06877467036247253
s28,40,1,0.0003736450744327158,0.9996262788772583
s28,41,1,0.0003053154796361923,0.9996947050094604
s28,42,0,0.9988558292388916,0.001144206733442843
s28,43,1,0.0001421164342900738,0.9998579025268555
s28,44,0,1.0,2.699265533312456e-10
s28,45,1,0.9980055689811707,0.0019944675732403994
s28,46,0,0.999983549118042,1.6456611774628982e-05
s28,47,0,0.9999983310699463,1.639254833207815e-06
s28,48,1,0.9944053888320923,0.005594597663730383
s28,49,1,0.9175781607627869,0.08242180943489075
s29,0,1,0.9995001554489136,0.0004998114891350269
s29,1,1,0.9471114873886108,0.05288856849074364
s29,2,0,0.6470552682876587,0.3529447913169861
s29,3,0,0.9757735133171082,0.02422650344669819
s29,4,0,3.32504953348689e-07,0.9999996423721313
s29,5,0,0.0006598126492463052,0.9993401169776917
s29,6,1,0.036773841828107834,0.9632261991500854
s29,7,1,0.00042365549597889185,0.9995763897895813
s29,8,1,0.9990991353988647,0.0009008924826048315
s29,9,0,0.998158872127533,0.0018411085475236177
s29,10,0,0.9126718640327454,0.08732815831899643
s29,11,0,0.002390975598245859,0.99760901927948
s29,12,0,0.0002662155602592975,0.9997337460517883
s29,13,1,0.30230140686035156,0.6976986527442932
s29,14,0,0.9999997615814209,2.2185504633398523e-07
s29,15,1,0.622871994972229,0.3771280348300934
s29,16,0,0.9932888150215149,0.006711186375468969
s29,17,0,0.9595411419868469,0.04045891761779785
s29,18,1,0.9955783486366272,0.004421590827405453
s29,19,1,0.0020694842096418142,0.9979305267333984
s29,20,1,0.6444377899169922,0.3555622398853302
s29,21,1,0.9999282360076904,7.171055040089414e-05
s29,22,1,0.0025058125611394644,0.9974942207336426
s29,23,1,7.873493814258836e-06,0.9999921321868896
s29,24,1,1.8748027287074365e-05,0.9999812841415405
s29,25,1,1.6647994982577075e-07,0.9999998807907104
s29,26,0,0.9999841451644897,1.5906252883723937e-05
s29,27,0,0.9993903636932373,0.0006096645374782383
s29,28,0,0.0004791277751792222,0.9995208978652954
s29,29,1,1.5906140333754593e-06,0.9999984502792358
s29,30,0,0.9533124566078186,0.04668760672211647
s29,31,1,0.9973419308662415,0.002658107317984104
s29,32,0,0.9999842643737793,1.570014501339756e-05
s29,33,1,4.508206529862946e-06,0.9999954700469971
s29,34,1,0.999919056892395,8.097528188955039e-05
s29,35,1,0.5805788636207581,0.41942113637924194
s29,36,0,0.3541005849838257,0.6458994150161743
s29,37,1,0.0028922997880727053,0.9971076846122742
s29,38,0,0.9970491528511047,0.002950883936136961
s29,39,1,0.9043905735015869,0.09560944139957428
s29,40,1,0.4926470220088959,0.5073529481887817
s29,41,0,0.8952714800834656,0.10472849756479263
s29,42,0,0.8523409366607666,0.1476590633392334
s29,43,0,0.9999921321868896,7.822718544048257e-06
s29,44,1,0.003278459655120969,0.9967215657234192
s29,45,1,0.40166884660720825,0.5983312129974365
s29,46,0,0.004344497341662645,0.9956555366516113
s29,47,0,0.9999988079071045,1.1630638709902996e-06
s29,48,0,0.6112752556800842,0.38872474431991577
s29,49,1,0.9999997615814209,2.3485719680138573e-07
s30,0,1,0.010138657875359058,0.9898613691329956
s30,1,0,0.9953824877738953,0.004617538768798113
s30,2,0,0.995746910572052,0.004253106191754341
s30,3,1,0.997639536857605,0.002360538812354207
s30,4,0,0.9891216158866882,0.010878386907279491
s30,5,0,0.9999529123306274,4.709157656179741e-05
s30,6,1,9.67905634752242e-07,0.9999990463256836
s30,7,1,0.6604263782501221,0.33957356214523315
s30,8,0,0.9999468326568604,5.314132067724131e-05
s30,9,1,0.057752881199121475,0.9422470927238464
s30,10,1,9.470785698795225e-06,0.9999905824661255
s30,11,0,0.9999829530715942,1.7009298971970566e-05
s30,12,1,0.04050315544009209,0.959496796131134
s30,13,1,3.226591070415452e-05,0.9999676942825317
s30,14,1,0.2585957944393158,0.7414042353630066
s30,15,1,0.9998040795326233,0.00019590507145039737
s30,16,1,0.005032673943787813,0.9949672818183899
s30,17,0,0.9999915361404419,8.52159701025812e-06
s30,18,1,0.0010973826283589005,0.9989025592803955
s30,19,1,0.9965638518333435,0.0034361977595835924
s30,20,0,0.9999979734420776,2.0432507881196216e-06
s30,21,1,0.18584387004375458,0.8141561150550842
s30,22,0,0.9999998807907104,1.0553326745821323e-07
s30,23,1,0.9999567270278931,4.322375752963126e-05
s30,24,1,0.024367395788431168,0.9756326079368591
s30,25,0,0.9999774694442749,2.2514248485094868e-05
s30,26,0,0.9999866485595703,1.3367898645810783e-05
s30,27,0,0.8195088505744934,0.1804911345243454
s30,28,0,1.0,1.4899717015737224e-09
s30,29,0,0.9601107835769653,0.03988925740122795
s30,30,0,0.695532500743866,0.30446749925613403
s30,31,1,0.965821385383606,0.03417865186929703
s30,32,1,0.9457007646560669,0.054299257695674896
s30,33,1,0.813572347164154,0.18642759323120117
s30,34,1,0.9511539340019226,0.048846036195755005
s30,35,0,0.9993731379508972,0.0006268817814998329
s30,36,1,0.9994452595710754,0.0005547526525333524
s30,37,1,0.01296927034854889,0.9870306849479675
s30,38,1,0.05464837700128555,0.9453516602516174
s30,39,1,0.00567762041464448,0.9943224191665649
s30,40,1,0.9918482303619385,0.00815179105848074
s30,41,1,0.19829466938972473,0.8017053008079529
s30,42,1,0.6447722911834717,0.3552277088165283
s30,43,0,0.9999243021011353,7.56720473873429e-05
s30,44,0,0.9998099207878113,0.00019007030641660094
s30,45,0,0.9868971705436707,0.013102827593684196
s30,46,0,0.5889614820480347,0.4110385477542877
s30,47,1,0.9906333684921265,0.009366693906486034
s30,48,0,0.8618605136871338,0.1381394863128662
s30,49,0,0.01301441341638565,0.9869856238365173
s31,0,0,3.772808486246504e-05,0.999962329864502
s31,1,0,0.0022393432445824146,0.9977606534957886
s31,2,1,0.0005165413022041321,0.9994834661483765
s31,3,1,0.12463783472776413,0.8753621578216553
s31,4,1,3.662445305963047e-05,0.9999634027481079
s31,5,0,6.616334576392546e-05,0.9999338388442993
s31,6,1,0.19118519127368927,0.8088147640228271
s31,7,0,0.8575873374938965,0.1424126774072647
s31,8,1,0.0052083623595535755,0.9947916269302368
s31,9,1,9.248972492059693e-05,0.9999074935913086
s31,10,1,1.3945943067028566e-07,0.9999998807907104
s31,11,1,0.003565523074939847,0.9964344501495361
s31,12,0,0.13467131555080414,0.8653286695480347
s31,13,0,4.7790537792025134e-05,0.9999521970748901
s31,14,0,0.647852897644043,0.35214710235595703
s31,15,0,0.14676271378993988,0.8532372713088989
s31,16,1,6.838333206360403e-07,0.9999992847442627
s31,17,0,3.407290805057528e-08,1.0
s31,18,1,0.005962713155895472,0.9940372705459595
s31,19,1,0.010001481510698795,0.9899985194206238
s31,20,0,0.004287922754883766,0.9957120418548584
s31,21,1,0.00037264658021740615,0.9996273517608643
s31,22,0,0.9934738278388977,0.006526115350425243
s31,23,1,0.000249837787123397,0.9997501969337463
s31,24,1,0.00036911721690557897,0.9996308088302612
s31,25,1,3.072752363664222e-08,1.0
s31,26,0,0.2743852436542511,0.7256147861480713
s31,27,1,0.5052743554115295,0.49472564458847046
s31,28,0,0.10346870124340057,0.896531343460083
s31,29,0,2.9237419312266866e-06,0.9999970197677612
s31,30,1,9.892302159641986e-07,0.9999990463256836
s31,31,1,1.3275604227036553e-10,1.0
s31,32,0,0.0006524467607960105,0.9993475079536438
s31,33,0,0.10750237852334976,0.8924975991249084
s31,34,0,0.040352098643779755,0.9596479535102844
s31,35,0,0.0014545393642038107,0.9985455274581909
s31,36,1,0.0015247536357492208,0.9984752535820007
s31,37,0,0.4576411247253418,0.5423588752746582
s31,38,0,0.00042955472599714994,0.9995704293251038
s31,39,1,7.077481996020651e-07,0.9999992847442627
s31,40,0,1.5290283045032993e-05,0.9999847412109375
s31,41,0,4.723892288893694e-06,0.999995231628418
s31,42,1,0.7385352849960327,0.2614647150039673
s31,43,0,0.7932403683662415,0.20675966143608093
s31,44,1,0.00038418403710238636,0.9996157884597778
s31,45,0,0.00028181259403936565,0.9997181296348572
s31,46,1,1.6207106455112807e-05,0.9999837875366211
s31,47,1,0.0003994476282969117,0.9996005892753601
s31,48,1,7.251500164784375e-07,0.9999992847442627
s31,49,1,0.005993394646793604,0.9940066337585449
s32,0,0,0.6965075731277466,0.3034924566745758
s32,1,1,0.00892687402665615,0.9910730719566345
s32,2,0,0.03136899694800377,0.9686310291290283
s32,3,0,0.9470962882041931,0.052903689444065094
s32,4,1,0.9983677268028259,0.0016322636511176825
s32,5,1,0.962064266204834,0.03793570026755333
s32,6,1,0.37777408957481384,0.6222258806228638
s32,7,0,0.8538047075271606,0.14619530737400055
s32,8,0,0.5191494226455688,0.48085057735443115
s32,9,0,0.12048640847206116,0.8795135617256165
s32,10,1,0.9975288510322571,0.002471211366355419
s32,11,1,0.9946321249008179,0.005367838311940432
s32,12,1,0.8859927654266357,0.11400727182626724
s32,13,0,0.9829670190811157,0.017033018171787262
s32,14,1,0.0005541887949220836,0.9994458556175232
s32,15,0,0.9931530952453613,0.006846921984106302
s32,16,0,0.7460592985153198,0.2539406716823578
s32,17,1,0.9635202884674072,0.03647971525788307
s32,18,0,7.07265644450672e-05,0.9999293088912964
s32,19,1,0.10081041604280472,0.8991895914077759
s32,20,0,0.9993170499801636,0.0006829729536548257
s32,21,0,0.9303745627403259,0.06962540000677109
s32,22,0,0.9501588940620422,0.04984106123447418
s32,23,0,0.9707124829292297,0.029287520796060562
s32,24,0,0.9770132303237915,0.022986846044659615
s32,25,1,0.8620898127555847,0.1379101574420929
s32,26,1,0.09815894812345505,0.9018410444259644
s32,27,1,0.13920415937900543,0.8607958555221558
s32,28,1,0.9952822327613831,0.004717807751148939
s32,29,0,0.039506759494543076,0.960493266582489
s32,30,1,0.9969423413276672,0.003057675901800394
s32,31,1,0.00017604982713237405,0.9998239874839783
s32,32,1,0.9965231418609619,0.0034769352059811354
s32,33,0,0.2049172967672348,0.7950827479362488
s32,34,1,3.6147001083008945e-05,0.9999638795852661
s32,35,0,0.8873521089553833,0.11264783889055252
s32,36,1,0.16600728034973145,0.8339927196502686
s32,37,0,0.0006151979905553162,0.9993847608566284
s32,38,0,0.9987977743148804,0.001202255953103304
s32,39,1,0.48633745312690735,0.5136625170707703
s32,40,1,0.5919289588928223,0.40807101130485535
s32,41,1,0.003185754641890526,0.9968143105506897
s32,42,1,0.9412105679512024,0.0587894469499588
s32,43,0,0.4368116855621338,0.5631883144378662
s32,44,0,0.7720524072647095,0.22794757783412933
s32,45,0,0.9977129697799683,0.0022870732937008142
s32,46,1,0.46857982873916626,0.5314201712608337
s32,47,0,0.15429583191871643,0.8457041382789612
s32,48,1,0.0012738577788695693,0.9987260699272156
s32,49,0,0.9186467528343201,0.08135329186916351
s33,0,1,1.2969343377022824e-09,1.0
s33,1,0,0.0028964600060135126,0.9971035122871399
s33,2,1,0.975623607635498,0.024376429617404938
s33,3,0,0.012691893614828587,0.9873080849647522
s33,4,1,0.00016510637942701578,0.9998348951339722
s33,5,0,4.736441638897304e-08,1.0
s33,6,1,1.2218552910781e-05,0.9999878406524658
s33,7,0,0.009124809876084328,0.990875244140625
s33,8,1,0.9707223773002625,0.02927759848535061
s33,9,0,0.03514248505234718,0.9648574590682983
s33,10,1,0.00027615579892881215,0.9997238516807556
s33,11,1,2.644097367010545e-05,0.9999735355377197
s33,12,0,0.4202287495136261,0.5797712206840515
s33,13,0,1.3908992002598097e-07,0.9999998807907104
s33,14,1,2.3574312990604085e-07,0.9999997615814209
s33,15,1,0.3541002571582794,0.645899772644043
s33,16,1,0.9922963976860046,0.007703614886850119
s33,17,1,0.9777782559394836,0.02222171612083912
s33,18,0,0.6994120478630066,0.3005880117416382
s33,19,0,5.72702192584984e-05,0.9999427795410156
s33,20,0,0.19484573602676392,0.8051542043685913
s33,21,0,3.5853190638590604e-05,0.9999641180038452
s33,22,1,0.8391063213348389,0.16089370846748352
s33,23,1,1.7423188182874583e-05,0.9999825954437256
s33,24,1,7.9793288421115e-08,0.9999998807907104
s33,25,1,3.557561569778045e-07,0.9999996423721313
s33,26,0,0.9998304843902588,0.00016948523989412934
s33,27,1,8.407711902691517e-06,0.9999915361404419
s33,28,0,0.01701248809695244,0.9829875230789185
s33,29,0,0.9999046325683594,9.538044105283916e-05
s33,30,1,0.09335523098707199,0.9066447615623474
s33,31,0,0.00028139646747149527,0.9997186064720154
s33,32,1,0.004107925575226545,0.9958920478820801
s33,33,1,0.8403615355491638,0.15963846445083618
s33,34,0,0.8062031865119934,0.1937968134880066
s33,35,1,0.6534568071365356,0.34654322266578674
s33,36,1,4.5697104433806146e-10,1.0
s33,37,0,2.3850068373576505e-06,0.999997615814209
s33,38,1,0.00019758119015023112,0.9998024106025696
s33,39,0,0.9758142828941345,0.024185722693800926
s33,40,0,0.0009425724856555462,0.9990574717521667
s33,41,0,2.1307549104676582e-05,0.9999786615371704
s33,42,0,0.9456326365470886,0.054367393255233765
s33,43,0,0.9999994039535522,6.509037007162988e-07
s33,44,1,0.16419751942157745,0.835802435874939
s33,45,0,0.0003825181338470429,0.9996174573898315
s33,46,0,1.8916401813839911e-06,0.9999980926513672
s33,47,1,0.00016508511907886714,0.9998348951339722
s33,48,1,1.1415080734877847e-05,0.9999885559082031
s33,49,0,0.4874594509601593,0.5125405788421631
s34,0,0,1.0,6.993911005892528e-11
s34,1,0,0.999997615814209,2.4360811039514374e-06
s34,2,1,2.327852826056187e-06,0.999997615814209
s34,3,0,0.999995231628418,4.821272341359872e-06
s34,4,0,0.9999370574951172,6.28917186986655e-05
s34,5,1,5.9199706470280944e-08,1.0
s34,6,0,1.0,1.6902727750916775e-17
s34,7,0,0.989793062210083,0.010206885635852814
s34,8,1,7.457847459590994e-06,0.9999924898147583
s34,9,0,1.0,5.171967387695986e-08
s34,10,1,6.355378900479991e-06,0.9999936819076538
s34,11,1,9.661833555441035e-10,1.0
s34,12,1,1.412572487424768e-06,0.9999985694885254
s34,13,1,0.0005057888920418918,0.999494194984436
s34,14,1,0.02119038999080658,0.978809654712677
s34,15,0,1.0,2.0241200715531704e-08
s34,16,0,0.9992384910583496,0.0007615239010192454
s34,17,0,0.9985470175743103,0.001452986034564674
s34,18,1,5.1488338037586345e-09,1.0
s34,19,1,1.735037358230329e-08,1.0
s34,20,0,0.9889808893203735,0.011019124649465084
s34,21,1,0.5797820687294006,0.42021799087524414
s34,22,0,0.9999867677688599,1.319645616604248e-05
s34,23,0,1.0,5.2386450732910816e-08
s34,24,0,1.0,1.249208375631028e-10
s34,25,1,7.197443210316123e-07,0.9999992847442627
s34,26,0,1.0,2.711115065778813e-08
s34,27,0,0.9999995231628418,5.267712026579829e-07
s34,28,1,4.9110964027931914e-05,0.9999508857727051
s34,29,0,0.9568367600440979,0.04316321015357971
s34,30,0,0.9999996423721313,3.816698779246508e-07
s34,31,1,1.0203377698303484e-08,1.0
s34,32,1,1.9944046414366312e-08,1.0
s34,33,0,1.0,1.3730145020929285e-08
s34,34,1,0.00019104909733869135,0.9998089671134949
s34,35,0,0.9999998807907104,1.2058991671892727e-07
s34,36,1,4.0658734712373246e-10,1.0
s34,37,0,0.972634494304657,0.027365533635020256
s34,38,1,1.9825301933451556e-07,0.9999997615814209
s34,39,1,0.9116798639297485,0.08832012861967087
s34,40,0,0.9509914517402649,0.0490085706114769
s34,41,1,4.6582805168782215e-08,1.0
s34,42,1,0.029959673061966896,0.9700403213500977
s34,43,1,0.9701797962188721,0.02982022613286972
s34,44,1,4.970586164887436e-09,1.0
s34,45,0,0.999416708946228,0.0005833248724229634
s34,46,1,1.9052555444432073e-07,0.9999997615814209
s34,47,0,1.0,1.5535435785030138e-11
s34,48,1,3.071387197906006e-07,0.9999996423721313
s34,49,0,0.9999997615814209,2.6847024514609075e-07
s35,0,0,0.9999982118606567,1.835470243349846e-06
s35,1,0,0.04171894118189812,0.9582810401916504
s35,2,0,0.9998939037322998,0.00010608285083435476
s35,3,1,0.9994010925292969,0.0005989373312331736
s35,4,1,0.9987144470214844,0.0012855747481808066
s35,5,0,0.371263325214386,0.628736674785614
s35,6,1,5.467009067672279e-09,1.0
s35,7,0,3.055398822837674e-09,1.0
s35,8,0,0.9986300468444824,0.0013699717819690704
s35,9,1,0.3118446171283722,0.6881553530693054
s35,10,1,0.5082498788833618,0.4917501211166382
s35,11,1,0.9850833415985107,0.014916631393134594
s35,12,1,0.9988476037979126,0.0011523844441398978
s35,13,1,4.319718755141366e-06,0.9999957084655762
s35,14,1,1.0,1.5032881894600642e-13
s35,15,0,1.0303177581938439e-11,1.0
s35,16,0,0.005284508690237999,0.9947155117988586
s35,17,1,0.008388176560401917,0.9916118383407593
s35,18,0,0.9811413288116455,0.018858691677451134
s35,19,1,0.9992522597312927,0.0007476930040866137
s35,20,1,0.9997655749320984,0.0002344695822102949
s35,21,0,0.5830154418945312,0.41698458790779114
s35,22,1,0.006475262343883514,0.9935247898101807
s35,23,0,0.0010844350326806307,0.9989155530929565
s35,24,1,0.992393970489502,0.007606056984513998
s35,25,0,0.9137581586837769,0.08624182641506195
s35,26,1,0.6738401055335999,0.32615989446640015
s35,27,1,0.05539083480834961,0.9446091055870056
s35,28,0,0.7113531827926636,0.2886468470096588
s35,29,1,0.99907386302948,0.0009260887745767832
s35,30,0,0.9996343851089478,0.0003656029293779284
s35,31,1,0.00027337425854057074,0.9997265934944153
s35,32,0,0.004138138145208359,0.9958618879318237
s35,33,0,1.1317641268604461e-11,1.0
s35,34,1,0.6060819625854492,0.39391806721687317
s35,35,0,0.9135650396347046,0.08643493056297302
s35,36,1,0.941632866859436,0.058367084711790085
s35,37,0,0.9999984502792358,1.5136706679186318e-06
s35,38,0,0.9997718930244446,0.0002280680782860145
s35,39,0,2.4795017452561297e-05,0.9999752044677734
s35,40,0,0.9999758005142212,2.4243045118055306e-05
s35,41,1,0.08625464141368866,0.9137453436851501
s35,42,0,0.995680570602417,0.004319393541663885
s35,43,1,3.3824618106415016e-10,1.0
s35,44,1,0.0008007936994545162,0.9991992115974426
s35,45,0,8.717003947822377e-05,0.9999128580093384
s35,46,1,0.01009421143680811,0.9899057745933533
s35,47,0,0.9999991655349731,8.879013080331788e-07
s35,48,1,0.020921416580677032,0.9790785312652588
s35,49,0,0.19833563268184662,0.8016643524169922
s36,0,0,0.790002167224884,0.20999778807163239
s36,1,0,0.9993552565574646,0.0006446973420679569
s36,2,0,1.0,2.0949781909251897e-09
s36,3,0,0.048757053911685944,0.9512429237365723
s36,4,1,0.9412699341773987,0.05873003974556923
s36,5,0,0.9999842643737793,1.575299938849639e-05
s36,6,0,0.9998674392700195,0.00013248591858427972
s36,7,1,1.4552267810913344e-12,1.0
s36,8,0,0.5047194957733154,0.4952804744243622
s36,9,0,0.9952457547187805,0.004754197783768177
s36,10,1,0.9883896112442017,0.01161040086299181
s36,11,0,0.804664671421051,0.19533534348011017
s36,12,0,0.9999768733978271,2.3154798327595927e-05
s36,13,1,0.7320699095726013,0.2679300904273987
s36,14,0,0.9999995231628418,5.339543918125855e-07
s36,15,1,0.0019690890330821276,0.9980308413505554
s36,16,1,7.122263923520222e-06,0.999992847442627
s36,17,0,0.958065927028656,0.04193402826786041
s36,18,1,3.4583525120979175e-05,0.9999654293060303
s36,19,0,1.0,6.1628584180351e-11
s36,20,0,0.9279981851577759,0.07200179249048233
s36,21,1,0.000733402615878731,0.9992665648460388
s36,22,1,4.885003477284044e-07,0.9999995231628418
s36,23,0,0.008873325772583485,0.9911267161369324
s36,24,0,1.0,1.5778422124412828e-08
s36,25,1,2.935974163439936e-12,1.0
s36,26,0,0.9983534812927246,0.0016465520020574331
s36,27,1,1.4304751827509676e-09,1.0
s36,28,0,0.9998235106468201,0.00017652248789090663
s36,29,1,0.9883588552474976,0.011641127057373524
s36,30,1,0.003394264495000243,0.9966057538986206
s36,31,1,0.8878519535064697,0.11214806139469147
s36,32,0,0.9999333620071411,6.662185478489846e-05
s36,33,1,0.3936646282672882,0.6063354015350342
s36,34,1,2.8999025744269602e-05,0.9999710321426392
s36,35,0,0.12071182578802109,0.8792881965637207
s36,36,1,5.3582407417707145e-05,0.9999463558197021
s36,37,0,0.02965323068201542,0.9703467488288879
s36,38,0,0.9995110034942627,0.0004890098934993148
s36,39,0,3.39033960017332e-07,0.9999996423721313
s36,40,1,2.7363271328795236e-06,0.9999972581863403
s36,41,1,0.2553826570510864,0.7446173429489136
s36,42,0,1.0,3.1192393112888794e-10
s36,43,1,0.30105018615722656,0.6989498138427734
s36,44,1,5.318926014297176e-06,0.9999946355819702
s36,45,1,5.976664033369161e-05,0.9999402761459351
s36,46,1,7.135100759114721e-07,0.9999992847442627
s36,47,0,2.992449026351096e-07,0.9999996423721313
s36,48,1,0.9839005470275879,0.0160994753241539
s36,49,1,0.06714683771133423,0.932853102684021
s37,0,1,0.8767134547233582,0.12328653037548065
s37,1,0,0.9993795156478882,0.000620500126387924
s37,2,1,0.9868090152740479,0.01319101732224226
s37,3,1,0.008315523155033588,0.9916844367980957
s37,4,1,1.6101186952732077e-13,1.0
s37,5,0,0.7537945508956909,0.24620544910430908
s37,6,1,0.7114519476890564,0.2885480523109436
s37,7,1,0.032955069094896317,0.9670449495315552
s37,8,0,0.9670576453208923,0.032942336052656174
s37,9,0,0.9999955892562866,4.434950369613944e-06
s37,10,0,0.0038553543854504824,0.9961446523666382
s37,11,0,0.9792463183403015,0.020753629505634308
s37,12,1,0.00013570298324339092,0.9998642206192017
s37,13,0,0.9999996423721313,3.741770626675134e-07
s37,14,0,0.999954342842102,4.5691474952036515e-05
s37,15,1,0.19854779541492462,0.8014522194862366
s37,16,0,0.15766818821430206,0.8423317670822144
s37,17,0,0.9994664788246155,0.0005335458554327488
s37,18,0,0.9917570948600769,0.008242920972406864
s37,19,1,0.5444799065589905,0.45552006363868713
s37,20,0,0.9673380851745605,0.03266186639666557
s37,21,1,0.002293429570272565,0.9977065324783325
s37,22,0,0.9996672868728638,0.0003326768637634814
s37,23,1,0.996547281742096,0.0034527129027992487
s37,24,0,0.9663631319999695,0.03363685682415962
s37,25,0,0.0005423884140327573,0.9994576573371887
s37,26,1,0.34510451555252075,0.654895544052124
s37,27,0,0.9878089427947998,0.012190991081297398
s37,28,0,0.987533450126648,0.012466555461287498
s37,29,1,0.9945651292800903,0.005434808321297169
s37,30,1,0.00027260699425823987,0.9997274279594421
s37,31,0,0.9899798631668091,0.010020220652222633
s37,32,1,0.00047191802877932787,0.9995280504226685
s37,33,1,0.004734703339636326,0.9952652454376221
s37,34,1,0.748924970626831,0.25107505917549133
s37,35,0,0.02050047181546688,0.9794995188713074
s37,36,0,0.03977110609412193,0.9602289199829102
s37,37,1,0.0005563428276218474,0.9994435906410217
s37,38,0,0.9997385144233704,0.00026150402845814824
s37,39,1,0.00029311340767890215,0.9997068047523499
s37,40,0,0.30135899782180786,0.6986409425735474
s37,41,0,0.9997566342353821,0.00024339547962881625
s37,42,1,0.02461836114525795,0.9753816723823547
s37,43,1,2.062798557744827e-05,0.9999793767929077
s37,44,0,0.9998974800109863,0.00010249533806927502
s37,45,0,0.8533665537834167,0.14663346111774445
s37,46,1,0.003077584318816662,0.9969224333763123
s37,47,1,0.024032551795244217,0.9759674668312073
s37,48,1,0.2028263807296753,0.7971735596656799
s37,49,1,0.022467881441116333,0.977532148361206
s38,0,1,0.001964867115020752,0.9980351328849792
s38,1,1,0.11808765679597855,0.8819122910499573
s38,2,1,2.1127050331415376e-06,0.9999978542327881
s38,3,1,1.0,1.9333013412392575e-08
s38,4,0,0.9999992847442627,7.426991146530781e-07
s38,5,1,0.0023210016079247,0.9976790547370911
s38,6,1,0.0077146925032138824,0.9922852516174316
s38,7,0,0.8920873999595642,0.10791262239217758
s38,8,1,1.0,2.0550466217628127e-08
s38,9,0,0.9950962662696838,0.004903674125671387
s38,10,0,0.2633571922779083,0.7366427779197693
s38,11,0,0.9998451471328735,0.00015483082097489387
s38,12,0,0.9995669722557068,0.00043306886800564826
s38,13,0,0.9999972581863403,2.7881148980668513e-06
s38,14,1,0.925021231174469,0.07497873902320862
s38,15,0,0.9992175102233887,0.0007825065986253321
s38,16,1,0.2975660264492035,0.7024339437484741
s38,17,0,0.9999938011169434,6.169657353893854e-06
s38,18,0,0.9985092282295227,0.001490744762122631
s38,19,0,0.9999983310699463,1.619206955183472e-06
s38,20,1,0.07029462605714798,0.9297053813934326
s38,21,1,1.0,3.4796698855643626e-10
s38,22,1,0.9972430467605591,0.0027570168022066355
s38,23,1,0.9999953508377075,4.694548351835692e-06
s38,24,0,0.006328502204269171,0.9936715364456177
s38,25,0,0.9993247985839844,0.0006752531626261771
s38,26,1,0.9981679916381836,0.0018320211675018072
s38,27,1,0.9909431338310242,0.009056898765265942
s38,28,0,0.9904944896697998,0.009505491703748703
s38,29,1,0.14772678911685944,0.852273166179657
s38,30,1,0.961035966873169,0.03896402567625046
s38,31,0,0.22603259980678558,0.7739673256874084
s38,32,1,6.289057637332007e-05,0.9999370574951172
s38,33,1,0.6016687750816345,0.3983312249183655
s38,34,0,0.4323320686817169,0.5676679015159607
s38,35,0,0.9992395639419556,0.000760486233048141
s38,36,1,0.8540692925453186,0.14593066275119781
s38,37,0,0.9999438524246216,5.610780863207765e-05
s38,38,1,0.9999992847442627,6.657942890342383e-07
s38,39,1,1.0,4.158360766837177e-08
s38,40,0,0.005923497024923563,0.9940764904022217
s38,41,0,0.0008464890997856855,0.9991534948348999
s38,42,1,0.9999995231628418,5.261330784378515e-07
s38,43,1,0.7132824659347534,0.2867175340652466
s38,44,1,0.9999735355377197,2.641879291331861e-05
s38,45,1,0.06472700089216232,0.9352730512619019
s38,46,0,0.9999033212661743,9.66116349445656e-05
s38,47,0,0.9993694424629211,0.0006305709248408675
s38,48,0,0.03744480758905411,0.9625552296638489
s38,49,1,0.9361257553100586,0.06387428194284439
s39,0,1,0.18524858355522156,0.814751386642456
s39,1,0,0.999852180480957,0.00014780211495235562
s39,2,0,0.0008537080138921738,0.9991462230682373
s39,3,1,4.594968746858899e-14,1.0
s39,4,1,1.2144371445976798e-11,1.0
s39,5,0,1.0,4.376356048385599e-13
s39,6,0,1.0,8.464802582562169e-17
s39,7,0,0.9999997615814209,2.4983543767120864e-07
s39,8,1,0.001114583108574152,0.998885452747345
s39,9,0,0.9997312426567078,0.00026879686629399657
s39,10,1,0.7907294034957886,0.20927056670188904
s39,11,1,1.1832901845865162e-11,1.0
s39,12,0,0.00012063353642588481,0.9998793601989746
s39,13,1,1.0785041262839634e-11,1.0
s39,14,0,1.0,8.425346940846117e-15
s39,15,1,0.7795112133026123,0.2204887717962265
s39,16,1,6.911529074754563e-12,1.0
s39,17,0,1.0,8.232373116534575e-11
s39,18,1,5.313896024594644e-13,1.0
s39,19,0,0.8818618059158325,0.11813817173242569
s39,20,1,0.14771273732185364,0.8522872924804688
s39,21,1,9.844675075143527e-10,1.0
s39,22,1,7.892483154137153e-06,0.9999921321868896
s39,23,0,1.0,2.3377965348617656e-15
s39,24,1,0.0004185891302768141,0.9995813965797424
s39,25,1,0.001096743275411427,0.9989032745361328
s39,26,1,1.9001739133442212e-14,1.0
s39,27,1,5.3135850754115754e-12,1.0
s39,28,1,0.9999974966049194,2.461489202687517e-06
s39,29,1,4.468125496259745e-07,0.9999995231628418
s39,30,1,4.057789126932221e-08,1.0
s39,31,1,5.15367956643864e-12,1.0
s39,32,1,5.79202352746222e-10,1.0
s39,33,0,0.9985305070877075,0.0014695031568408012
s39,34,0,1.0,1.3653398724111643e-11
s39,35,1,9.411024146731132e-16,1.0
s39,36,1,3.376362384122089e-11,1.0
s39,37,0,1.0,2.1049444853815658e-08
s39,38,0,0.9619274139404297,0.03807265684008598
s39,39,0,0.9999728202819824,2.7212512577534653e-05
s39,40,1,2.2978242572579965e-11,1.0
s39,41,0,0.9996249675750732,0.00037496251752600074
s39,42,0,1.0,1.741174392166922e-11
s39,43,0,0.999997615814209,2.395618366790586e-06
s39,44,1,1.6246897160954177e-08,1.0
s39,45,0,1.0,3.191741534009096e-18
s39,46,1,9.019836966217554e-08,0.9999998807907104
s39,47,1,5.784767456717965e-11,1.0
s39,48,1,0.8828638792037964,0.11713610589504242
s39,49,0,0.7712117433547974,0.22878827154636383
s40,0,0,0.8516599535942078,0.14833998680114746
s40,1,0,0.023814227432012558,0.9761857390403748
s40,2,0,0.9868991374969482,0.013100886717438698
s40,3,1,2.4016410407057265e-06,0.999997615814209
s40,4,0,0.9973065853118896,0.0026934531051665545
s40,5,1,0.019060052931308746,0.9809399247169495
s40,6,0,5.7435045164311305e-08,1.0
s40,7,0,0.9992417097091675,0.0007583281840197742
s40,8,1,0.0010016249725595117,0.9989983439445496
s40,9,1,0.001824434963054955,0.9981756210327148
s40,10,1,0.04955540597438812,0.9504446387290955
s40,11,0,0.9999788999557495,2.113847222062759e-05
s40,12,0,0.14315272867679596,0.8568472862243652
s40,13,0,0.9999411106109619,5.885990321985446e-05
s40,14,1,6.434634997276589e-05,0.9999356269836426
s40,15,1,0.9949947595596313,0.005005235783755779
s40,16,0,0.6423398852348328,0.35766011476516724
s40,17,1,0.03857884183526039,0.9614211320877075
s40,18,0,0.9668089747428894,0.03319105878472328
s40,19,1,0.08144736289978027,0.9185526967048645
s40,20,1,0.2021147608757019,0.7978852391242981
s40,21,0,0.9998643398284912,0.0001356295106234029
s40,22,1,0.0016033884603530169,0.9983965754508972
s40,23,1,0.00010298676352249458,0.9998970031738281
s40,24,0,0.9999997615814209,2.59884131992294e-07
s40,25,1,0.0018900486174970865,0.9981099367141724
s40,26,0,0.9218260645866394,0.07817389070987701
s40,27,0,0.9966766834259033,0.003323343815281987
s40,28,0,0.9999867677688599,1.3252035387267824e-05
s40,29,1,1.5637273236279725e-06,0.9999984502792358
s40,30,1,1.615795372345019e-05,0.9999837875366211
s40,31,1,0.025542952120304108,0.9744570851325989
s40,32,0,0.9962024092674255,0.0037975460290908813
s40,33,1,0.2553038001060486,0.7446961998939514
s40,34,0,0.9153627157211304,0.08463730663061142
s40,35,0,0.9668574333190918,0.033142510801553726
s40,36,1,0.0007524592219851911,0.9992475509643555
s40,37,0,0.9999815225601196,1.8476655895938165e-05
s40,38,0,0.9794669151306152,0.02053312584757805
s40,39,0,0.9999816417694092,1.8406115486868657e-05
s40,40,1,0.21165068447589874,0.7883492708206177
s40,41,0,0.9999998807907104,8.076744251184209e-08
s40,42,0,0.9996104836463928,0.0003894917026627809
s40,43,1,0.5509144067764282,0.44908565282821655
s40,44,0,0.6430590152740479,0.35694095492362976
s40,45,1,0.005005715414881706,0.9949943423271179
s40,46,1,2.3897653136373265e-06,0.999997615814209
s40,47,0,0.008512398228049278,0.9914876222610474
s40,48,1,7.647427992196754e-06,0.9999923706054688
s40,49,1,2.8569496862473898e-05,0.9999713897705078
s41,0,0,0.9999703168869019,2.9731181712122634e-05
s41,1,1,0.009576959535479546,0.9904230833053589
s41,2,0,0.9999990463256836,9.451082405576017e-07
s41,3,1,0.00032613062649033964,0.9996738433837891
s41,4,1,0.006999899633228779,0.9930001497268677
s41,5,1,0.0108486982062459,0.9891512393951416
s41,6,0,0.9999715089797974,2.847663199645467e-05
s41,7,0,0.9999618530273438,3.8099471566965804e-05
s41,8,1,0.004306111019104719,0.9956939220428467
s41,9,0,0.9416250586509705,0.058374978601932526
s41,10,0,0.9998922348022461,0.00010772753739729524
s41,11,0,0.9999984502792358,1.494974867455312e-06
s41,12,0,0.981316328048706,0.018683649599552155
s41,13,1,0.0001555105554871261,0.9998444318771362
s41,14,1,8.96667734195944e-06,0.9999910593032837
s41,15,0,0.9999998807907104,1.0294927221821126e-07
s41,16,1,0.0015256715705618262,0.9984742999076843
s41,17,0,0.9999996423721313,3.6829590044362703e-07
s41,18,1,4.97948008160165e-07,0.9999995231628418
s41,19,1,9.663694982009474e-06,0.9999903440475464
s41,20,0,0.9999986886978149,1.2605243000507471e-06
s41,21,1,1.9243980631244995e-08,1.0
s41,22,1,9.402728755958378e-05,0.9999059438705444
s41,23,0,0.9999992847442627,7.284436946974893e-07
s41,24,1,8.920910943288618e-08,0.9999998807907104
s41,25,1,0.00024233078875113279,0.999757707118988
s41,26,0,0.9999301433563232,6.981542537687346e-05
s41,27,0,0.9999971389770508,2.8846461646026e-06
s41,28,0,0.9999964237213135,3.5685443435795605e-06
s41,29,0,0.9999998807907104,1.6122686474773218e-07
s41,30,0,0.999941349029541,5.860724195372313e-05
s41,31,1,0.033337853848934174,0.9666621088981628
s41,32,1,0.04965342581272125,0.9503465294837952
s41,33,0,0.986283004283905,0.013717074878513813
s41,34,1,0.5616269111633301,0.4383731186389923
s41,35,1,1.822929880290758e-05,0.9999817609786987
s41,36,0,0.998651921749115,0.0013480584602802992
s41,37,0,0.999985933303833,1.4107944480201695e-05
s41,38,0,0.999998927116394,1.0286707947670948e-06
s41,39,0,0.9999991655349731,8.875415460352087e-07
s41,40,1,0.013432487845420837,0.986567497253418
s41,41,0,0.9997021555900574,0.0002978107950184494
s41,42,1,3.911041090987055e-08,1.0
s41,43,0,0.9957530498504639,0.0042470102198421955
s41,44,1,0.8040995001792908,0.19590048491954803
s41,45,0,0.9977957010269165,0.0022043222561478615
s41,46,1,4.395390362788021e-08,1.0
s41,47,1,5.347085263451845e-08,1.0
s41,48,1,1.3219319043855648e-05,0.9999867677688599
s41,49,1,2.899053868077317e-07,0.9999997615814209
s42,0,0,0.9985104203224182,0.001489526592195034
s42,1,1,0.9266229271888733,0.07337705045938492
s42,2,1,0.9683139324188232,0.031686145812273026
s42,3,0,0.6849503517150879,0.3150496482849121
s42,4,0,0.9973661303520203,0.002633939264342189
s42,5,1,0.9999151229858398,8.49272619234398e-05
s42,6,0,0.1496206372976303,0.8503793478012085
s42,7,1,0.8265857696533203,0.1734142303466797
s42,8,1,0.9705562591552734,0.02944376692175865
s42,9,0,0.9971060156822205,0.002894037403166294
s42,10,0,0.9999651908874512,3.4753124054986984e-05
s42,11,0,0.5024262070655823,0.4975737929344177
s42,12,1,0.7393146753311157,0.26068535447120667
s42,13,0,0.09796172380447388,0.9020382761955261
s42,14,0,0.9986961483955383,0.0013039116747677326
s42,15,0,0.25531208515167236,0.7446878552436829
s42,16,0,0.7910392880439758,0.20896074175834656
s42,17,0,0.05118824169039726,0.9488117694854736
s42,18,0,0.9965807795524597,0.0034191973973065615
s42,19,1,0.008443271741271019,0.9915567636489868
s42,20,0,0.8777459859848022,0.12225396186113358
s42,21,1,0.7028000950813293,0.29719993472099304
s42,22,1,0.9983172416687012,0.0016827478539198637
s42,23,1,0.005009647458791733,0.9949902892112732
s42,24,1,0.9991874098777771,0.000812529178801924
s42,25,1,0.7806740403175354,0.21932591497898102
s42,26,0,0.9874709248542786,0.01252909004688263
s42,27,1,0.0004199804097879678,0.9995799660682678
s42,28,0,0.012559684924781322,0.9874403476715088
s42,29,1,0.018447382375597954,0.9815526604652405
s42,30,0,0.9998618364334106,0.0001381148031214252
s42,31,0,0.0701286792755127,0.9298713207244873
s42,32,0,0.9804752469062805,0.019524801522493362
s42,33,1,0.24795030057430267,0.7520496845245361
s42,34,1,0.44801807403564453,0.5519819259643555
s42,35,0,0.9967764019966125,0.003223571926355362
s42,36,0,0.9999465942382812,5.34345417690929e-05
s42,37,0,0.9945251941680908,0.005474843550473452
s42,38,1,0.9902140498161316,0.009786006063222885
s42,39,1,0.7879820466041565,0.2120179831981659
s42,40,1,0.007690696511417627,0.9923093318939209
s42,41,1,0.999995231628418,4.82426685266546e-06
s42,42,1,0.9998672008514404,0.00013281973951961845
s42,43,0,0.5465383529663086,0.4534616768360138
s42,44,0,0.001965566771104932,0.9980344176292419
s42,45,1,0.9999758005142212,2.417918040009681e-05
s42,46,0,0.6692591309547424,0.3307408094406128
s42,47,1,0.999311089515686,0.0006888534990139306
s42,48,0,0.8051927089691162,0.1948072761297226
s42,49,1,0.9881894588470459,0.011810487136244774
s43,0,0,0.5859706401824951,0.4140293300151825
s43,1,1,1.0446368605698808e-06,0.999998927116394
s43,2,0,0.9999872446060181,1.2788975254807156e-05
s43,3,1,1.0880535228352528e-06,0.999998927116394
s43,4,0,0.9996840953826904,0.00031586812110617757
s43,5,0,0.9755762815475464,0.02442368119955063
s43,6,0,1.0,5.0296766751500854e-09
s43,7,1,3.7757959603368363e-07,0.9999996423721313
s43,8,1,0.0007156503270380199,0.9992843270301819
s43,9,1,0.5375584363937378,0.4624415338039398
s43,10,1,4.810461007309641e-08,1.0
s43,11,0,0.7492639422416687,0.2507359981536865
s43,12,1,0.9528352618217468,0.04716474935412407
s43,13,0,1.0,3.2661628956986988e-09
s43,14,1,4.9978143579210155e-06,0.9999949932098389
s43,15,1,5.5636743212517104e-08,1.0
s43,16,1,0.3725523352622986,0.6274477243423462
s43,17,0,0.9999815225601196,1.8451071809977293e-05
s43,18,0,1.0,2.2211876782307627e-08
s43,19,1,0.007317241281270981,0.9926827549934387
s43,20,1,0.0003500431193970144,0.9996500015258789
s43,21,1,1.2414197954058181e-06,0.9999988079071045
s43,22,0,0.9999938011169434,6.232752184587298e-06
s43,23,0,0.9972042441368103,0.0027957295533269644
s43,24,0,1.0,1.5944877418405667e-08
s43,25,0,1.0,2.872711901799781e-14
s43,26,1,0.1439092457294464,0.8560907244682312
s43,27,1,1.2713236685613083e-08,1.0
s43,28,0,0.9999551773071289,4.48050705017522e-05
s43,29,1,0.0027642501518130302,0.9972358345985413
s43,30,1,0.7269442677497864,0.27305570244789124
s43,31,1,1.2638714519397354e-09,1.0
s43,32,0,0.9483544826507568,0.05164550244808197
s43,33,0,0.9999873638153076,1.2674840945692267e-05
s43,34,0,0.6766548752784729,0.3233451545238495
s43,35,0,0.9990708827972412,0.000929132685996592
s43,36,0,0.9999997615814209,2.1188057530707738e-07
s43,37,0,1.0,2.4746616431384205e-14
s43,38,0,0.9999923706054688,7.68596692068968e-06
s43,39,0,0.9992337226867676,0.0007662672433070838
s43,40,1,0.6834388971328735,0.31656116247177124
s43,41,1,5.4772506530298415e-08,1.0
s43,42,1,0.00012370040349196643,0.9998762607574463
s43,43,1,6.250331807677867e-07,0.9999994039535522
s43,44,0,1.0,4.661427155383535e-08
s43,45,0,1.0,1.2990751530050915e-10
s43,46,1,0.0011711573461070657,0.9988288283348083
s43,47,0,0.0002754566085059196,0.9997245669364929
s43,48,1,9.680039511295035e-06,0.9999903440475464
s43,49,1,2.104071199937607e-06,0.9999978542327881
s44,0,1,0.0004653024661820382,0.9995347261428833
s44,1,1,2.637776788105839e-06,0.9999973773956299
s44,2,1,0.48219993710517883,0.5178000330924988
s44,3,0,0.9988658428192139,0.001134204096160829
s44,4,1,0.008961062878370285,0.9910388588905334
s44,5,0,0.9532231688499451,0.04677687585353851
s44,6,0,0.995201587677002,0.004798383451998234
s44,7,0,0.006839302834123373,0.9931607246398926
s44,8,1,0.010720906779170036,0.9892790913581848
s44,9,0,0.9970500469207764,0.002949920017272234
s44,10,0,0.005578679498285055,0.9944213032722473
s44,11,1,3.940874739782885e-05,0.9999605417251587
s44,12,0,5.743664951296523e-05,0.9999425411224365
s44,13,1,0.18074646592140198,0.8192535042762756
s44,14,0,0.016840782016515732,0.9831591844558716
s44,15,0,0.9868423342704773,0.013157633133232594
s44,16,0,0.9996535778045654,0.00034643025719560683
s44,17,1,0.9972719550132751,0.0027280657086521387
s44,18,1,0.031743574887514114,0.9682564735412598
s44,19,1,0.022983022034168243,0.9770169854164124
s44,20,0,0.999931812286377,6.819442205596715e-05
s44,21,0,0.9997413754463196,0.0002586477785371244
s44,22,1,0.0013230211334303021,0.9986769556999207
s44,23,1,0.019035622477531433,0.9809643626213074
s44,24,1,0.9226426482200623,0.07735735923051834
s44,25,0,0.15838800370693207,0.8416120409965515
s44,26,0,0.9994986057281494,0.000501324306242168
s44,27,1,0.00011798105697380379,0.9998819828033447
s44,28,0,0.9762840270996094,0.023716026917099953
s44,29,1,0.0014222573954612017,0.9985777139663696
s44,30,0,0.9999648332595825,3.522070255712606e-05
s44,31,1,5.25350624229759e-05,0.9999474287033081
s44,32,1,0.0001386930962326005,0.9998612403869629
s44,33,0,0.9997857213020325,0.00021428291802294552
s44,34,1,0.9857661724090576,0.014233788475394249
s44,35,1,0.9767367839813232,0.02326328493654728
s44,36,0,0.9095343351364136,0.09046566486358643
s44,37,1,0.00188302097376436,0.9981169700622559
s44,38,0,0.24436338245868683,0.7556366324424744
s44,39,1,0.0017741844058036804,0.9982258677482605
s44,40,1,0.764894425868988,0.23510555922985077
s44,41,1,0.888784646987915,0.11121538281440735
s44,42,0,0.9068949818611145,0.09310507029294968
s44,43,1,0.0006564591894857585,0.9993435740470886
s44,44,0,0.0633440613746643,0.9366559386253357
s44,45,1,0.0645207017660141,0.9354793429374695
s44,46,0,3.0633066216978477e-06,0.9999969005584717
s44,47,0,0.9998712539672852,0.00012873504601884633
s44,48,0,0.33623218536376953,0.6637678742408752
s44,49,0,0.9984328150749207,0.0015672178706154227
s45,0,0,1.0,2.1155624807533968e-08
s45,1,1,0.00046514542191289365,0.9995348453521729
s45,2,0,0.783672571182251,0.21632742881774902
s45,3,0,0.00034753262298181653,0.9996525049209595
s45,4,0,0.9999998807907104,7.907559762543315e-08
s45,5,0,0.9900137186050415,0.009986295364797115
s45,6,1,0.37347909808158875,0.6265208721160889
s45,7,1,1.4157853001961485e-05,0.9999858140945435
s45,8,1,0.02552720531821251,0.9744728207588196
s45,9,0,0.9999998807907104,6.047736889058797e-08
s45,10,1,0.004776099696755409,0.9952239394187927
s45,11,0,0.9999179840087891,8.20016284706071e-05
s45,12,1,9.236974619852845e-06,0.9999908208847046
s45,13,1,1.1342855543716723e-08,1.0
s45,14,0,0.9999748468399048,2.5110932256211527e-05
s45,15,1,3.552144335117191e-05,0.9999644756317139
s45,16,0,0.9584664106369019,0.04153360798954964
s45,17,1,0.03290717676281929,0.9670928716659546
s45,18,0,0.8458874225616455,0.1541125327348709
s45,19,0,0.9999997615814209,2.153675069394012e-07
s45,20,1,0.00011795135651482269,0.9998819828033447
s45,21,0,0.9993494153022766,0.0006505622295662761
s45,22,0,0.7389341592788696,0.26106584072113037
s45,23,1,0.8454960584640503,0.1545039266347885
s45,24,0,0.9998432397842407,0.00015670538414269686
s45,25,0,0.9999994039535522,6.098816243138572e-07
s45,26,0,0.9650170803070068,0.034982915967702866
s45,27,0,0.9997807145118713,0.0002192966639995575
s45,28,1,1.8509670098865172e-06,0.9999980926513672
s45,29,1,7.71093436924275e-06,0.9999922513961792
s45,30,1,0.017826950177550316,0.9821730256080627
s45,31,1,1.3944772092600033e-07,0.9999998807907104
s45,32,0,0.9999748468399048,2.5111603463301435e-05
s45,33,1,0.0005479276878759265,0.9994520545005798
s45,34,1,0.0002180783631047234,0.9997819066047668
s45,35,0,1.0,5.247112078166083e-09
s45,36,1,7.913880108390003e-05,0.9999208450317383
s45,37,1,0.00028861386817879975,0.9997113347053528
s45,38,1,5.237968252913561e-06,0.9999947547912598
s45,39,0,0.9997448325157166,0.00025519251357764006
s45,40,1,0.0005288895918056369,0.999471127986908
s45,41,0,0.9999994039535522,5.586242650679196e-07
s45,42,1,0.1658518761396408,0.834148108959198
s45,43,1,2.412945605101413e-06,0.999997615814209
s45,44,0,0.9947487711906433,0.005251279100775719
s45,45,1,3.06735273625236e-06,0.9999969005584717
s45,46,0,0.9459711313247681,0.05402889847755432
s45,47,0,0.9994181394577026,0.0005818692152388394
s45,48,0,0.9999818801879883,1.806745603971649e-05
s45,49,1,2.900269890915297e-08,1.0
s46,0,0,0.0888153687119484,0.9111846089363098
s46,1,0,2.8425190976122394e-05,0.9999716281890869
s46,2,1,0.2975194454193115,0.7024805545806885
s46,3,0,0.9282879829406738,0.07171203196048737
s46,4,1,0.991805911064148,0.00819405261427164
s46,5,0,0.9975276589393616,0.0024723599199205637
s46,6,1,0.9984234571456909,0.0015765820862725377
s46,7,1,0.010452264919877052,0.9895477294921875
s46,8,0,0.9878661632537842,0.012133834883570671
s46,9,0,0.9999973773956299,2.5966489829443162e-06
s46,10,0,0.11963791400194168,0.8803621530532837
s46,11,1,0.029666775837540627,0.9703331589698792
s46,12,0,0.9999773502349854,2.263057467644103e-05
s46,13,1,0.02698245830833912,0.9730175137519836
s46,14,0,0.7982521057128906,0.20174790918827057
s46,15,0,0.09027174115180969,0.9097282886505127
s46,16,1,0.999932050704956,6.797445530537516e-05
s46,17,0,0.9776560068130493,0.022343995049595833
s46,18,0,0.9994907379150391,0.0005092140636406839
s46,19,1,0.4107823967933655,0.5892175436019897
s46,20,1,0.9997597336769104,0.00024020936689339578
s46,21,1,2.478451824572403e-05,0.9999752044677734
s46,22,0,0.8292858600616455,0.17071408033370972
s46,23,0,0.9002885818481445,0.09971144050359726
s46,24,1,0.8613311052322388,0.13866885006427765
s46,25,0,0.0029358183965086937,0.9970641732215881
s46,26,0,0.9076667428016663,0.09233324229717255
s46,27,0,0.9987735152244568,0.0012264689430594444
s46,28,0,0.012345090508460999,0.9876548647880554
s46,29,1,4.1970695747295395e-05,0.9999580383300781
s46,30,1,0.9935315251350403,0.006468532141298056
s46,31,1,0.16799558699131012,0.8320044279098511
s46,32,1,0.0002221571485279128,0.9997778534889221
s46,33,0,0.053955912590026855,0.9460440874099731
s46,34,1,0.0029824122320860624,0.9970176219940186
s46,35,0,0.07846033573150635,0.9215396642684937
s46,36,1,0.8749305009841919,0.12506945431232452
s46,37,1,0.9999687671661377,3.1208517611958086e-05
s46,38,1,0.06725268065929413,0.9327473044395447
s46,39,1,0.999994158744812,5.895816684642341e-06
s46,40,1,0.8690642714500427,0.1309356987476349
s46,41,1,0.9612510204315186,0.03874897211790085
s46,42,1,0.0018248012056574225,0.9981751441955566
s46,43,0,0.8301180005073547,0.16988198459148407
s46,44,0,0.015266725793480873,0.9847332835197449
s46,45,0,0.9999004602432251,9.956069698091596e-05
s46,46,0,0.9904274940490723,0.009572491981089115
s46,47,1,3.881111479131505e-05,0.9999611377716064
s46,48,1,0.06303088366985321,0.9369691610336304
s46,49,0,0.03521396964788437,0.9647859930992126
s47,0,0,0.8802374005317688,0.11976258456707001
s47,1,1,0.9999794960021973,2.0522460545180365e-05
s47,2,0,0.999929666519165,7.034283044049516e-05
s47,3,0,0.8994693160057068,0.10053069144487381
s47,4,0,0.9448941946029663,0.055105846375226974
s47,5,1,0.030428610742092133,0.9695714116096497
s47,6,0,0.990440845489502,0.009559192694723606
s47,7,0,0.2272019237279892,0.7727980613708496
s47,8,1,0.7982468008995056,0.20175322890281677
s47,9,1,0.12873497605323792,0.8712650537490845
s47,10,0,0.9886826872825623,0.011317291297018528
s47,11,1,0.999021053314209,0.0009789299219846725
s47,12,1,0.04195380210876465,0.9580461382865906
s47,13,0,0.14635862410068512,0.8536413311958313
s47,14,0,0.28271234035491943,0.7172876596450806
s47,15,1,0.33930471539497375,0.6606953144073486
s47,16,1,0.8690111637115479,0.13098882138729095
s47,17,0,0.9997885823249817,0.0002114222152158618
s47,18,0,0.9963087439537048,0.0036912253126502037
s47,19,0,0.9961445331573486,0.0038554221391677856
s47,20,0,0.9652038812637329,0.0347961001098156
s47,21,1,0.4512355923652649,0.5487644076347351
s47,22,1,0.022123008966445923,0.9778769612312317
s47,23,1,0.0866091251373291,0.9133908152580261
s47,24,1,0.04938749223947525,0.9506125450134277
s47,25,0,0.9999986886978149,1.2834076414947049e-06
s47,26,1,0.2653067111968994,0.7346932888031006
s47,27,0,0.9999998807907104,6.309508648882911e-08
s47,28,1,0.12368039041757584,0.8763195872306824
s47,29,1,0.9939577579498291,0.006042276509106159
s47,30,1,0.0875445231795311,0.9124554395675659
s47,31,1,0.8015013933181763,0.1984986662864685
s47,32,0,0.9422476887702942,0.05775226280093193
s47,33,0,0.9978727102279663,0.0021272352896630764
s47,34,1,0.7366170287132263,0.26338300108909607
s47,35,1,0.10498885065317154,0.8950111269950867
s47,36,1,0.0026317641604691744,0.9973682761192322
s47,37,1,0.799391508102417,0.20060846209526062
s47,38,1,0.0012225104728713632,0.998777449131012
s47,39,1,0.004132062662392855,0.9958679676055908
s47,40,0,0.7910223007202148,0.20897766947746277
s47,41,0,0.9386852979660034,0.0613146647810936
s47,42,0,0.9984814524650574,0.0015186166856437922
s47,43,0,0.9994839429855347,0.0005160172004252672
s47,44,1,0.9766753315925598,0.02332462929189205
s47,45,0,0.8630139827728271,0.13698606193065643
s47,46,1,0.990624725818634,0.009375320747494698
s47,47,1,0.15129581093788147,0.8487042188644409
s47,48,0,0.962973415851593,0.0370265394449234
s47,49,1,0.4575200378894806,0.5424799919128418
s48,0,1,0.43159252405166626,0.5684075355529785
s48,1,1,0.8920660018920898,0.10793394595384598
s48,2,0,0.9463297724723816,0.05367019772529602
s48,3,1,0.999417781829834,0.0005821992526762187
s48,4,0,0.9666844010353088,0.03331558033823967
s48,5,0,0.08409807831048965,0.9159018993377686
s48,6,1,0.9882441759109497,0.011755796149373055
s48,7,0,4.764321147376904e-06,0.999995231628418
s48,8,1,8.257145236711949e-05,0.9999173879623413
s48,9,0,0.09845083206892014,0.901549220085144
s48,10,1,0.0001664477604208514,0.9998335838317871
s48,11,0,0.0034670494496822357,0.9965329170227051
s48,12,1,0.001074780710041523,0.9989251494407654
s48,13,1,0.18349860608577728,0.8165013790130615
s48,14,0,0.9835724234580994,0.016427529975771904
s48,15,0,4.5104846435606305e-07,0.9999995231628418
s48,16,0,0.9907887578010559,0.009211302734911442
s48,17,1,3.2606414606561884e-05,0.9999673366546631
s48,18,0,0.8702861070632935,0.12971381843090057
s48,19,0,0.01578274741768837,0.9842172861099243
s48,20,1,0.002884242683649063,0.9971157312393188
s48,21,1,8.475463109114401e-10,1.0
s48,22,0,7.60171161573453e-08,0.9999998807907104
s48,23,0,0.5903133749961853,0.4096865952014923
s48,24,1,0.05326547473669052,0.946734607219696
s48,25,1,0.0005044950521551073,0.9994955062866211
s48,26,0,2.3741411041555693e-06,0.999997615814209
s48,27,0,0.9483452439308167,0.051654767245054245
s48,28,0,0.9999994039535522,5.766395361206378e-07
s48,29,1,0.0004917715559713542,0.999508261680603
s48,30,0,0.9162312150001526,0.08376876264810562
s48,31,1,0.05339747294783592,0.9466025233268738
s48,32,1,0.4846649467945099,0.5153350830078125
s48,33,0,0.05893135815858841,0.9410686492919922
s48,34,0,0.025068288668990135,0.9749317169189453
s48,35,0,6.467480488936417e-07,0.9999994039535522
s48,36,1,0.027751533314585686,0.9722484350204468
s48,37,0,0.9726803302764893,0.02731969580054283
s48,38,1,0.006764459423720837,0.9932355284690857
s48,39,1,0.011902093887329102,0.9880978465080261
s48,40,1,0.002095517236739397,0.9979045391082764
s48,41,1,0.9988452196121216,0.001154759549535811
s48,42,1,0.00014364808157552034,0.9998563528060913
s48,43,1,0.9986887574195862,0.0013112380402162671
s48,44,1,0.0033075727988034487,0.996692419052124
s48,45,0,0.9393579959869385,0.06064203754067421
s48,46,0,0.39105504751205444,0.6089449524879456
s48,47,0,0.0003304269630461931,0.9996695518493652
s48,48,1,0.03105173446238041,0.9689483046531677
s48,49,0,0.9977396726608276,0.002260389272123575
s49,0,0,0.9972354769706726,0.002764508593827486
s49,1,1,3.928204269459951e-24,1.0
s49,2,0,0.8108051419258118,0.18919487297534943
s49,3,0,0.9978302121162415,0.0021698104683309793
s49,4,1,0.002663985826075077,0.9973359704017639
s49,5,1,0.9999040365219116,9.5970812253654e-05
s49,6,0,0.9975056052207947,0.0024944511242210865
s49,7,1,6.231587246219306e-09,1.0
s49,8,0,0.9897781014442444,0.010221903212368488
s49,9,0,0.7889919281005859,0.21100811660289764
s49,10,1,0.3556291460990906,0.6443708539009094
s49,11,0,0.9543430805206299,0.045656926929950714
s49,12,0,0.514191210269928,0.4858088195323944
s49,13,0,4.2668509081522643e-07,0.9999995231628418
s49,14,0,0.048132579773664474,0.9518674612045288
s49,15,1,2.1188625506929348e-11,1.0
s49,16,1,0.9979571104049683,0.002042899141088128
s49,17,0,0.031250741332769394,0.9687492251396179
s49,18,1,0.9995222091674805,0.0004777725844178349
s49,19,1,0.999148964881897,0.0008509844192303717
s49,20,1,1.0018900517701733e-15,1.0
s49,21,1,0.10941494256258011,0.8905850648880005
s49,22,1,0.00017289271636400372,0.9998270869255066
s49,23,0,4.213539933628496e-11,1.0
s49,24,0,4.109454789859368e-18,1.0
s49,25,0,0.9565020203590393,0.043497953563928604
s49,26,1,7.141655805753544e-05,0.9999285936355591
s49,27,0,4.881349990881745e-09,1.0
s49,28,0,0.9998953342437744,0.00010464781371410936
s49,29,0,0.033264726400375366,0.966735303401947
s49,30,0,0.18906310200691223,0.8109369277954102
s49,31,1,8.771570916882483e-16,1.0
s49,32,0,0.9996242523193359,0.000375740957679227
s49,33,1,1.7546846676466917e-17,1.0
s49,34,1,0.7440441846847534,0.2559557855129242
s49,35,1,0.003877079114317894,0.9961228966712952
s49,36,1,0.24235834181308746,0.757641613483429
s49,37,0,0.00015571131370961666,0.9998443126678467
s49,38,0,0.0019888291135430336,0.9980111122131348
s49,39,1,3.409032797208056e-05,0.9999659061431885
s49,40,1,0.9999791383743286,2.0904961274936795e-05
s49,41,1,6.922689976818219e-07,0.9999992847442627
s49,42,0,3.8554483363468714e-15,1.0
s49,43,1,2.647907786013093e-05,0.9999735355377197
s49,44,0,9.590701771673614e-18,1.0
s49,45,0,0.9340358972549438,0.06596416234970093
s49,46,1,0.08307736366987228,0.9169226288795471
s49,47,0,0.14426302909851074,0.8557369709014893
s49,48,1,0.6914272308349609,0.30857276916503906
s49,49,1,0.9999992847442627,6.85362408603396e-07
s50,0,0,0.864305853843689,0.13569410145282745
s50,1,1,0.01852962002158165,0.9814704060554504
s50,2,0,0.7905751466751099,0.20942488312721252
s50,3,0,0.9998487234115601,0.00015122380864340812
s50,4,1,4.027324393973686e-06,0.9999959468841553
s50,5,1,0.821069061756134,0.17893092334270477
s50,6,0,0.09162981808185577,0.9083701968193054
s50,7,1,0.9816407561302185,0.01835920475423336
s50,8,1,0.0053617218509316444,0.9946382641792297
s50,9,0,1.401288500346709e-06,0.9999985694885254
s50,10,0,1.232552131114062e-05,0.9999877214431763
s50,11,0,0.005629247985780239,0.9943707585334778
s50,12,0,0.020831191912293434,0.9791688323020935
s50,13,1,0.002098626224324107,0.9979013204574585
s50,14,1,0.9999161958694458,8.374377648578957e-05
s50,15,0,0.9999988079071045,1.1375005897207302e-06
s50,16,1,0.9999998807907104,1.0694031260527481e-07
s50,17,1,1.272412009711843e-05,0.9999872446060181
s50,18,0,1.0,9.051621951972066e-11
s50,19,1,8.3555220044218e-05,0.9999164342880249
s50,20,1,0.10006676614284515,0.8999332189559937
s50,21,1,0.011759386397898197,0.9882405996322632
s50,22,0,0.12001098692417145,0.8799890279769897
s50,23,0,0.3394522964954376,0.66054767370224
s50,24,0,1.0,7.416580127816985e-10
s50,25,1,0.006215534172952175,0.9937844276428223
s50,26,0,0.9999992847442627,7.219089752652508e-07
s50,27,1,0.9999997615814209,2.4146459054463776e-07
s50,28,1,0.8930587768554688,0.10694123804569244
s50,29,0,0.011571917682886124,0.9884280562400818
s50,30,0,0.9999996423721313,3.61112483915349e-07
s50,31,1,0.999958872795105,4.118336801184341e-05
s50,32,1,1.0,3.6405486915011553e-13
s50,33,0,0.00043456253479234874,0.9995654225349426
s50,34,1,0.9577545523643494,0.04224546253681183
s50,35,0,0.9999998807907104,1.4367437017881457e-07
s50,36,0,0.022134222090244293,0.9778658151626587
s50,37,1,0.8150281310081482,0.184971883893013
s50,38,0,0.12684223055839539,0.8731577396392822
s50,39,1,0.24061976373195648,0.7593802809715271
s50,40,0,0.997943103313446,0.0020568850450217724
s50,41,1,0.9989861845970154,0.0010138361249119043
s50,42,1,1.0,1.2419527906093464e-10
s50,43,0,0.9978681802749634,0.0021317594218999147
s50,44,0,0.0008381116203963757,0.999161958694458
s50,45,0,0.9999163150787354,8.364115637959912e-05
s50,46,1,0.9997155070304871,0.0002845209382940084
s50,47,0,0.999946117401123,5.387831333791837e-05
s50,48,0,0.0007676815148442984,0.999232292175293
s50,49,1,0.9999983310699463,1.6195282341868733e-06
s51,0,0,0.9965673685073853,0.003432643134146929
s51,1,0,0.7566754817962646,0.24332451820373535
s51,2,1,0.16159215569496155,0.8384078145027161
s51,3,0,0.26151537895202637,0.7384846210479736
s51,4,1,0.013529423624277115,0.9864705204963684
s51,5,1,0.04495677724480629,0.9550432562828064
s51,6,0,0.026385532692074776,0.973614513874054
s51,7,1,0.9644128084182739,0.03558720648288727
s51,8,1,1.1859880544307089e-07,0.9999998807907104
s51,9,1,0.9248005747795105,0.07519937306642532
s51,10,1,0.9984880685806274,0.0015119260642677546
s51,11,1,0.9983512163162231,0.0016487583052366972
s51,12,0,0.9935411214828491,0.006458846386522055
s51,13,1,0.0009698655921965837,0.9990301132202148
s51,14,0,0.999489426612854,0.0005105941090732813
s51,15,0,0.9976136684417725,0.002386306645348668
s51,16,0,0.9997490048408508,0.00025100246421061456
s51,17,1,0.12301991879940033,0.8769800662994385
s51,18,1,0.9984924793243408,0.0015074980910867453
s51,19,0,0.0038670094218105078,0.9961329698562622
s51,20,1,0.9221087694168091,0.07789123803377151
s51,21,1,5.1630258894874714e-06,0.9999948740005493
s51,22,0,0.9662665128707886,0.03373346105217934
s51,23,1,0.9341846108436584,0.06581541150808334
s51,24,0,0.029826998710632324,0.9701730608940125
s51,25,1,0.0003214574244339019,0.9996786117553711
s51,26,0,0.9999963045120239,3.6739611459779553e-06
s51,27,1,0.9804326295852661,0.019567331299185753
s51,28,1,0.2187015265226364,0.7812984585762024
s51,29,1,0.7512359619140625,0.2487640678882599
s51,30,1,7.220313818834256e-06,0.9999927282333374
s51,31,1,0.25260838866233826,0.7473916411399841
s51,32,1,0.002828465308994055,0.9971715807914734
s51,33,1,1.0,4.2064858263302085e-09
s51,34,1,0.001606827019713819,0.9983931183815002
s51,35,0,0.9190294742584229,0.08097046613693237
s51,36,0,0.9889029860496521,0.011096987873315811
s51,37,0,0.001067446661181748,0.9989325404167175
s51,38,1,0.9994993209838867,0.0005006609717383981
s51,39,0,0.7071487903594971,0.29285115003585815
s51,40,1,0.007495894096791744,0.9925041198730469
s51,41,0,0.06065736711025238,0.9393426775932312
s51,42,0,0.99753737449646,0.00246258988045156
s51,43,1,8.751898761261145e-09,1.0
s51,44,0,0.8294669389724731,0.17053309082984924
s51,45,0,0.8860453963279724,0.11395464092493057
s51,46,1,5.088679699838394e-06,0.9999948740005493
s51,47,1,0.9999396800994873,6.036209742887877e-05
s51,48,0,0.9758808016777039,0.024119144305586815
s51,49,1,0.000189597878488712,0.9998103976249695
s52,0,1,1.615110128971864e-10,1.0
s52,1,1,4.049733490774088e-07,0.9999996423721313
s52,2,1,0.042490795254707336,0.9575092196464539
s52,3,0,6.966819455556106e-06,0.999993085861206
s52,4,0,0.999998927116394,1.0942868584606913e-06
s52,5,0,1.0,1.0223042551382733e-10
s52,6,0,0.9989840388298035,0.0010159275261685252
s52,7,1,3.4764011669352612e-09,1.0
s52,8,0,0.2805013954639435,0.7194985747337341
s52,9,0,0.9751587510108948,0.024841289967298508
s52,10,0,0.7878280282020569,0.21217197179794312
s52,11,1,0.0002746973477769643,0.9997252821922302
s52,12,1,0.0006937985308468342,0.9993062019348145
s52,13,0,0.004008446354418993,0.9959915280342102
s52,14,1,2.666829002401254e-19,1.0
s52,15,1,0.975207507610321,0.024792570620775223
s52,16,0,0.9998507499694824,0.00014926528092473745
s52,17,0,0.9986100196838379,0.001389948884025216
s52,18,0,0.005867532454431057,0.9941324591636658
s52,19,0,3.5572196299682446e-09,1.0
s52,20,1,0.98348468542099,0.01651536300778389
s52,21,1,6.097018712125646e-08,0.9999998807907104
s52,22,1,0.979935884475708,0.02006407082080841
s52,23,1,0.03187272697687149,0.9681273102760315
s52,24,0,0.30682703852653503,0.6931729912757874
s52,25,1,0.0004423247301019728,0.9995576739311218
s52,26,0,0.017035365104675293,0.9829645752906799
s52,27,0,0.9999971389770508,2.919167400250444e-06
s52,28,0,0.999789297580719,0.00021073734387755394
s52,29,1,0.004325330723077059,0.9956746697425842
s52,30,0,0.9999995231628418,5.279732135932136e-07
s52,31,1,0.06062818318605423,0.9393718242645264
s52,32,1,3.3500865015412273e-07,0.9999996423721313
s52,33,1,0.022442789748311043,0.9775571823120117
s52,34,0,0.9800991415977478,0.019900891929864883
s52,35,1,1.0,4.906007267102552e-10
s52,36,1,0.06593964248895645,0.9340603351593018
s52,37,1,0.0015792850172147155,0.9984207153320312
s52,38,0,0.0027980904560536146,0.9972019195556641
s52,39,1,7.933996130304877e-06,0.9999920129776001
s52,40,1,0.8877848386764526,0.11221519112586975
s52,41,0,0.2605346441268921,0.7394654154777527
s52,42,1,0.0004967518616467714,0.9995032548904419
s52,43,1,0.0016330780927091837,0.9983668923377991
s52,44,0,0.7087141275405884,0.2912859320640564
s52,45,0,0.12920616567134857,0.870793879032135
s52,46,0,0.9977186918258667,0.0022813582327216864
s52,47,0,0.01348697766661644,0.9865129590034485
s52,48,1,0.004771245177835226,0.9952287673950195
s52,49,0,0.9999861717224121,1.38267259899294e-05
s53,0,0,0.9754946231842041,0.024505332112312317
s53,1,1,3.2951960747595876e-05,0.999967098236084
s53,2,1,1.0,8.149314556504805e-13
s53,3,1,0.9999997615814209,2.350489864966221e-07
s53,4,0,1.0,1.6861426033187854e-08
s53,5,1,0.9877209067344666,0.012279121205210686
s53,6,0,0.11594922840595245,0.884050726890564
s53,7,0,0.9999998807907104,6.831620424918583e-08
s53,8,1,2.6355730042837422e-08,1.0
s53,9,0,4.931135663355235e-06,0.9999951124191284
s53,10,0,8.302293394990556e-07,0.9999991655349731
s53,11,0,1.0,1.8090999531761298e-10
s53,12,1,3.8541871617781e-05,0.9999614953994751
s53,13,0,0.005902562756091356,0.9940974712371826
s53,14,1,0.0009125163778662682,0.9990874528884888
s53,15,1,1.0,6.781643580033858e-10
s53,16,0,0.24727439880371094,0.7527256011962891
s53,17,1,0.0012901857262477279,0.9987097978591919
s53,18,1,0.9951928853988647,0.004807098302990198
s53,19,0,0.9996974468231201,0.0003025900514330715
s53,20,1,0.9971358776092529,0.0028640874661505222
s53,21,0,0.0039858329109847546,0.9960142374038696
s53,22,0,1.0,9.297920655626513e-09
s53,23,0,0.9982683658599854,0.0017315897857770324
s53,24,0,0.017516998574137688,0.9824830293655396
s53,25,1,1.0,5.088241633588453e-11
s53,26,0,1.7828842828748748e-05,0.9999821186065674
s53,27,0,0.9999991655349731,7.87948636116198e-07
s53,28,1,0.9999960660934448,3.899896910297684e-06
s53,29,0,0.9154117703437805,0.08458825945854187
s53,30,1,0.006088267080485821,0.9939117431640625
s53,31,1,1.0,5.991053431131377e-09
s53,32,0,0.00039886601734906435,0.9996011853218079
s53,33,0,0.9956405162811279,0.004359506536275148
s53,34,1,9.7277807071805e-06,0.9999902248382568
s53,35,1,4.085982254764531e-07,0.9999996423721313
s53,36,1,0.9998778104782104,0.00012221305223647505
s53,37,0,0.08671223372220993,0.9132876992225647
s53,38,0,0.9986097812652588,0.0013901679776608944
s53,39,1,3.537092197802849e-05,0.9999645948410034
s53,40,1,0.9999904632568359,9.572193448548205e-06
s53,41,1,0.999908447265625,9.158085595117882e-05
s53,42,0,0.36539456248283386,0.6346054077148438
s53,43,1,0.9999990463256836,9.049059599419707e-07
s53,44,0,0.9821223020553589,0.017877716571092606
s53,45,1,0.007970643229782581,0.9920293092727661
s53,46,1,2.8058450425305637e-06,0.9999971389770508
s53,47,0,0.1598147600889206,0.840185284614563
s53,48,0,0.9999868869781494,1.3136988854967058e-05
s53,49,0,0.9974589943885803,0.00254102167673409
s54,0,0,0.03480470925569534,0.9651952981948853
s54,1,0,0.5687956809997559,0.43120425939559937
s54,2,0,0.011471046134829521,0.9885289072990417
s54,3,0,0.054045479744672775,0.9459545016288757
s54,4,0,2.055194459060772e-09,1.0
s54,5,0,0.8924463391304016,0.10755370557308197
s54,6,1,0.19138117134571075,0.8086187839508057
s54,7,0,0.0059931473806500435,0.994006872177124
s54,8,1,0.0746157243847847,0.9253842234611511
s54,9,1,0.6379737854003906,0.36202624440193176
s54,10,1,0.00026842832448892295,0.9997316002845764
s54,11,1,0.17191514372825623,0.8280848264694214
s54,12,1,0.24230824410915375,0.7576917409896851
s54,13,1,0.0003015435067936778,0.9996985197067261
s54,14,0,4.1864605009322986e-05,0.9999581575393677
s54,15,0,0.8445772528648376,0.15542276203632355
s54,16,1,0.9263343811035156,0.07366567850112915
s54,17,0,0.5300620198249817,0.4699380099773407
s54,18,0,0.0029717443976551294,0.9970282912254333
s54,19,1,0.28007450699806213,0.7199255228042603
s54,20,1,0.057510074228048325,0.9424899220466614
s54,21,0,0.0005140579305589199,0.999485969543457
s54,22,1,0.0018076486885547638,0.9981923699378967
s54,23,1,0.0005730214761570096,0.9994269609451294
s54,24,0,0.11004415899515152,0.8899558186531067
s54,25,0,0.008668540045619011,0.9913314580917358
s54,26,1,0.9597964882850647,0.040203481912612915
s54,27,1,0.11562594771385193,0.8843740224838257
s54,28,1,1.1410378647269681e-05,0.9999885559082031
s54,29,1,0.3520616292953491,0.6479383707046509
s54,30,0,0.9588668346405029,0.04113313555717468
s54,31,1,0.0715206041932106,0.9284793734550476
s54,32,0,0.02514791116118431,0.9748520851135254
s54,33,0,0.00012880490976385772,0.9998711347579956
s54,34,0,4.638616701413412e-06,0.9999953508377075
s54,35,1,0.05028340592980385,0.9497165679931641
s54,36,1,0.07559550553560257,0.9244044423103333
s54,37,0,0.8894187211990356,0.11058121919631958
s54,38,1,0.0705806165933609,0.9294194579124451
s54,39,1,0.9831451177597046,0.016854850575327873
s54,40,0,0.0022925962693989277,0.9977073669433594
s54,41,1,0.994507372379303,0.005492591764777899
s54,42,0,0.0018024061573669314,0.998197615146637
s54,43,0,0.902777910232544,0.09722208231687546
s54,44,0,0.8490810394287109,0.15091894567012787
s54,45,1,0.0014429889852181077,0.9985570311546326
s54,46,0,0.7387281060218811,0.2612719237804413
s54,47,0,0.00017205957556143403,0.9998278617858887
s54,48,0,0.6923907995223999,0.3076092302799225
s54,49,1,0.38846784830093384,0.6115321516990662
