subject_id,trial_id,label,p0,p1
s01,0,1,6.630837560805958e-06,0.9999933242797852
s01,1,0,0.5686532855033875,0.43134671449661255
s01,2,0,1.0,4.2186299592517074e-11
s01,3,0,0.4385555386543274,0.5614444613456726
s01,4,0,0.9596384763717651,0.040361445397138596
s01,5,0,0.11320497840642929,0.8867949843406677
s01,6,0,0.9999128580093384,8.710771362530068e-05
s01,7,1,0.9999457597732544,5.419692752184346e-05
s01,8,1,7.588210428366438e-05,0.9999240636825562
s01,9,1,0.9999994039535522,5.944092436038773e-07
s01,10,1,0.00062204321147874,0.999377965927124
s01,11,0,0.9841392636299133,0.015860730782151222
s01,12,1,0.9999552965164185,4.4661006540991366e-05
s01,13,1,1.170272628803204e-10,1.0
s01,14,0,1.0,1.6380751199918109e-09
s01,15,0,0.9948193430900574,0.00518067367374897
s01,16,0,0.9999997615814209,2.9264151635288727e-07
s01,17,0,3.190297502442263e-05,0.9999680519104004
s01,18,1,1.0,5.351977749867842e-10
s01,19,1,0.05384625867009163,0.9461537599563599
s01,20,1,4.3088181200801046e-07,0.9999995231628418
s01,21,0,2.8277243657726103e-08,1.0
s01,22,0,0.005348941311240196,0.9946511387825012
s01,23,1,7.133277790671855e-07,0.9999992847442627
s01,24,0,0.9864628911018372,0.013537082821130753
s01,25,1,0.7910171747207642,0.20898284018039703
s01,26,1,1.3105181096761953e-05,0.9999868869781494
s01,27,1,0.9741947650909424,0.02580522745847702
s01,28,0,0.9999998807907104,1.0612003364940392e-07
s01,29,1,0.4801013767719269,0.5198986530303955
s01,30,0,1.0,9.86885240195079e-10
s01,31,0,5.8670382713899016e-05,0.999941349029541
s01,32,0,0.10617417097091675,0.8938258290290833
s01,33,1,0.006429716944694519,0.9935703277587891
s01,34,0,0.9767743945121765,0.023225557059049606
s01,35,0,0.41790318489074707,0.5820968151092529
s01,36,1,1.1131560313515365e-06,0.999998927116394
s01,37,0,0.999578058719635,0.00042194215347990394
s01,38,1,3.3804255963332253e-06,0.9999966621398926
s01,39,1,0.0012347103329375386,0.9987653493881226
s01,40,1,0.001296306261792779,0.9987037181854248
s01,41,1,0.9998780488967896,0.00012191111454740167
s01,42,0,0.68715500831604,0.3128449618816376
s01,43,1,0.55643230676651,0.44356769323349
s01,44,0,0.9999607801437378,3.925339478882961e-05
s01,45,1,0.12751504778862,0.8724849820137024
s01,46,1,1.2679858627961949e-05,0.9999873638153076
s01,47,0,5.673771283909446e-06,0.9999942779541016
s01,48,1,0.00012011826038360596,0.9998798370361328
s01,49,0,0.018541982397437096,0.9814580082893372
s02,0,1,0.7340602278709412,0.2659398317337036
s02,1,0,0.9999444484710693,5.557821350521408e-05
s02,2,0,0.002624492160975933,0.99737548828125
s02,3,0,0.9643898010253906,0.03561016917228699
s02,4,1,0.9929210543632507,0.007078948430716991
s02,5,0,0.9994133710861206,0.0005866067949682474
s02,6,1,0.05781087279319763,0.9421891570091248
s02,7,0,0.9984956979751587,0.0015043161110952497
s02,8,1,0.9397597908973694,0.06024017557501793
s02,9,1,0.00020131470228079706,0.9997987151145935
s02,10,1,3.6273956993682077e-07,0.9999996423721313
s02,11,1,2.2435431219491875e-06,0.9999977350234985
s02,12,1,0.3273391127586365,0.6726608276367188
s02,13,1,5.818770318910538e-07,0.9999994039535522
s02,14,1,4.358780643087812e-05,0.9999563694000244
s02,15,0,0.9999037981033325,9.618409967515618e-05
s02,16,1,0.9966080188751221,0.003391992300748825
s02,17,0,0.23242239654064178,0.767577588558197
s02,18,0,0.003891224507242441,0.9961088299751282
s02,19,0,0.9681199193000793,0.03188014030456543
s02,20,0,0.9999914169311523,8.52396169648273e-06
s02,21,0,0.998712420463562,0.001287564868107438
s02,22,1,1.3250430129119195e-05,0.9999867677688599
s02,23,0,0.9998162388801575,0.00018376616935711354
s02,24,0,0.9996111989021301,0.0003887829661834985
s02,25,0,0.9998940229415894,0.00010600296809570864
s02,26,1,2.4627108359709382e-05,0.999975323677063
s02,27,0,0.14497274160385132,0.8550271987915039
s02,28,0,0.9995027780532837,0.0004972113529220223
s02,29,1,0.02213759534060955,0.9778623580932617
s02,30,1,8.378556231036782e-07,0.9999991655349731
s02,31,1,1.7778369283405482e-06,0.9999982118606567
s02,32,0,0.9997418522834778,0.0002581267326604575
s02,33,0,0.9338735342025757,0.06612645834684372
s02,34,1,0.0001701035216683522,0.999829888343811
s02,35,0,0.8971965312957764,0.10280347615480423
s02,36,0,0.9999915361404419,8.406028427998535e-06
s02,37,1,2.5556058972142637e-05,0.9999744892120361
s02,38,1,0.0002207256475230679,0.9997792840003967
s02,39,0,0.9999934434890747,6.600811957468977e-06
s02,40,1,6.479546300397487e-06,0.9999935626983643
s02,41,0,0.9999914169311523,8.534876542398706e-06
s02,42,0,0.6494086980819702,0.3505912721157074
s02,43,0,0.9999382495880127,6.171747372718528e-05
s02,44,1,0.004353843163698912,0.9956461787223816
s02,45,0,0.9998832941055298,0.00011674243432935327
s02,46,1,7.406960503431037e-05,0.999925971031189
s02,47,1,0.18891067802906036,0.8110893368721008
s02,48,1,0.000763865711633116,0.9992361068725586
s02,49,1,0.00027508940547704697,0.9997249245643616
s03,0,1,4.8686620707227846e-11,1.0
s03,1,0,0.7190808057785034,0.2809191942214966
s03,2,0,0.060457997024059296,0.9395420551300049
s03,3,0,0.0018957973225042224,0.9981042146682739
s03,4,1,0.009513949044048786,0.9904860854148865
s03,5,0,0.2905052900314331,0.7094947099685669
s03,6,1,0.99991774559021,8.220064046327025e-05
s03,7,1,0.0001744623004924506,0.9998255372047424
s03,8,0,0.9942821264266968,0.005717950407415628
s03,9,1,1.8741130816124496e-06,0.9999980926513672
s03,10,1,0.781960666179657,0.21803930401802063
s03,11,1,0.9970620274543762,0.002937975572422147
s03,12,1,0.14005401730537415,0.8599460124969482
s03,13,0,0.939346432685852,0.06065353378653526
s03,14,1,0.9999445676803589,5.537178731174208e-05
s03,15,0,0.5562723278999329,0.44372767210006714
s03,16,0,1.0,5.605854003221111e-09
s03,17,1,0.00016053403669502586,0.9998394250869751
s03,18,1,0.999785840511322,0.000214121158933267
s03,19,0,1.0,1.7484944603296526e-09
s03,20,1,9.093511010860311e-08,0.9999998807907104
s03,21,1,0.9999856948852539,1.4339773770188913e-05
s03,22,0,0.9999983310699463,1.6666549527144525e-06
s03,23,0,0.9999960660934448,3.979559096478624e-06
s03,24,0,0.9999973773956299,2.564840997365536e-06
s03,25,0,5.207160211284645e-05,0.9999479055404663
s03,26,1,8.622461677987303e-07,0.9999991655349731
s03,27,0,0.9998832941055298,0.00011670737148961052
s03,28,1,0.019225697964429855,0.9807743430137634
s03,29,1,0.9979702830314636,0.0020296538714319468
s03,30,1,0.004100535064935684,0.995899498462677
s03,31,0,0.9999960660934448,3.9050032683007885e-06
s03,32,1,0.9999210834503174,7.890753477113321e-05
s03,33,0,0.9948896169662476,0.005110399331897497
s03,34,0,3.537701616096456e-07,0.9999996423721313
s03,35,1,0.7711839079856873,0.22881609201431274
s03,36,1,0.009172269143164158,0.990827739238739
s03,37,0,0.8717397451400757,0.12826021015644073
s03,38,0,0.7354182004928589,0.2645818293094635
s03,39,1,2.396824811512488e-06,0.999997615814209
s03,40,1,0.9999868869781494,1.309613526245812e-05
s03,41,0,0.9999027252197266,9.728474833536893e-05
s03,42,1,0.022370442748069763,0.977629542350769
s03,43,0,5.60490989300888e-05,0.9999439716339111
s03,44,1,0.99415522813797,0.005844821222126484
s03,45,0,0.9999841451644897,1.5842548236832954e-05
s03,46,1,0.9999226331710815,7.73925130488351e-05
s03,47,0,0.9999951124191284,4.922180323774228e-06
s03,48,1,0.00015166786033660173,0.9998483657836914
s03,49,0,0.5146719217300415,0.4853281080722809
s04,0,0,0.9999325275421143,6.743451376678422e-05
s04,1,0,0.06283498555421829,0.9371650218963623
s04,2,1,0.9992700219154358,0.0007299918215721846
s04,3,1,0.9972904920578003,0.002709547523409128
s04,4,0,0.9942836165428162,0.00571635365486145
s04,5,0,0.028665583580732346,0.9713343977928162
s04,6,1,0.1700579971075058,0.829941987991333
s04,7,0,0.9941558837890625,0.005844118073582649
s04,8,0,0.9936062097549438,0.006393801886588335
s04,9,1,0.03799621760845184,0.9620038270950317
s04,10,0,0.999937891960144,6.205948739079759e-05
s04,11,0,0.9871282577514648,0.012871705926954746
s04,12,1,0.4455607533454895,0.5544392466545105
s04,13,0,0.999163031578064,0.0008369579445570707
s04,14,0,0.9999532699584961,4.667554821935482e-05
s04,15,1,0.3256186842918396,0.6743813753128052
s04,16,1,0.4101947844028473,0.5898052453994751
s04,17,0,0.11077825725078583,0.8892216682434082
s04,18,1,0.1258794516324997,0.8741205334663391
s04,19,1,0.9998537302017212,0.00014621335139963776
s04,20,1,0.9996771812438965,0.00032286622445099056
s04,21,0,0.9999779462814331,2.2077403627918102e-05
s04,22,0,0.9986470341682434,0.0013529981952160597
s04,23,1,0.301119327545166,0.698880672454834
s04,24,1,0.29215162992477417,0.7078483700752258
s04,25,0,0.9965004920959473,0.003499440150335431
s04,26,0,0.31085583567619324,0.6891441941261292
s04,27,0,0.995820164680481,0.004179821815341711
s04,28,1,0.9539691805839539,0.04603074863553047
s04,29,1,0.653541624546051,0.34645840525627136
s04,30,0,0.24032366275787354,0.7596763968467712
s04,31,0,0.9972881078720093,0.0027119554579257965
s04,32,0,0.9983536005020142,0.0016463730717077851
s04,33,1,0.11913760751485825,0.8808624148368835
s04,34,0,0.3408384323120117,0.6591616272926331
s04,35,1,0.9949342608451843,0.0050657703541219234
s04,36,1,0.971777617931366,0.028222357854247093
s04,37,1,0.38828736543655396,0.611712634563446
s04,38,0,0.9536644816398621,0.04633554071187973
s04,39,0,0.982166588306427,0.017833473160862923
s04,40,0,0.2834382653236389,0.7165617346763611
s04,41,1,0.999640941619873,0.000359044352080673
s04,42,1,0.0079131368547678,0.9920868277549744
s04,43,1,0.1732211410999298,0.8267788887023926
s04,44,1,0.07068252563476562,0.9293174743652344
s04,45,0,0.7268123030662537,0.27318769693374634
s04,46,0,0.9966040849685669,0.003395916661247611
s04,47,1,0.9990580677986145,0.0009419341804459691
s04,48,0,0.9994851350784302,0.0005148964701220393
s04,49,1,0.9637593626976013,0.03624056652188301
s05,0,0,0.9324557781219482,0.06754421442747116
s05,1,1,0.9341083765029907,0.06589164584875107
s05,2,1,0.06723356246948242,0.9327663779258728
s05,3,0,0.9703366756439209,0.029663359746336937
s05,4,1,0.4483424723148346,0.551657497882843
s05,5,1,5.095921906672629e-08,1.0
s05,6,1,0.9823565483093262,0.017643438652157784
s05,7,0,0.8510215282440186,0.14897845685482025
s05,8,1,1.6309266356984153e-05,0.9999836683273315
s05,9,0,0.026582466438412666,0.9734175801277161
s05,10,0,0.00018623657524585724,0.9998137354850769
s05,11,0,0.006792305503040552,0.9932076334953308
s05,12,0,0.006562144495546818,0.9934378266334534
s05,13,0,0.9670177102088928,0.032982274889945984
s05,14,0,0.6789928078651428,0.3210071921348572
s05,15,0,1.0,4.281261567484762e-09
s05,16,1,0.9999288320541382,7.118077337509021e-05
s05,17,0,0.2699694335460663,0.7300305962562561
s05,18,1,1.7448679500375874e-05,0.9999825954437256
s05,19,1,0.00010844613279914483,0.9998915195465088
s05,20,0,0.06173976883292198,0.9382602572441101
s05,21,1,0.7104461789131165,0.28955385088920593
s05,22,0,0.9586697816848755,0.041330233216285706
s05,23,1,0.5186212062835693,0.4813787341117859
s05,24,1,0.6975759863853455,0.30242401361465454
s05,25,0,0.9377779960632324,0.062221959233284
s05,26,1,0.6121745109558105,0.38782551884651184
s05,27,0,0.004766908474266529,0.9952331185340881
s05,28,1,0.9958679676055908,0.004132012836635113
s05,29,1,0.0010253682266920805,0.9989746809005737
s05,30,1,0.004133618902415037,0.9958664178848267
s05,31,1,0.02456062100827694,0.9754393696784973
s05,32,1,0.6751646399497986,0.3248353600502014
s05,33,1,0.023386890068650246,0.9766131639480591
s05,34,0,0.9999978542327881,2.095432364512817e-06
s05,35,1,0.8581207990646362,0.14187923073768616
s05,36,1,0.9412974119186401,0.058702632784843445
s05,37,0,0.9870211482048035,0.012978881597518921
s05,38,1,0.999962329864502,3.768532769754529e-05
s05,39,1,0.004381329752504826,0.9956186413764954
s05,40,1,0.03349485620856285,0.9665051102638245
s05,41,0,0.03998546302318573,0.9600145220756531
s05,42,0,0.9570281505584717,0.0429719053208828
s05,43,0,0.0018022422445937991,0.9981977343559265
s05,44,0,0.9980342984199524,0.0019657043740153313
s05,45,1,0.704281747341156,0.2957182824611664
s05,46,0,0.0007327613420784473,0.9992672801017761
s05,47,1,0.0012100269086658955,0.9987899661064148
s05,48,0,0.0007387853693217039,0.999261200428009
s05,49,0,0.27848541736602783,0.7215145230293274
s06,0,1,4.7054043534444645e-05,0.9999529123306274
s06,1,1,5.182352325050488e-09,1.0
s06,2,1,2.8166933230266977e-09,1.0
s06,3,0,1.0711940362506667e-10,1.0
s06,4,1,0.9995083808898926,0.0004915594472549856
s06,5,0,2.723356473666172e-08,1.0
s06,6,1,4.600496428253109e-09,1.0
s06,7,0,1.4279521141913332e-11,1.0
s06,8,1,0.03485419228672981,0.9651457667350769
s06,9,0,2.9557651259892737e-07,0.9999997615814209
s06,10,1,7.093263693427887e-13,1.0
s06,11,1,2.057607616734458e-06,0.9999979734420776
s06,12,0,7.093571525729203e-07,0.9999992847442627
s06,13,0,1.3324699121852746e-09,1.0
s06,14,0,0.13086606562137604,0.8691339492797852
s06,15,1,1.712626271910267e-07,0.9999998807907104
s06,16,0,9.409912848923341e-08,0.9999998807907104
s06,17,0,1.0547063666876966e-08,1.0
s06,18,1,9.943444638338406e-06,0.9999901056289673
s06,19,0,7.470375749107916e-06,0.9999924898147583
s06,20,1,5.034568872908096e-10,1.0
s06,21,1,1.1678365829936865e-08,1.0
s06,22,1,3.5708922041521873e-08,1.0
s06,23,0,3.1703766012469714e-07,0.9999996423721313
s06,24,1,2.4892401029319444e-08,1.0
s06,25,0,0.9999743700027466,2.566532748460304e-05
s06,26,1,8.488162395181575e-10,1.0
s06,27,0,1.9792924244033117e-11,1.0
s06,28,0,9.677090702098212e-07,0.9999990463256836
s06,29,1,1.3200662785095574e-10,1.0
s06,30,0,0.9598474502563477,0.04015253856778145
s06,31,1,1.1484838857711566e-08,1.0
s06,32,1,4.10349323964887e-11,1.0
s06,33,1,1.896329981931899e-09,1.0
s06,34,1,9.479429508019166e-08,0.9999998807907104
s06,35,0,1.9532335748806418e-09,1.0
s06,36,1,2.2315404635264713e-08,1.0
s06,37,0,0.9975953698158264,0.002404578495770693
s06,38,1,0.8396188020706177,0.16038119792938232
s06,39,0,0.019589746370911598,0.9804102778434753
s06,40,0,2.120377828873643e-08,1.0
s06,41,1,4.5392565262147855e-09,1.0
s06,42,0,1.940001936873159e-08,1.0
s06,43,1,3.261487968586607e-09,1.0
s06,44,0,2.764522388787327e-09,1.0
s06,45,1,5.202003450222037e-08,1.0
s06,46,0,2.1269231638143538e-06,0.9999978542327881
s06,47,0,2.105109055822174e-12,1.0
s06,48,0,1.0,3.876292082455324e-12
s06,49,1,2.7672784203014444e-11,1.0
s07,0,0,0.9993372559547424,0.0006626740214414895
s07,1,0,0.0002676616422832012,0.9997323155403137
s07,2,0,0.9588273763656616,0.041172582656145096
s07,3,1,0.21749867498874664,0.7825012803077698
s07,4,1,7.863740756874904e-05,0.9999213218688965
s07,5,1,3.947011919080978e-06,0.9999960660934448
s07,6,0,1.1337098840158433e-05,0.9999886751174927
s07,7,0,0.9976219534873962,0.002378046978265047
s07,8,0,0.0022029567044228315,0.9977970123291016
s07,9,0,0.9337641000747681,0.06623593717813492
s07,10,1,0.29458001255989075,0.7054199576377869
s07,11,0,0.5859429836273193,0.41405707597732544
s07,12,0,0.99997878074646,2.120489807566628e-05
s07,13,1,1.9254471350649283e-09,1.0
s07,14,1,0.9895714521408081,0.010428579524159431
s07,15,0,0.9940457344055176,0.005954249296337366
s07,16,0,0.24646244943141937,0.7535375952720642
s07,17,0,5.336586493004645e-17,1.0
s07,18,1,1.501003453086014e-06,0.9999984502792358
s07,19,0,1.0877670292286368e-12,1.0
s07,20,0,0.3894887864589691,0.6105112433433533
s07,21,1,2.8880744462611574e-09,1.0
s07,22,1,0.9889816641807556,0.011018356308341026
s07,23,1,0.032527483999729156,0.9674725532531738
s07,24,1,0.9998865127563477,0.00011344404629198834
s07,25,1,0.5671594142913818,0.43284058570861816
s07,26,1,0.9993016719818115,0.0006983198691159487
s07,27,1,3.3457615700172028e-06,0.9999966621398926
s07,28,1,0.9999473094940186,5.271462578093633e-05
s07,29,1,0.999997615814209,2.3578993477713084e-06
s07,30,1,0.5652591586112976,0.4347407817840576
s07,31,1,0.00011388105485821143,0.999886155128479
s07,32,0,0.9608186483383179,0.039181385189294815
s07,33,1,0.04362315312027931,0.956376850605011
s07,34,0,0.009375887922942638,0.9906241297721863
s07,35,0,2.6135054349382403e-17,1.0
s07,36,0,3.0869606870709276e-09,1.0
s07,37,0,0.9999998807907104,1.5406456554956094e-07
s07,38,1,1.1531959198327058e-13,1.0
s07,39,0,0.9999982118606567,1.7857962575362762e-06
s07,40,1,0.0004747666826006025,0.9995251893997192
s07,41,1,3.2966756494806626e-12,1.0
s07,42,0,0.012954908423125744,0.9870451092720032
s07,43,0,1.0,6.108440142593707e-11
s07,44,0,0.14107874035835266,0.858921229839325
s07,45,1,1.632157256570288e-11,1.0
s07,46,0,0.864354133605957,0.1356458067893982
s07,47,1,0.004793512634932995,0.9952064156532288
s07,48,1,0.5374114513397217,0.4625885486602783
s07,49,0,0.19967718422412872,0.8003227710723877
s08,0,1,0.005965489894151688,0.9940345883369446
s08,1,0,1.0,1.3151870703609347e-08
s08,2,1,5.284957296680659e-05,0.999947190284729
s08,3,1,1.2264760016478249e-06,0.9999988079071045
s08,4,0,0.5441303849220276,0.4558696448802948
s08,5,1,0.9999997615814209,2.3947336558194365e-07
s08,6,1,4.3240372178843245e-05,0.9999567270278931
s08,7,1,1.620120144707471e-07,0.9999998807907104
s08,8,0,0.16975724697113037,0.8302428126335144
s08,9,0,0.9999691247940063,3.09281240333803e-05
s08,10,0,0.2850496768951416,0.7149503231048584
s08,11,0,1.0,1.9561341435547774e-09
s08,12,0,0.016799723729491234,0.9832003116607666
s08,13,0,0.998257577419281,0.0017424786929041147
s08,14,0,8.920729669625871e-06,0.9999910593032837
s08,15,1,0.013963285833597183,0.9860367178916931
s08,16,1,0.9999992847442627,7.109208581823623e-07
s08,17,1,0.9999991655349731,7.771247396703984e-07
s08,18,0,0.03271499648690224,0.9672849774360657
s08,19,0,0.8865372538566589,0.11346277594566345
s08,20,1,0.0004029457049909979,0.9995970129966736
s08,21,1,0.005957439541816711,0.9940425753593445
s08,22,1,1.4921069123374764e-05,0.9999850988388062
s08,23,1,4.883011570200324e-05,0.9999511241912842
s08,24,1,0.9040926098823547,0.09590738266706467
s08,25,1,0.5684119462966919,0.43158799409866333
s08,26,0,0.0024634310975670815,0.9975365400314331
s08,27,1,1.9605602119554533e-07,0.9999997615814209
s08,28,0,1.0,8.749069524416342e-11
s08,29,0,8.083278953563422e-05,0.9999191761016846
s08,30,0,0.0006630303105339408,0.9993368983268738
s08,31,1,0.18575794994831085,0.8142420053482056
s08,32,0,0.375175416469574,0.6248246431350708
s08,33,1,5.785786015621852e-06,0.999994158744812
s08,34,1,0.017024949193000793,0.9829750657081604
s08,35,0,0.8818315863609314,0.11816848069429398
s08,36,1,0.057782165706157684,0.9422178864479065
s08,37,0,0.919474720954895,0.0805252194404602
s08,38,1,0.06001221761107445,0.9399877786636353
s08,39,1,0.024439774453639984,0.975560188293457
s08,40,0,0.9999992847442627,7.446515724041092e-07
s08,41,0,0.8022260069847107,0.1977739930152893
s08,42,1,0.0014335287269204855,0.9985664486885071
s08,43,0,0.02955535799264908,0.9704446792602539
s08,44,1,0.001963947433978319,0.9980360865592957
s08,45,0,0.941532552242279,0.05846744030714035
s08,46,1,0.007764631882309914,0.9922353625297546
s08,47,0,0.0004599157546181232,0.9995400905609131
s08,48,0,3.838275006273761e-06,0.9999961853027344
s08,49,0,0.9761080145835876,0.02389192022383213
s09,0,1,0.9999938011169434,6.157683401397662e-06
s09,1,0,3.908650625383814e-10,1.0
s09,2,0,0.9999626874923706,3.729932723217644e-05
s09,3,1,2.8230831006226254e-09,1.0
s09,4,1,0.9552996754646301,0.04470031335949898
s09,5,0,0.9999778270721436,2.217689689132385e-05
s09,6,0,0.9987108707427979,0.0012891453225165606
s09,7,0,0.9999814033508301,1.8644437659531832e-05
s09,8,0,0.9934762120246887,0.0065237474627792835
s09,9,1,0.99997878074646,2.117737130902242e-05
s09,10,1,0.15444038808345795,0.8455596566200256
s09,11,1,1.1825522051367443e-05,0.9999881982803345
s09,12,0,0.9999847412109375,1.5212018297461327e-05
s09,13,1,8.077437814790756e-05,0.9999191761016846
s09,14,1,0.9999983310699463,1.7072771925086272e-06
s09,15,0,1.4664728951174766e-05,0.9999853372573853
s09,16,1,0.9972713589668274,0.002728584688156843
s09,17,1,0.9999996423721313,3.163475525980175e-07
s09,18,1,4.4259338416452465e-09,1.0
s09,19,0,0.9999669790267944,3.3057905966416e-05
s09,20,0,0.998969554901123,0.0010304594179615378
s09,21,0,9.191307412947936e-07,0.9999990463256836
s09,22,1,0.999718964099884,0.0002810655569192022
s09,23,0,0.9998563528060913,0.00014361986541189253
s09,24,1,0.9979220032691956,0.002077969256788492
s09,25,0,0.0593600794672966,0.9406399130821228
s09,26,1,0.9999942779541016,5.725342816731427e-06
s09,27,1,0.9259486794471741,0.07405126839876175
s09,28,0,0.9998286962509155,0.00017128500621765852
s09,29,1,0.9998971223831177,0.00010290616774000227
s09,30,1,0.9995467066764832,0.00045323430094867945
s09,31,1,0.9934099316596985,0.006589986849576235
s09,32,1,2.3305219087887963e-07,0.9999997615814209
s09,33,0,0.6958221793174744,0.30417782068252563
s09,34,1,0.12892822921276093,0.8710718154907227
s09,35,0,0.8937826752662659,0.10621737688779831
s09,36,1,0.003205893561244011,0.9967941641807556
s09,37,0,0.98209148645401,0.01790846884250641
s09,38,1,3.7661902752006426e-05,0.999962329864502
s09,39,1,9.791146027282593e-08,0.9999998807907104
s09,40,0,0.999901294708252,9.866031177807599e-05
s09,41,0,0.9999966621398926,3.278830945419031e-06
s09,42,0,0.9999998807907104,1.4136585946289415e-07
s09,43,0,0.9959266185760498,0.00407335115596652
s09,44,0,8.734059520065784e-08,0.9999998807907104
s09,45,0,0.9999967813491821,3.1662841593060875e-06
s09,46,1,0.9982465505599976,0.001753425458446145
s09,47,1,0.9999591112136841,4.0866274503059685e-05
s09,48,0,0.9999994039535522,6.280614002207585e-07
s09,49,1,0.9999061822891235,9.375545778311789e-05
s10,0,0,0.9999998807907104,1.6993891449601506e-07
s10,1,1,0.007494205143302679,0.9925057291984558
s10,2,1,0.9999263286590576,7.366639329120517e-05
s10,3,1,0.9999983310699463,1.616748932065093e-06
s10,4,1,0.9999574422836304,4.250203346600756e-05
s10,5,0,0.9866047501564026,0.013395218178629875
s10,6,0,0.008942466229200363,0.9910575151443481
s10,7,1,0.43171268701553345,0.5682873129844666
s10,8,0,0.002053235424682498,0.9979467988014221
s10,9,1,0.2251792997121811,0.7748206853866577
s10,10,1,2.144231075362768e-05,0.9999785423278809
s10,11,0,0.9999037981033325,9.623778169043362e-05
s10,12,0,0.9981817007064819,0.0018183300271630287
s10,13,0,0.9999901056289673,9.8415102911531e-06
s10,14,0,0.9998525381088257,0.0001474358286941424
s10,15,0,0.9998409748077393,0.00015901254664640874
s10,16,0,0.00011334153532516211,0.9998866319656372
s10,17,0,0.9999998807907104,8.958404862369207e-08
s10,18,1,1.199738449031429e-06,0.9999988079071045
s10,19,0,0.9411929249763489,0.05880700424313545
s10,20,1,0.944145143032074,0.05585478991270065
s10,21,0,0.9998384714126587,0.0001615610672160983
s10,22,1,0.013161021284759045,0.9868389964103699
s10,23,1,0.44894981384277344,0.5510501861572266
s10,24,0,0.9999459981918335,5.4045041906647384e-05
s10,25,1,0.0021392127964645624,0.997860848903656
s10,26,1,0.008405474945902824,0.9915944933891296
s10,27,0,0.7789397239685059,0.22106027603149414
s10,28,0,0.9863346815109253,0.013665310107171535
s10,29,0,0.9970291256904602,0.0029709464870393276
s10,30,0,0.012396031990647316,0.9876039028167725
s10,31,1,1.3629464774567168e-06,0.9999986886978149
s10,32,0,0.9990652203559875,0.000934853102080524
s10,33,0,0.9999862909317017,1.3696408132091165e-05
s10,34,1,0.9033052921295166,0.09669473767280579
s10,35,1,0.9948793649673462,0.005120567511767149
s10,36,1,0.6287558674812317,0.3712441623210907
s10,37,1,2.7588208467932418e-05,0.9999724626541138
s10,38,0,0.828887939453125,0.1711120903491974
s10,39,1,0.00022032404376659542,0.9997796416282654
s10,40,1,0.0012733022449538112,0.9987266659736633
s10,41,1,6.013763595547061e-06,0.9999940395355225
s10,42,1,0.6685147285461426,0.33148524165153503
s10,43,0,0.9997143149375916,0.00028566960827447474
s10,44,0,0.9999983310699463,1.6302545873259078e-06
s10,45,1,0.4155295491218567,0.5844703912734985
s10,46,1,0.026297355070710182,0.9737026691436768
s10,47,1,2.9801352866343223e-05,0.9999701976776123
s10,48,0,0.001052310923114419,0.9989476799964905
s10,49,0,0.9996066689491272,0.00039334737812168896
s11,0,1,0.00022103458468336612,0.9997789263725281
s11,1,0,1.0,1.9501930452470173e-12
s11,2,0,0.28387337923049927,0.716126561164856
s11,3,1,3.5501781915520136e-16,1.0
s11,4,0,0.9998500347137451,0.0001499215723015368
s11,5,1,4.003363210358657e-05,0.9999599456787109
s11,6,1,2.6364943214729486e-11,1.0
s11,7,1,0.9989394545555115,0.0010606111027300358
s11,8,1,0.12511707842350006,0.8748828768730164
s11,9,0,0.5710626840591431,0.42893731594085693
s11,10,1,0.13724859058856964,0.8627514243125916
s11,11,0,1.0,5.8204937397610124e-11
s11,12,0,2.253302131901117e-23,1.0
s11,13,1,2.3650450087925323e-13,1.0
s11,14,0,0.9999998807907104,8.205530832583463e-08
s11,15,0,5.6479350085680835e-09,1.0
s11,16,0,0.005827977322041988,0.9941720366477966
s11,17,1,1.0,6.872939994906346e-10
s11,18,1,0.4754105806350708,0.5245894193649292
s11,19,1,0.9469069838523865,0.05309306085109711
s11,20,1,0.998441755771637,0.0015582414343953133
s11,21,1,0.9999995231628418,4.79404263842298e-07
s11,22,0,1.0,3.3546221491842845e-14
s11,23,0,1.0,1.633418175218949e-19
s11,24,1,3.494729980957345e-06,0.999996542930603
s11,25,1,6.252867113393006e-19,1.0
s11,26,1,0.22159726917743683,0.7784027457237244
s11,27,1,7.567483972533818e-23,1.0
s11,28,1,7.074174209265038e-05,0.9999293088912964
s11,29,1,6.6219405277917736e-15,1.0
s11,30,0,0.9959210157394409,0.004078961443156004
s11,31,0,0.97488933801651,0.025110650807619095
s11,32,0,1.0,2.441619822990404e-12
s11,33,0,1.0,3.5888510913073546e-11
s11,34,1,0.9963591694831848,0.0036408286541700363
s11,35,0,2.7494106547010233e-08,1.0
s11,36,0,0.9979704022407532,0.002029531169682741
s11,37,0,7.60437394159594e-17,1.0
s11,38,0,0.001586776226758957,0.9984132051467896
s11,39,1,0.9871484637260437,0.01285154651850462
s11,40,1,0.5157274007797241,0.4842725992202759
s11,41,0,1.2202279985051856e-11,1.0
s11,42,0,1.0,4.7147135974123814e-18
s11,43,0,1.3361197730049753e-27,1.0
s11,44,0,0.00013106966798659414,0.9998688697814941
s11,45,0,1.0,1.095051072041997e-08
s11,46,1,6.091614181968907e-07,0.9999994039535522
s11,47,1,0.9924675822257996,0.0075323618948459625
s11,48,0,5.508869354881474e-16,1.0
s11,49,0,1.1349222006629134e-07,0.9999998807907104
s12,0,1,1.0,3.4346841343291246e-11
s12,1,0,0.0011801263317465782,0.998819887638092
s12,2,0,1.1387236112128293e-18,1.0
s12,3,0,0.9971904158592224,0.0028096134774386883
s12,4,1,4.0744137663750735e-07,0.9999996423721313
s12,5,0,0.9998869895935059,0.00011304654617561027
s12,6,0,2.9387152267190686e-07,0.9999997615814209
s12,7,0,1.0,4.2648817810686523e-08
s12,8,1,6.225387230458096e-16,1.0
s12,9,1,0.9148882031440735,0.08511181175708771
s12,10,0,0.3099749982357025,0.6900249719619751
s12,11,1,0.9999994039535522,6.435345767386025e-07
s12,12,0,3.91561252399697e-06,0.9999960660934448
s12,13,0,1.1439849108697657e-15,1.0
s12,14,1,3.9437994127876475e-19,1.0
s12,15,1,0.0013270234921947122,0.9986729621887207
s12,16,0,0.9999978542327881,2.1205978555371985e-06
s12,17,1,9.05410124687478e-05,0.9999094009399414
s12,18,1,1.0,1.5239494388641361e-10
s12,19,1,0.06547113507986069,0.9345288872718811
s12,20,1,4.907225161169195e-17,1.0
s12,21,0,3.810870195880669e-20,1.0
s12,22,0,0.9993436932563782,0.0006562420749105513
s12,23,0,5.530341185000509e-10,1.0
s12,24,1,0.9530407786369324,0.04695916920900345
s12,25,1,0.9507158398628235,0.049284130334854126
s12,26,1,1.0,3.832593975516829e-08
s12,27,1,2.4655381902771722e-12,1.0
s12,28,0,1.0,4.498955360001961e-15
s12,29,0,7.120745731019917e-23,1.0
s12,30,0,0.009117711335420609,0.9908822774887085
s12,31,1,0.05696678161621094,0.9430332779884338
s12,32,1,1.332756875780522e-13,1.0
s12,33,0,0.9994459748268127,0.0005540194688364863
s12,34,1,7.82218947392721e-08,0.9999998807907104
s12,35,0,8.462166647404956e-07,0.9999991655349731
s12,36,1,0.9999954700469971,4.557795818982413e-06
s12,37,0,1.208534968100139e-06,0.9999988079071045
s12,38,0,0.15230341255664825,0.8476966023445129
s12,39,0,0.9999922513961792,7.73332158132689e-06
s12,40,0,0.9999998807907104,1.4547433124789677e-07
s12,41,0,1.0,6.986391326568864e-11
s12,42,0,0.00041958349174819887,0.999580442905426
s12,43,0,1.0,1.7710452651946082e-14
s12,44,0,6.1652749572260745e-09,1.0
s12,45,1,0.0839083194732666,0.9160916209220886
s12,46,0,1.0,1.7682732863472475e-15
s12,47,1,1.0,3.245281021690971e-08
s12,48,0,4.4923947228880934e-08,1.0
s12,49,1,0.999998927116394,1.0506986427571974e-06
s13,0,0,0.5212142467498779,0.4787857234477997
s13,1,0,0.16552823781967163,0.8344717025756836
s13,2,0,0.06661447882652283,0.9333854913711548
s13,3,0,1.0,1.577129052354742e-12
s13,4,0,1.0,5.0786596261787054e-08
s13,5,1,6.629844847338973e-06,0.9999933242797852
s13,6,0,0.9999997615814209,1.8255444445003377e-07
s13,7,1,0.9999985694885254,1.3985754776513204e-06
s13,8,1,3.649308200692758e-05,0.9999635219573975
s13,9,0,0.96011883020401,0.03988122195005417
s13,10,0,0.0005885784630663693,0.9994114637374878
s13,11,1,3.8077270503311667e-11,1.0
s13,12,0,1.0076256330648903e-05,0.9999898672103882
s13,13,1,0.9998815059661865,0.0001184488573926501
s13,14,1,0.9994200468063354,0.0005799302598461509
s13,15,1,7.45142489377848e-12,1.0
s13,16,1,0.9999334812164307,6.647538248216733e-05
s13,17,0,0.9437721967697144,0.05622783303260803
s13,18,0,0.013596877455711365,0.9864031076431274
s13,19,0,0.00012191216228529811,0.9998780488967896
s13,20,0,0.9996336698532104,0.00036629277747124434
s13,21,1,0.9999362230300903,6.375747761921957e-05
s13,22,1,0.9999998807907104,7.202319096677456e-08
s13,23,1,3.1064189415230814e-11,1.0
s13,24,1,0.9994887113571167,0.000511309364810586
s13,25,0,0.9999988079071045,1.1910085504496237e-06
s13,26,0,0.9922077059745789,0.007792347110807896
s13,27,1,1.1661148435759827e-10,1.0
s13,28,1,0.9998072981834412,0.0001926708355313167
s13,29,1,0.0010297298431396484,0.9989702701568604
s13,30,1,0.01611548662185669,0.9838845133781433
s13,31,1,1.0097530589447956e-09,1.0
s13,32,0,1.0,3.9919974335715647e-13
s13,33,0,0.9999991655349731,8.822898394100775e-07
s13,34,1,0.9999279975891113,7.197232480393723e-05
s13,35,1,3.654084534954194e-10,1.0
s13,36,1,0.9953047037124634,0.004695342853665352
s13,37,0,0.9999961853027344,3.7761021758342395e-06
s13,38,1,1.0,1.5128653538254433e-11
s13,39,0,1.0,1.960530404687688e-09
s13,40,0,1.1844246728287544e-05,0.9999881982803345
s13,41,0,0.9827166795730591,0.017283281311392784
s13,42,0,0.9999971389770508,2.9020629881415516e-06
s13,43,0,0.0016023168573156,0.9983976483345032
s13,44,1,0.999835729598999,0.00016422646876890212
s13,45,1,3.69581448778078e-12,1.0
s13,46,0,0.546959400177002,0.45304059982299805
s13,47,1,1.0,1.8040536176044952e-08
s13,48,0,0.027751943096518517,0.9722480773925781
s13,49,1,0.00010319634748157114,0.999896764755249
s14,0,1,0.00033986641210503876,0.9996601343154907
s14,1,0,0.9998992681503296,0.00010068777919514105
s14,2,1,0.04519273340702057,0.9548072218894958
s14,3,1,0.00015638952027074993,0.9998435974121094
s14,4,1,0.029580997303128242,0.9704190492630005
s14,5,0,0.9999997615814209,2.924434454598668e-07
s14,6,1,0.0008918041130527854,0.9991081357002258
s14,7,1,0.0004693293885793537,0.9995306730270386
s14,8,0,0.9872393012046814,0.012760689482092857
s14,9,0,1.0,5.847008988091318e-11
s14,10,1,0.0018643971998244524,0.9981355667114258
s14,11,1,7.710653881076723e-05,0.9999228715896606
s14,12,0,0.008140824735164642,0.9918591380119324
s14,13,0,1.0,5.177303355995144e-13
s14,14,0,0.9999995231628418,4.623105382961512e-07
s14,15,0,0.9999992847442627,7.731824211987259e-07
s14,16,1,0.8431094884872437,0.15689052641391754
s14,17,0,0.9985021352767944,0.0014979009283706546
s14,18,1,0.9999872446060181,1.2757740478264168e-05
s14,19,0,1.0,1.1423863632842313e-08
s14,20,1,0.0001243744627572596,0.9998756647109985
s14,21,1,0.02690979465842247,0.9730902314186096
s14,22,0,0.9999998807907104,7.198926255114202e-08
s14,23,0,1.0,8.521623684476509e-11
s14,24,1,0.0021616339217871428,0.9978384375572205
s14,25,1,0.0012627653777599335,0.9987372756004333
s14,26,0,0.9946728348731995,0.005327189806848764
s14,27,0,0.9305087327957153,0.06949130445718765
s14,28,1,0.0005342853255569935,0.9994657635688782
s14,29,0,0.9999998807907104,6.671227481547248e-08
s14,30,1,0.0004806826764252037,0.9995193481445312
s14,31,0,0.9999974966049194,2.4813818981783697e-06
s14,32,1,0.005333639215677977,0.994666337966919
s14,33,1,0.00014483655104413629,0.9998551607131958
s14,34,1,0.0007176836370490491,0.9992823004722595
s14,35,0,1.0,2.2778777128418248e-11
s14,36,0,1.0,3.962745687147162e-09
s14,37,0,1.0,2.964893930368362e-08
s14,38,0,0.9974494576454163,0.002550568198785186
s14,39,0,1.0,1.4595236130787725e-09
s14,40,1,0.007051958702504635,0.992948055267334
s14,41,0,1.0,5.197223273967211e-08
s14,42,1,0.3893975019454956,0.6106024384498596
s14,43,1,8.700667967787012e-05,0.9999129772186279
s14,44,1,0.006851031444966793,0.9931489825248718
s14,45,1,0.00015048040950205177,0.9998494386672974
s14,46,1,0.0015473776729777455,0.9984526634216309
s14,47,0,0.9999997615814209,2.2134298660603235e-07
s14,48,0,1.0,1.2863112810145017e-13
s14,49,0,0.9999998807907104,1.6530117363799945e-07
s15,0,1,0.9980083107948303,0.0019916698802262545
s15,1,0,1.0,1.8692335873593535e-11
s15,2,0,0.999983549118042,1.6457805031677708e-05
s15,3,0,0.9999998807907104,6.553284492838429e-08
s15,4,0,0.9999552965164185,4.4704687752528116e-05
s15,5,1,0.2626612186431885,0.7373387813568115
s15,6,1,3.0062572431432955e-09,1.0
s15,7,0,1.0,1.7635176305375033e-11
s15,8,0,1.0,3.2186060483496703e-09
s15,9,1,0.7567136287689209,0.24328632652759552
s15,10,1,0.001918746973387897,0.9980812072753906
s15,11,1,2.955480526978249e-09,1.0
s15,12,1,4.663826214112987e-09,1.0
s15,13,0,0.9999971389770508,2.8993963496759534e-06
s15,14,1,0.000667479878757149,0.9993324875831604
s15,15,1,1.462699961152225e-10,1.0
s15,16,0,0.9999990463256836,9.004097591969185e-07
s15,17,0,1.0,1.3251786334933513e-08
s15,18,0,0.999976634979248,2.3389804482576437e-05
s15,19,0,1.0,3.310381575997545e-15
s15,20,1,1.798183149048782e-07,0.9999997615814209
s15,21,1,2.200539483965258e-06,0.9999978542327881
s15,22,0,1.0,2.510707960978742e-11
s15,23,1,0.0029279051814228296,0.9970721006393433
s15,24,0,0.9997615218162537,0.00023845527903176844
s15,25,1,1.4412601112567813e-09,1.0
s15,26,0,1.0,6.810936536982837e-11
s15,27,0,1.0,2.4277057801078043e-17
s15,28,0,0.9996681213378906,0.00033185293432325125
s15,29,1,5.073903519559053e-09,1.0
s15,30,1,7.346827313181592e-11,1.0
s15,31,1,3.185365926583472e-08,1.0
s15,32,1,0.014710661955177784,0.9852893948554993
s15,33,0,0.0028279649559408426,0.9971720576286316
s15,34,0,1.0,1.0216983925559475e-09
s15,35,1,0.8015497922897339,0.1984502375125885
s15,36,0,1.0,6.89423240718412e-11
s15,37,1,1.2335306998068063e-08,1.0
s15,38,0,1.0,7.405247526293124e-09
s15,39,1,1.5290572141779535e-09,1.0
s15,40,0,0.9999933242797852,6.7037235567113385e-06
s15,41,1,2.811588961648681e-09,1.0
s15,42,1,1.0896921587288944e-08,1.0
s15,43,0,1.0,6.572267730042824e-10
s15,44,0,1.0,1.6003275371545556e-09
s15,45,0,1.0,8.014643809728383e-11
s15,46,1,3.2831266594257613e-09,1.0
s15,47,1,6.496698318203542e-11,1.0
s15,48,0,0.9999407529830933,5.928341124672443e-05
s15,49,1,2.9555597969022074e-09,1.0
s16,0,1,3.385821613011705e-23,1.0
s16,1,1,0.10351146757602692,0.8964884877204895
s16,2,0,1.0,6.116981286960244e-24
s16,3,1,1.7847145134908086e-14,1.0
s16,4,1,2.5684096272016177e-07,0.9999997615814209
s16,5,0,1.0,8.315134605169083e-13
s16,6,1,4.6135754349079395e-15,1.0
s16,7,1,5.1465630395612985e-14,1.0
s16,8,1,3.4772501749102958e-06,0.999996542930603
s16,9,0,1.0,1.9107911119703657e-24
s16,10,0,1.0,8.851961655853531e-19
s16,11,0,1.0,4.739364456440853e-10
s16,12,1,0.00021521066082641482,0.9997847676277161
s16,13,0,0.7291191816329956,0.270880788564682
s16,14,1,6.760144888318109e-09,1.0
s16,15,1,2.579960820916408e-20,1.0
s16,16,1,7.248579958485379e-09,1.0
s16,17,0,1.0,1.4223524195964388e-26
s16,18,1,1.065563270949272e-22,1.0
s16,19,1,6.051347900181347e-16,1.0
s16,20,1,6.794350378436242e-16,1.0
s16,21,1,1.602525230570695e-11,1.0
s16,22,1,0.5504556894302368,0.4495442807674408
s16,23,1,1.0147794580076604e-15,1.0
s16,24,1,2.8353566053313873e-15,1.0
s16,25,1,1.385901967528567e-15,1.0
s16,26,0,8.621576341738546e-08,0.9999998807907104
s16,27,0,0.9939597845077515,0.006040275562554598
s16,28,0,1.0,3.132720584301243e-17
s16,29,0,1.0,5.215648468670508e-10
s16,30,1,4.387648466774863e-09,1.0
s16,31,1,1.7332288848592725e-07,0.9999998807907104
s16,32,1,8.157811307104771e-23,1.0
s16,33,0,0.004605679307132959,0.9953943490982056
s16,34,0,1.0,4.652204843580421e-09
s16,35,1,0.9999998807907104,6.735398017099214e-08
s16,36,1,2.931164545008713e-18,1.0
s16,37,1,7.987452921298654e-10,1.0
s16,38,1,3.489380731025449e-07,0.9999996423721313
s16,39,0,1.781645231346829e-08,1.0
s16,40,0,1.0,2.5307020417309465e-16
s16,41,0,1.0,3.004205900042513e-16
s16,42,0,1.0,1.5365771909745066e-16
s16,43,0,0.000646826287265867,0.9993532299995422
s16,44,0,1.0,2.501440998781135e-10
s16,45,1,0.9983611702919006,0.0016388663789257407
s16,46,1,4.139925029308586e-14,1.0
s16,47,0,1.0,1.608680025578698e-23
s16,48,0,1.0,2.937469497617327e-16
s16,49,1,4.404050102380097e-08,1.0
s17,0,1,8.398336821986707e-13,1.0
s17,1,1,2.7102384225763387e-10,1.0
s17,2,0,1.0,1.3309989774831082e-13
s17,3,0,1.0,2.8297392098801388e-14
s17,4,0,1.0,2.9906207176487454e-13
s17,5,0,1.0,4.151959331899491e-11
s17,6,1,3.240379076174804e-10,1.0
s17,7,1,1.5478365659495064e-13,1.0
s17,8,1,1.4926325800357354e-11,1.0
s17,9,0,0.9997701048851013,0.00022987615375313908
s17,10,0,0.9480525851249695,0.05194738134741783
s17,11,1,5.9969568441437145e-15,1.0
s17,12,0,1.0,2.2344768112084017e-14
s17,13,1,3.2990230759331017e-15,1.0
s17,14,0,1.0,6.487144763356908e-17
s17,15,1,1.2140972160457932e-14,1.0
s17,16,0,1.0,4.3462078380684943e-10
s17,17,0,1.0,2.2650830544534983e-08
s17,18,0,1.0,7.388319990531134e-12
s17,19,1,2.855121347677958e-11,1.0
s17,20,1,1.1360798234235844e-13,1.0
s17,21,0,0.9999380111694336,6.202416989253834e-05
s17,22,1,1.4919831301085651e-05,0.9999850988388062
s17,23,0,1.0,1.0660779897753159e-10
s17,24,1,1.0,2.5926432112299835e-09
s17,25,1,4.523164065517449e-09,1.0
s17,26,1,4.928338293019863e-10,1.0
s17,27,1,7.876336844021836e-13,1.0
s17,28,0,0.9999960660934448,3.956000000471249e-06
s17,29,0,1.0,6.901504541467762e-12
s17,30,0,1.0,2.6614901756549965e-14
s17,31,0,1.0,6.278574123282088e-15
s17,32,0,1.0,7.233856525942772e-13
s17,33,0,1.0,3.0425145042256574e-11
s17,34,1,1.1799051319316689e-11,1.0
s17,35,1,0.9993298053741455,0.000670198758598417
s17,36,1,5.174745297436195e-17,1.0
s17,37,0,1.0,8.512207972595338e-17
s17,38,1,4.373041651017928e-10,1.0
s17,39,0,1.0,4.561043298552175e-15
s17,40,0,1.0,1.7978472877100415e-11
s17,41,1,1.2857284673373215e-05,0.9999871253967285
s17,42,0,0.9584975838661194,0.041502390056848526
s17,43,1,1.0545960416383617e-15,1.0
s17,44,1,1.2502077151310687e-09,1.0
s17,45,0,1.0,8.401359153068332e-18
s17,46,0,1.0,1.2599527409262787e-17
s17,47,1,1.8429255822414396e-16,1.0
s17,48,0,0.00022239386453293264,0.999777615070343
s17,49,1,6.070842257583286e-15,1.0
s18,0,0,0.02218378335237503,0.9778162240982056
s18,1,0,0.4528653621673584,0.5471346378326416
s18,2,0,0.06075543910264969,0.9392445087432861
s18,3,0,0.39622169733047485,0.6037783026695251
s18,4,1,0.05609254166483879,0.9439073801040649
s18,5,1,0.9251067638397217,0.07489320635795593
s18,6,0,0.3796621859073639,0.6203378438949585
s18,7,0,0.009231595322489738,0.9907683730125427
s18,8,1,0.08562155067920685,0.9143785238265991
s18,9,1,0.053951092064380646,0.9460489153862
s18,10,0,0.01833675615489483,0.9816632270812988
s18,11,0,0.7495639324188232,0.25043603777885437
s18,12,0,0.9620445370674133,0.03795546665787697
s18,13,1,0.033422306180000305,0.9665777087211609
s18,14,0,0.9970180988311768,0.0029819030314683914
s18,15,1,0.016619592905044556,0.9833804368972778
s18,16,0,0.02384149096906185,0.9761584401130676
s18,17,1,0.9998589754104614,0.000140985895995982
s18,18,0,0.5952029228210449,0.4047970175743103
s18,19,0,0.587820291519165,0.41217970848083496
s18,20,1,0.983604371547699,0.0163955707103014
s18,21,0,0.9719351530075073,0.028064902871847153
s18,22,0,0.07043810933828354,0.9295618534088135
s18,23,1,0.8374996185302734,0.16250038146972656
s18,24,1,0.0007112944149412215,0.9992886781692505
s18,25,0,0.9911812543869019,0.008818699046969414
s18,26,1,0.0025943138170987368,0.9974057078361511
s18,27,1,0.012964069843292236,0.9870359301567078
s18,28,1,0.043355170637369156,0.9566448330879211
s18,29,0,0.012777184136211872,0.9872227907180786
s18,30,1,0.06660478562116623,0.933395266532898
s18,31,1,0.9410899877548218,0.058909956365823746
s18,32,0,0.9972788691520691,0.002721140393987298
s18,33,0,0.1480431854724884,0.851956844329834
s18,34,1,0.9999243021011353,7.570705201942474e-05
s18,35,0,0.6182379722595215,0.3817620277404785
s18,36,1,0.5671067833900452,0.43289321660995483
s18,37,1,0.9972301125526428,0.0027699037455022335
s18,38,0,0.0911276638507843,0.9088723063468933
s18,39,1,0.006257679779082537,0.9937422871589661
s18,40,0,0.4050586521625519,0.5949413180351257
s18,41,1,0.004803874529898167,0.9951961636543274
s18,42,0,0.0026807100512087345,0.9973192811012268
s18,43,1,7.493292650906369e-05,0.9999250173568726
s18,44,0,0.9803568720817566,0.019643113017082214
s18,45,1,0.9986465573310852,0.001353447325527668
s18,46,0,0.010077659040689468,0.9899223446846008
s18,47,1,0.007353661116212606,0.992646336555481
s18,48,0,0.9997199177742004,0.00028003923944197595
s18,49,1,0.6339263319969177,0.36607369780540466
s19,0,1,0.9995068311691284,0.0004931624280288815
s19,1,0,0.9861847758293152,0.01381518505513668
s19,2,1,0.9746326804161072,0.02536735124886036
s19,3,1,0.9969364404678345,0.00306360749527812
s19,4,1,0.5441513061523438,0.45584866404533386
s19,5,0,0.9803897738456726,0.01961020566523075
s19,6,1,0.05009337514638901,0.949906587600708
s19,7,0,0.9954336285591125,0.004566334653645754
s19,8,1,0.9822244048118591,0.01777554489672184
s19,9,1,0.31904739141464233,0.6809526085853577
s19,10,1,0.9673018455505371,0.032698098570108414
s19,11,0,0.9969998002052307,0.0030001408886164427
s19,12,0,0.9982571005821228,0.0017429107101634145
s19,13,1,0.06947068870067596,0.9305292963981628
s19,14,0,0.9929291605949402,0.007070828694850206
s19,15,0,0.9967536330223083,0.0032462982926517725
s19,16,1,0.9993301630020142,0.0006698434008285403
s19,17,0,0.9870245456695557,0.012975485064089298
s19,18,1,0.9444120526313782,0.05558791384100914
s19,19,0,0.9990013241767883,0.0009987350786104798
s19,20,0,0.9604770541191101,0.03952295705676079
s19,21,0,0.7173737287521362,0.28262627124786377
s19,22,1,0.8834666609764099,0.1165333092212677
s19,23,1,0.034612368792295456,0.9653875827789307
s19,24,1,0.9644554853439331,0.03554452210664749
s19,25,1,0.48196732997894287,0.5180326104164124
s19,26,0,0.9993360638618469,0.0006639323546551168
s19,27,0,0.9996525049209595,0.00034748573671095073
s19,28,1,0.172634556889534,0.8273654580116272
s19,29,0,0.9994648098945618,0.0005351869040168822
s19,30,1,0.9832507967948914,0.0167491864413023
s19,31,1,0.05079212412238121,0.9492078423500061
s19,32,0,0.9997877478599548,0.00021225375530775636
s19,33,1,0.052489399909973145,0.9475106000900269
s19,34,1,0.09923483431339264,0.9007651805877686
s19,35,1,0.7314300537109375,0.2685699462890625
s19,36,0,0.996599018573761,0.0034009520895779133
s19,37,0,0.9992978572845459,0.0007021553465165198
s19,38,0,0.9985650181770325,0.0014350332785397768
s19,39,0,0.29692649841308594,0.7030735015869141
s19,40,0,0.9969814419746399,0.003018596675246954
s19,41,1,0.04836360737681389,0.9516363739967346
s19,42,0,0.17036975920200348,0.8296302556991577
s19,43,1,0.0366549976170063,0.9633449912071228
s19,44,0,0.9927514791488647,0.0072485655546188354
s19,45,1,0.9855157136917114,0.014484263025224209
s19,46,1,0.9908560514450073,0.00914399791508913
s19,47,1,0.9994382262229919,0.0005617035203613341
s19,48,1,0.9606215953826904,0.03937835618853569
s19,49,1,0.46623650193214417,0.5337635278701782
s20,0,0,0.002002997789531946,0.997996985912323
s20,1,0,0.00013098257477395236,0.9998689889907837
s20,2,0,0.010521919466555119,0.9894780516624451
s20,3,0,3.095301872235723e-05,0.9999690055847168
s20,4,0,1.0,1.0339672229520147e-08
s20,5,1,1.4656731764262076e-05,0.9999853372573853
s20,6,0,0.8571391105651855,0.14286084473133087
s20,7,1,0.965857744216919,0.03414219617843628
s20,8,1,0.8984951972961426,0.10150483250617981
s20,9,0,0.9999932050704956,6.831978680565953e-06
s20,10,1,2.354936077608727e-05,0.999976396560669
s20,11,1,0.00010339650907553732,0.9998966455459595
s20,12,0,0.9951664209365845,0.004833600949496031
s20,13,0,0.8901363015174866,0.10986367613077164
s20,14,0,0.03806362673640251,0.9619362950325012
s20,15,0,0.015796832740306854,0.9842032194137573
s20,16,1,0.9886886477470398,0.011311343871057034
s20,17,0,0.6172399520874023,0.38276010751724243
s20,18,1,0.0022462871856987476,0.9977536797523499
s20,19,1,0.04707886651158333,0.9529211521148682
s20,20,0,0.11785192787647247,0.8821480870246887
s20,21,0,0.9774362444877625,0.02256382256746292
s20,22,1,1.001968257696717e-06,0.9999990463256836
s20,23,1,0.9996228218078613,0.00037714754580520093
s20,24,0,3.7747442547697574e-05,0.9999622106552124
s20,25,1,0.9999995231628418,4.719803143871104e-07
s20,26,1,2.2919782338703953e-07,0.9999997615814209
s20,27,0,0.0024486351758241653,0.9975513815879822
s20,28,1,0.9947688579559326,0.005231156479567289
s20,29,0,0.03243299201130867,0.9675670266151428
s20,30,1,0.02165754698216915,0.9783425331115723
s20,31,1,4.0891049479796493e-07,0.9999996423721313
s20,32,1,0.7276015877723694,0.272398442029953
s20,33,1,0.049784932285547256,0.9502151012420654
s20,34,0,0.004870915785431862,0.9951291084289551
s20,35,1,0.098149374127388,0.9018506407737732
s20,36,1,4.750328298541717e-05,0.9999524354934692
s20,37,1,0.3019740879535675,0.6980258822441101
s20,38,0,1.0,2.5578381634971947e-09
s20,39,0,0.21555908024311066,0.7844409346580505
s20,40,1,0.0009677098714746535,0.9990322589874268
s20,41,1,0.9677755832672119,0.03222447261214256
s20,42,0,0.9999998807907104,1.0922020976522617e-07
s20,43,1,2.381483864155598e-05,0.9999761581420898
s20,44,1,1.0,5.3176450601818276e-14
s20,45,0,0.14518146216869354,0.85481858253479
s20,46,1,0.0008371721487492323,0.9991627931594849
s20,47,0,4.514641815944742e-08,1.0
s20,48,0,0.15905627608299255,0.8409437537193298
s20,49,0,0.03265340253710747,0.9673465490341187
s21,0,1,0.26120370626449585,0.7387962937355042
s21,1,0,0.016292059794068336,0.9837079644203186
s21,2,0,0.18885564804077148,0.8111443519592285
s21,3,1,0.041879408061504364,0.958120584487915
s21,4,0,0.8675483465194702,0.1324516236782074
s21,5,1,0.4095541536808014,0.5904458165168762
s21,6,1,0.01039099134504795,0.9896090030670166
s21,7,0,0.9901414513587952,0.009858580306172371
s21,8,0,0.9625799655914307,0.03742007166147232
s21,9,0,0.967377245426178,0.03262276202440262
s21,10,0,0.2709832191467285,0.7290167808532715
s21,11,0,0.7607163786888123,0.23928359150886536
s21,12,1,0.6778694987297058,0.3221305310726166
s21,13,0,0.5116124153137207,0.4883876144886017
s21,14,0,0.17337995767593384,0.8266200423240662
s21,15,1,0.4523378908634186,0.5476621389389038
s21,16,1,0.5204445123672485,0.47955548763275146
s21,17,0,0.88109290599823,0.11890705674886703
s21,18,1,0.3645268380641937,0.6354731917381287
s21,19,1,0.2563982605934143,0.7436017990112305
s21,20,0,0.9771599173545837,0.022840049117803574
s21,21,0,0.9776062965393066,0.022393658757209778
s21,22,1,0.05145467072725296,0.9485453963279724
s21,23,1,0.9363842606544495,0.06361567229032516
s21,24,1,0.038561489433050156,0.9614385366439819
s21,25,0,0.9761038422584534,0.023896168917417526
s21,26,0,0.7292126417160034,0.2707872986793518
s21,27,1,0.8932512998580933,0.10674871504306793
s21,28,1,0.19092749059200287,0.8090725541114807
s21,29,0,0.2179434597492218,0.7820565700531006
s21,30,1,0.3334861695766449,0.6665138006210327
s21,31,0,0.10914849489927292,0.8908514976501465
s21,32,0,0.019965361803770065,0.980034589767456
s21,33,1,0.14436671137809753,0.8556332588195801
s21,34,1,0.07619181275367737,0.923808217048645
s21,35,1,0.9859077334403992,0.01409224420785904
s21,36,1,0.08056911826133728,0.9194309115409851
s21,37,1,0.048645008355379105,0.95135498046875
s21,38,0,0.286812424659729,0.713187575340271
s21,39,1,0.2006315439939499,0.7993685007095337
s21,40,0,0.9859532713890076,0.014046705327928066
s21,41,0,0.040068868547677994,0.9599311351776123
s21,42,1,0.6181190609931946,0.3818809390068054
s21,43,0,0.15623687207698822,0.8437631726264954
s21,44,1,0.024220060557127,0.9757798910140991
s21,45,0,0.10632342845201492,0.8936765789985657
s21,46,1,0.22327710688114166,0.7767229080200195
s21,47,1,0.8328449726104736,0.16715501248836517
s21,48,0,0.9830237030982971,0.01697632297873497
s21,49,0,0.966424286365509,0.03357573226094246
s22,0,1,0.967898428440094,0.03210154548287392
s22,1,0,1.0,1.6745915635066333e-12
s22,2,1,4.183726559858769e-06,0.9999958276748657
s22,3,1,1.0,1.5287723087453742e-08
s22,4,1,0.0003568773972801864,0.999643087387085
s22,5,1,0.0004741672601085156,0.9995259046554565
s22,6,1,1.7295705145858875e-10,1.0
s22,7,0,1.0,1.9803707562715545e-09
s22,8,1,0.00150425941683352,0.9984956979751587
s22,9,0,0.0003413549275137484,0.9996587038040161
s22,10,1,1.0330211352993501e-08,1.0
s22,11,0,0.9994568228721619,0.0005431623430922627
s22,12,0,0.0016986965201795101,0.9983012676239014
s22,13,1,1.1962512092011934e-09,1.0
s22,14,1,1.5584420420822198e-09,1.0
s22,15,0,0.9999994039535522,5.834968987983302e-07
s22,16,1,0.0008603343740105629,0.999139666557312
s22,17,0,0.999442994594574,0.0005569890490733087
s22,18,0,1.0,6.260540791835044e-15
s22,19,1,9.744234932829166e-12,1.0
s22,20,1,2.354529501328185e-14,1.0
s22,21,0,0.9997416138648987,0.00025837321300059557
s22,22,0,3.890780492926682e-12,1.0
s22,23,1,0.9996726512908936,0.0003273929178249091
s22,24,0,0.999993085861206,6.948963346076198e-06
s22,25,1,0.2053038477897644,0.7946962118148804
s22,26,1,0.9999890327453613,1.1022922990377992e-05
s22,27,0,0.5782105922698975,0.42178934812545776
s22,28,0,0.7515352368354797,0.24846471846103668
s22,29,0,0.05134614557027817,0.9486538171768188
s22,30,1,0.9939004182815552,0.006099585443735123
s22,31,0,1.0,9.291720171056284e-12
s22,32,1,8.572145452490076e-05,0.999914288520813
s22,33,1,0.999576985836029,0.00042299687629565597
s22,34,0,0.9307401180267334,0.06925982981920242
s22,35,1,0.16222822666168213,0.8377717733383179
s22,36,1,2.348389992845054e-21,1.0
s22,37,1,0.00026590353809297085,0.999734103679657
s22,38,0,0.9996117949485779,0.00038826707168482244
s22,39,1,0.9931517839431763,0.0068481964990496635
s22,40,0,0.9951874017715454,0.004812600091099739
s22,41,1,6.739266211752692e-08,0.9999998807907104
s22,42,0,0.005943074356764555,0.9940569400787354
s22,43,0,1.0,2.304367200528512e-12
s22,44,1,0.9999690055847168,3.103409835603088e-05
s22,45,1,3.8630739140899095e-07,0.9999996423721313
s22,46,0,0.999998927116394,1.1169491926921182e-06
s22,47,1,0.003906457684934139,0.9960935711860657
s22,48,0,2.391989362138247e-08,1.0
s22,49,0,0.9999991655349731,8.201203058888495e-07
s23,0,0,0.0018442035652697086,0.9981557726860046
s23,1,0,0.0016348782228305936,0.9983651041984558
s23,2,0,0.0030099740251898766,0.9969899654388428
s23,3,0,0.00015228736447170377,0.9998476505279541
s23,4,1,7.967119017848745e-05,0.9999203681945801
s23,5,0,0.000734578410629183,0.9992653727531433
s23,6,1,0.00048455013893544674,0.9995154142379761
s23,7,1,0.9999967813491821,3.1704269076726632e-06
s23,8,1,0.008261394686996937,0.9917386174201965
s23,9,1,5.87243921472691e-05,0.9999412298202515
s23,10,0,0.03431423008441925,0.9656857848167419
s23,11,1,0.9818826913833618,0.018117332831025124
s23,12,1,0.9385493993759155,0.06145063415169716
s23,13,0,0.03295755386352539,0.9670424461364746
s23,14,1,0.10850685834884644,0.8914931416511536
s23,15,0,0.17305715382099152,0.8269429206848145
s23,16,0,0.9926596283912659,0.007340376265347004
s23,17,1,0.0034883772023022175,0.9965116381645203
s23,18,0,0.0679837167263031,0.9320163130760193
s23,19,0,0.023594174534082413,0.9764057993888855
s23,20,0,0.01779908686876297,0.9822009205818176
s23,21,1,0.0018389917677268386,0.9981610178947449
s23,22,1,0.0042470768094062805,0.9957529306411743
s23,23,0,0.0018556143622845411,0.9981443881988525
s23,24,0,0.6465860605239868,0.3534139096736908
s23,25,1,0.0014579730341210961,0.998542070388794
s23,26,0,0.0008397591300308704,0.9991602897644043
s23,27,1,0.9976287484169006,0.0023712373804301023
s23,28,1,0.11478747427463531,0.8852125406265259
s23,29,0,0.03453931212425232,0.9654607176780701
s23,30,1,0.9746050834655762,0.025394927710294724
s23,31,0,0.9876234531402588,0.012376521714031696
s23,32,1,0.012125601060688496,0.987874448299408
s23,33,1,0.009836689569056034,0.9901633262634277
s23,34,0,0.7554846405982971,0.2445153445005417
s23,35,1,0.03403327241539955,0.9659667611122131
s23,36,1,0.9997400641441345,0.0002598958380986005
s23,37,0,0.14178098738193512,0.8582189679145813
s23,38,1,0.0001915790344355628,0.9998084902763367
s23,39,0,0.2769535183906555,0.7230464816093445
s23,40,1,0.906371533870697,0.09362850338220596
s23,41,1,0.05653345212340355,0.9434665441513062
s23,42,0,0.7865358591079712,0.21346415579319
s23,43,0,0.21668949723243713,0.7833105325698853
s23,44,0,0.000630960741546005,0.9993690848350525
s23,45,1,0.9851624369621277,0.01483760867267847
s23,46,1,0.005350290797650814,0.9946497082710266
s23,47,0,0.11823953688144684,0.8817604780197144
s23,48,0,4.243399598635733e-05,0.9999575614929199
s23,49,0,0.9999727010726929,2.731411950662732e-05
s24,0,1,2.1626128665630517e-10,1.0
s24,1,1,1.8826209480238276e-09,1.0
s24,2,0,0.08179526776075363,0.9182047247886658
s24,3,0,0.004948955960571766,0.9950510859489441
s24,4,0,0.9997881054878235,0.00021191040286794305
s24,5,1,1.2325103358905624e-15,1.0
s24,6,1,8.778593962865955e-10,1.0
s24,7,0,1.3216015304351458e-06,0.9999986886978149
s24,8,0,0.0001006324018817395,0.9998993873596191
s24,9,1,1.640804159208642e-10,1.0
s24,10,1,5.2322216106404085e-06,0.9999947547912598
s24,11,0,1.0,4.917324325504069e-10
s24,12,1,6.7874626241465254e-15,1.0
s24,13,0,0.49454399943351746,0.5054560303688049
s24,14,0,0.002337394282221794,0.9976626634597778
s24,15,0,0.992831826210022,0.007168206851929426
s24,16,0,0.9999889135360718,1.1118564543721732e-05
s24,17,1,0.00013343286991585046,0.9998666048049927
s24,18,0,0.0006608274416066706,0.9993391633033752
s24,19,0,1.0,3.6446706985771016e-08
s24,20,0,0.9999880790710449,1.1949839972658083e-05
s24,21,1,0.25626909732818604,0.743730902671814
s24,22,1,1.161170871455397e-06,0.9999988079071045
s24,23,0,1.0,3.750736166097113e-09
s24,24,1,5.362898264138494e-06,0.9999946355819702
s24,25,0,0.00041812570998445153,0.9995818734169006
s24,26,1,1.9449476751365324e-12,1.0
s24,27,1,1.8194122048953432e-06,0.9999982118606567
s24,28,0,0.9999580383300781,4.199615796096623e-05
s24,29,1,0.011391371488571167,0.9886085987091064
s24,30,0,0.08115776628255844,0.9188422560691833
s24,31,1,7.978692915231768e-15,1.0
s24,32,1,6.983680744809817e-09,1.0
s24,33,1,3.975831469604785e-11,1.0
s24,34,0,1.0,2.150834545189273e-11
s24,35,0,0.9998784065246582,0.00012158582831034437
s24,36,0,0.032907892018556595,0.9670920968055725
s24,37,0,0.9871600866317749,0.012839863076806068
s24,38,0,0.1953052431344986,0.8046947717666626
s24,39,0,0.8478298783302307,0.1521700918674469
s24,40,1,1.321339055948556e-07,0.9999998807907104
s24,41,1,0.00017685892817098647,0.9998231530189514
s24,42,1,1.475243152526673e-06,0.9999985694885254
s24,43,1,0.7188446521759033,0.2811553180217743
s24,44,0,1.977521606022492e-06,0.9999979734420776
s24,45,1,0.007515942677855492,0.9924840331077576
s24,46,0,0.0009605995146557689,0.999039351940155
s24,47,1,8.948667868935445e-07,0.9999990463256836
s24,48,1,5.684597326194307e-08,1.0
s24,49,0,0.9830996990203857,0.016900233924388885
s25,0,0,0.9999761581420898,2.3814203814254142e-05
s25,1,0,0.9193124175071716,0.08068756014108658
s25,2,1,1.7003250832203776e-05,0.9999829530715942
s25,3,0,0.9999786615371704,2.1330686649889685e-05
s25,4,1,0.0018817874370142817,0.9981182813644409
s25,5,0,0.9997989535331726,0.00020107450836803764
s25,6,0,0.9999382495880127,6.171730638016015e-05
s25,7,0,0.9998024106025696,0.00019755971152335405
s25,8,1,0.0236541498452425,0.9763458371162415
s25,9,1,0.9850354194641113,0.014964527450501919
s25,10,1,6.090446618145506e-07,0.9999994039535522
s25,11,1,0.03149763494729996,0.968502402305603
s25,12,0,0.9999997615814209,2.916313235346024e-07
s25,13,1,3.3309001992165577e-06,0.9999966621398926
s25,14,1,0.02809186466038227,0.9719080924987793
s25,15,1,0.00030178079032339156,0.999698281288147
s25,16,0,0.9700506329536438,0.029949313029646873
s25,17,1,0.0001178950333269313,0.9998821020126343
s25,18,1,0.04094238579273224,0.9590575695037842
s25,19,0,0.9999979734420776,2.046366944341571e-06
s25,20,0,0.0026096533983945847,0.9973903298377991
s25,21,1,1.041189443640178e-05,0.9999896287918091
s25,22,1,1.4116137663222617e-06,0.9999985694885254
s25,23,0,0.9999963045120239,3.6798733162868302e-06
s25,24,1,0.00029583467403426766,0.9997041821479797
s25,25,1,0.5960921049118042,0.4039078950881958
s25,26,0,0.9992247819900513,0.0007751601515337825
s25,27,1,0.0006005101022310555,0.9993995428085327
s25,28,0,0.9999829530715942,1.7064019630197436e-05
s25,29,0,0.9999691247940063,3.0846847948851064e-05
s25,30,0,0.999991774559021,8.242255717050284e-06
s25,31,1,0.7410501837730408,0.25894978642463684
s25,32,1,0.3307358920574188,0.6692641377449036
s25,33,1,5.226615940046031e-06,0.9999947547912598
s25,34,1,0.9995622038841248,0.00043774687219411135
s25,35,0,0.9999996423721313,3.720406880347582e-07
s25,36,1,0.043901342898607254,0.9560986757278442
s25,37,0,0.999998927116394,1.0929425116046332e-06
s25,38,0,0.999993085861206,6.8707372520293575e-06
s25,39,0,0.9999395608901978,6.03938169660978e-05
s25,40,0,0.9999697208404541,3.022635792149231e-05
s25,41,1,1.8682210622955608e-07,0.9999997615814209
s25,42,0,0.9999973773956299,2.59447574535443e-06
s25,43,1,3.0920301696824026e-07,0.9999996423721313
s25,44,0,0.999998927116394,1.0696536492105224e-06
s25,45,0,0.999991774559021,8.194743713829666e-06
s25,46,1,0.0009934570407494903,0.9990065693855286
s25,47,1,1.7781315975184953e-08,1.0
s25,48,0,0.9999963045120239,3.705655672092689e-06
s25,49,0,0.9999990463256836,9.767035180630046e-07
s26,0,1,0.9998447895050049,0.0001551454479340464
s26,1,0,0.5237383842468262,0.47626161575317383
s26,2,0,0.019323065876960754,0.9806770086288452
s26,3,1,0.0018702433444559574,0.9981297850608826
s26,4,0,0.9999996423721313,4.162587572409393e-07
s26,5,0,0.9999998807907104,1.2043706476561056e-07
s26,6,1,0.7705100774765015,0.22948993742465973
s26,7,1,0.09947381913661957,0.9005261063575745
s26,8,0,0.9999998807907104,1.261340543123879e-07
s26,9,0,0.999977707862854,2.22715698328102e-05
s26,10,0,0.9957706332206726,0.0042293500155210495
s26,11,0,0.9999812841415405,1.866856291599106e-05
s26,12,0,0.9999823570251465,1.7694166672299616e-05
s26,13,0,0.9420942664146423,0.057905785739421844
s26,14,1,1.0,3.8508026989347854e-08
s26,15,0,1.0,5.290841187388651e-08
s26,16,0,0.9968104958534241,0.0031894557178020477
s26,17,0,0.021752705797553062,0.9782472252845764
s26,18,0,0.03219321370124817,0.9678068161010742
s26,19,0,0.9999998807907104,6.730812884825355e-08
s26,20,0,0.9990431666374207,0.000956773292273283
s26,21,1,1.0,4.09958822444878e-08
s26,22,1,0.9993789196014404,0.0006210952997207642
s26,23,0,0.9878630638122559,0.012136932462453842
s26,24,1,0.9999573230743408,4.2666622903198004e-05
s26,25,0,0.695648193359375,0.3043518364429474
s26,26,0,0.02622329257428646,0.9737766981124878
s26,27,1,0.9999955892562866,4.361012088338612e-06
s26,28,1,0.7058930993080139,0.2941069006919861
s26,29,0,0.01619696617126465,0.9838030338287354
s26,30,1,0.9999561309814453,4.382739280117676e-05
s26,31,0,7.558655568118411e-08,0.9999998807907104
s26,32,1,1.0,1.5490456917177653e-08
s26,33,1,1.0,1.3037027013496072e-09
s26,34,1,0.9166874885559082,0.08331253379583359
s26,35,0,0.009643820114433765,0.9903562068939209
s26,36,0,0.9999358654022217,6.418413977371529e-05
s26,37,1,1.0,8.057857714405259e-10
s26,38,1,0.918864369392395,0.08113560080528259
s26,39,0,1.0,2.953333799737834e-09
s26,40,1,0.033921971917152405,0.966077983379364
s26,41,1,0.0013876957818865776,0.9986122846603394
s26,42,1,0.9753872156143188,0.024612825363874435
s26,43,0,6.553374532813905e-06,0.9999934434890747
s26,44,1,0.008217870257794857,0.9917820692062378
s26,45,1,0.000658947043120861,0.9993410706520081
s26,46,1,0.9994695782661438,0.0005303836078383029
s26,47,1,0.0005868003354407847,0.999413251876831
s26,48,1,0.9999678134918213,3.2238913263427094e-05
s26,49,1,0.9846839308738708,0.015316111966967583
s27,0,0,1.0,3.804507819893388e-09
s27,1,1,0.9999998807907104,8.09461866424499e-08
s27,2,0,0.9999949932098389,4.953494681103621e-06
s27,3,0,1.0,3.7682304498964925e-10
s27,4,0,0.0006598856416530907,0.9993401169776917
s27,5,1,8.655234751131502e-07,0.9999991655349731
s27,6,0,0.999974250793457,2.5763638404896483e-05
s27,7,0,0.9999963045120239,3.6470462418947136e-06
s27,8,0,0.9978996515274048,0.0021003102883696556
s27,9,1,4.445062131708255e-06,0.9999955892562866
s27,10,1,0.9928807020187378,0.007119322661310434
s27,11,0,0.9142205715179443,0.08577950298786163
s27,12,1,0.01679369993507862,0.9832062721252441
s27,13,0,1.0,3.196787001780166e-10
s27,14,0,1.0,1.263167792586728e-09
s27,15,1,0.9999978542327881,2.1977773485559737e-06
s27,16,1,0.0015341165708377957,0.998465895652771
s27,17,1,0.4879409670829773,0.5120590925216675
s27,18,0,0.9999990463256836,9.439003747502284e-07
s27,19,1,3.517775439831894e-06,0.9999964237213135
s27,20,1,4.621920015779324e-05,0.9999537467956543
s27,21,1,0.9999816417694092,1.836261981225107e-05
s27,22,0,0.9999929666519165,7.02564602761413e-06
s27,23,1,0.0005970505299046636,0.9994029998779297
s27,24,0,0.07086660712957382,0.9291333556175232
s27,25,0,4.368321697256761e-06,0.9999955892562866
s27,26,0,0.3418438136577606,0.6581562161445618
s27,27,1,0.9734677076339722,0.026532260701060295
s27,28,1,1.0508368859518669e-06,0.999998927116394
s27,29,1,1.0,2.805965060304061e-08
s27,30,1,1.039452897089177e-07,0.9999998807907104
s27,31,1,0.8340203166007996,0.16597965359687805
s27,32,1,3.287318861566746e-09,1.0
s27,33,1,1.14352253888228e-07,0.9999998807907104
s27,34,1,1.0,3.992959562992837e-08
s27,35,1,0.999958872795105,4.112998431082815e-05
s27,36,1,1.0,1.0280461815170838e-08
s27,37,0,0.9999887943267822,1.1231466487515718e-05
s27,38,0,0.644320547580719,0.355679452419281
s27,39,0,0.9999997615814209,2.4704937118258385e-07
s27,40,0,0.3352850377559662,0.6647149324417114
s27,41,0,0.9996738433837891,0.0003261427627876401
s27,42,1,1.140696167567512e-05,0.9999885559082031
s27,43,0,1.0,1.9529887040903304e-08
s27,44,0,0.5564061403274536,0.4435938596725464
s27,45,1,0.002906924346461892,0.9970930814743042
s27,46,0,1.0,4.063466363390944e-08
s27,47,0,0.9999165534973145,8.349667768925428e-05
s27,48,1,0.002391626127064228,0.9976083040237427
s27,49,0,0.47331860661506653,0.5266813635826111
s28,0,1,3.5404137545547436e-16,1.0
s28,1,1,0.9999594688415527,4.051571886520833e-05
s28,2,0,0.9999997615814209,2.447243616643391e-07
s28,3,0,1.0,2.6044502925842705e-12
s28,4,0,3.1928955195326125e-06,0.9999967813491821
s28,5,1,0.7329843640327454,0.267015665769577
s28,6,0,0.9630944132804871,0.03690561652183533
s28,7,0,0.9999946355819702,5.417174634203548e-06
s28,8,1,4.999294469598681e-05,0.9999500513076782
s28,9,1,0.9999977350234985,2.3116215288609965e-06
s28,10,1,1.200454929867095e-16,1.0
s28,11,0,1.0,7.792358880549799e-13
s28,12,0,1.0,2.379265673368991e-09
s28,13,0,0.34091466665267944,0.6590853929519653
s28,14,1,0.9986372590065002,0.0013627212028950453
s28,15,0,0.9921404719352722,0.007859497331082821
s28,16,0,0.9999372959136963,6.269106961553916e-05
s28,17,1,7.845079380786046e-06,0.9999921321868896
s28,18,1,0.9999769926071167,2.3059226805344224e-05
s28,19,1,1.4073573393794786e-21,1.0
s28,20,0,8.178102143574506e-05,0.9999182224273682
s28,21,1,5.1352211372091006e-09,1.0
s28,22,0,0.9999998807907104,6.608009073261201e-08
s28,23,0,0.9999996423721313,3.520718223626318e-07
s28,24,1,1.397953419690623e-10,1.0
s28,25,0,1.0,4.758002672411443e-11
s28,26,1,6.7741133882859295e-12,1.0
s28,27,1,2.169371691707056e-05,0.9999783039093018
s28,28,1,5.966731015522031e-12,1.0
s28,29,1,0.8833634853363037,0.11663650721311569
s28,30,0,0.9996461868286133,0.00035386611125431955
s28,31,0,0.4679412543773651,0.5320587754249573
s28,32,1,1.0305968752011285e-11,1.0
s28,33,1,0.9997240900993347,0.0002759321068879217
s28,34,0,1.0,8.686946301184051e-11
s28,35,1,4.7304686074311694e-14,1.0
s28,36,0,1.0,8.054360997600263e-12
s28,37,0,1.0,1.931885641043296e-12
s28,38,1,0.9999827146530151,1.729592986521311e-05
s28,39,0,1.0,8.2003639434447e-09
s28,40,1,1.0,2.8205439761563866e-08
s28,41,1,4.802179319085553e-05,0.999951958656311
s28,42,0,1.0,6.6047931568391505e-09
s28,43,0,0.9999955892562866,4.373511274025077e-06
s28,44,1,8.925614565669093e-06,0.9999910593032837
s28,45,0,6.097418918216135e-06,0.9999939203262329
s28,46,1,3.989288961747661e-05,0.9999600648880005
s28,47,0,3.605453093769029e-05,0.9999639987945557
s28,48,1,2.288477105594211e-07,0.9999997615814209
s28,49,0,0.9989116191864014,0.0010884093353524804
s29,0,1,0.0001495476608397439,0.9998503923416138
s29,1,1,6.696804484818131e-05,0.9999330043792725
s29,2,0,0.9972012042999268,0.0027988648507744074
s29,3,0,8.378268603337347e-07,0.9999991655349731
s29,4,0,0.9853163361549377,0.014683641493320465
s29,5,1,7.278231928907613e-19,1.0
s29,6,0,3.4625902145535292e-09,1.0
s29,7,1,0.9158167839050293,0.08418325334787369
s29,8,0,1.0,9.211428064759275e-09
s29,9,0,0.004468952305614948,0.9955310225486755
s29,10,1,0.8243892788887024,0.1756107062101364
s29,11,1,0.9100263118743896,0.08997364342212677
s29,12,0,7.336691746750307e-14,1.0
s29,13,1,4.333225184921519e-12,1.0
s29,14,0,0.9989122152328491,0.0010878350585699081
s29,15,0,0.9999722242355347,2.7776539354817942e-05
s29,16,1,0.996242880821228,0.0037570802960544825
s29,17,0,0.9900085926055908,0.009991439990699291
s29,18,0,0.999995231628418,4.758594968734542e-06
s29,19,1,3.9491671486757696e-05,0.9999605417251587
s29,20,0,0.9842702746391296,0.015729747712612152
s29,21,0,1.0,5.5423431177814564e-08
s29,22,1,0.00041639822302386165,0.9995836615562439
s29,23,1,0.6059156656265259,0.3940843641757965
s29,24,0,0.9887701272964478,0.011229858733713627
s29,25,1,0.00011977936082985252,0.9998801946640015
s29,26,0,0.9930087327957153,0.006991314236074686
s29,27,1,4.535645192760285e-10,1.0
s29,28,1,1.0,1.9512834015245062e-08
s29,29,1,1.624324319493553e-08,1.0
s29,30,0,0.9995483756065369,0.0004516000335570425
s29,31,1,0.9999730587005615,2.689584289328195e-05
s29,32,0,0.9999998807907104,1.1846202596643707e-07
s29,33,1,2.9447860623365912e-15,1.0
s29,34,1,0.1548682302236557,0.8451317548751831
s29,35,1,3.6120113566795453e-09,1.0
s29,36,0,0.988701343536377,0.011298583820462227
s29,37,0,0.9994996786117554,0.0005003635887987912
s29,38,1,1.7617324266083756e-11,1.0
s29,39,0,0.8590639233589172,0.14093613624572754
s29,40,1,1.6583486228682887e-07,0.9999998807907104
s29,41,0,0.9995556473731995,0.000444307312136516
s29,42,0,0.9999901056289673,9.86343093245523e-06
s29,43,1,0.000883210392203182,0.999116837978363
s29,44,0,0.9999918937683105,8.087216883723158e-06
s29,45,1,0.8839662671089172,0.11603373289108276
s29,46,1,5.707156560674775e-06,0.9999942779541016
s29,47,0,0.8445360660552979,0.15546393394470215
s29,48,1,0.9746277332305908,0.025372277945280075
s29,49,0,5.7474022469250485e-05,0.9999425411224365
s30,0,0,0.035375308245420456,0.9646247029304504
s30,1,1,0.6976293921470642,0.30237066745758057
s30,2,1,0.44945546984672546,0.5505445003509521
s30,3,1,0.503608226776123,0.49639183282852173
s30,4,0,0.4293014705181122,0.5706984996795654
s30,5,1,0.8446061611175537,0.15539388358592987
s30,6,1,0.9998706579208374,0.00012931847595609725
s30,7,1,0.2612088620662689,0.7387911677360535
s30,8,0,0.9999213218688965,7.869690307416022e-05
s30,9,0,0.9521659016609192,0.047834139317274094
s30,10,1,0.9999357461929321,6.425609171856195e-05
s30,11,1,0.6636245846748352,0.3363754451274872
s30,12,1,0.9999538660049438,4.613047349266708e-05
s30,13,0,0.5346577763557434,0.4653422236442566
s30,14,1,0.9797108769416809,0.020289115607738495
s30,15,0,0.5602529048919678,0.4397470951080322
s30,16,0,0.7464877963066101,0.2535122036933899
s30,17,0,0.4087291955947876,0.5912708044052124
s30,18,0,0.457858145236969,0.5421417951583862
s30,19,1,0.2868529260158539,0.7131471037864685
s30,20,1,0.9231989979743958,0.07680102437734604
s30,21,0,0.017915792763233185,0.9820842146873474
s30,22,1,0.9996174573898315,0.0003824898158200085
s30,23,1,0.04465789720416069,0.9553421139717102
s30,24,0,0.4677329659461975,0.5322670340538025
s30,25,1,0.999915599822998,8.438428631052375e-05
s30,26,0,0.30944138765335083,0.6905585527420044
s30,27,1,0.9999572038650513,4.279209315427579e-05
s30,28,0,0.1409437656402588,0.8590561747550964
s30,29,1,0.26810023188591003,0.7318997979164124
s30,30,1,0.9788575768470764,0.02114245668053627
s30,31,1,0.39026352763175964,0.609736442565918
s30,32,1,0.9778256416320801,0.022174349054694176
s30,33,0,0.006181247066706419,0.9938187003135681
s30,34,1,0.31478723883628845,0.6852127909660339
s30,35,1,0.05345182865858078,0.9465481638908386
s30,36,1,0.378109872341156,0.6218901872634888
s30,37,1,0.7669388055801392,0.23306116461753845
s30,38,1,0.9988445043563843,0.0011554493103176355
s30,39,0,0.9966484904289246,0.003351527266204357
s30,40,1,0.9986948370933533,0.001305222511291504
s30,41,1,0.7518839836120605,0.24811598658561707
s30,42,0,0.999739944934845,0.0002600874868221581
s30,43,0,0.2909051775932312,0.7090948820114136
s30,44,0,0.6302068829536438,0.369793176651001
s30,45,0,0.17960038781166077,0.8203995823860168
s30,46,0,0.9999958276748657,4.201967840344878e-06
s30,47,0,0.07523524016141891,0.9247648119926453
s30,48,1,0.9998736381530762,0.00012634271115530282
s30,49,1,0.25394389033317566,0.7460561394691467
s31,0,0,0.9999983310699463,1.6383468164349324e-06
s31,1,1,0.9954728484153748,0.004527077544480562
s31,2,0,0.002270063618198037,0.9977299571037292
s31,3,0,4.687640142719829e-08,1.0
s31,4,0,0.8198628425598145,0.18013715744018555
s31,5,1,0.7132936120033264,0.28670644760131836
s31,6,1,1.0,4.63428264652066e-08
s31,7,0,0.9997201561927795,0.00027984363259747624
s31,8,0,0.9531124830245972,0.04688751697540283
s31,9,0,0.999427855014801,0.0005721025518141687
s31,10,0,0.9999991655349731,8.471686783195764e-07
s31,11,1,0.0009447788470424712,0.9990552067756653
s31,12,0,0.9998902082443237,0.00010978272621287033
s31,13,1,0.9999580383300781,4.2001131077995524e-05
s31,14,1,7.518280398244315e-08,0.9999998807907104
s31,15,0,3.4975590132435563e-12,1.0
s31,16,1,0.9999873638153076,1.2660465472436044e-05
s31,17,0,0.9981062412261963,0.0018937954446300864
s31,18,0,0.004386003594845533,0.9956139326095581
s31,19,1,0.009259147569537163,0.9907408952713013
s31,20,0,0.9999991655349731,8.424265729445324e-07
s31,21,1,0.9979889392852783,0.002011089352890849
s31,22,0,0.03991904482245445,0.9600809216499329
s31,23,0,0.07740641385316849,0.9225935339927673
s31,24,1,0.00016869780665729195,0.9998313188552856
s31,25,1,0.9996597766876221,0.0003402654838282615
s31,26,1,6.416414865283214e-16,1.0
s31,27,1,0.7215683460235596,0.27843165397644043
s31,28,0,0.00021015001402702183,0.9997898936271667
s31,29,0,1.5849924238864332e-05,0.9999841451644897
s31,30,1,0.9999994039535522,6.23305197677837e-07
s31,31,1,0.9996993541717529,0.0003006668121088296
s31,32,0,0.9999048709869385,9.50764151639305e-05
s31,33,1,9.793433855520561e-05,0.9999020099639893
s31,34,0,0.9999969005584717,3.0855901513859862e-06
s31,35,0,0.9999998807907104,1.1699349755645017e-07
s31,36,0,0.9999991655349731,8.35291473322286e-07
s31,37,1,7.0218820837908424e-06,0.9999929666519165
s31,38,1,0.005982926581054926,0.9940170049667358
s31,39,1,6.935828213844308e-12,1.0
s31,40,0,0.9999995231628418,4.35434429846282e-07
s31,41,0,0.9999372959136963,6.27316112513654e-05
s31,42,0,0.9991160035133362,0.00088398193474859
s31,43,1,0.9979614019393921,0.002038615522906184
s31,44,1,8.573410426038208e-09,1.0
s31,45,0,0.9999626874923706,3.731558899744414e-05
s31,46,1,0.9999997615814209,2.508091938580037e-07
s31,47,1,0.9994797110557556,0.0005203471519052982
s31,48,1,0.9698927402496338,0.030107254162430763
s31,49,1,0.000268115516519174,0.9997318387031555
s32,0,1,2.1200145056354813e-05,0.99997878074646
s32,1,1,0.07121089845895767,0.9287891387939453
s32,2,0,0.9999790191650391,2.095979652949609e-05
s32,3,1,0.9999626874923706,3.7265657738316804e-05
s32,4,1,0.0013274766970425844,0.998672604560852
s32,5,1,0.006967670749872923,0.9930323362350464
s32,6,0,0.997408926486969,0.002591106342151761
s32,7,1,4.516348417382687e-05,0.9999548196792603
s32,8,0,0.6176809072494507,0.38231906294822693
s32,9,0,0.3661663234233856,0.633833646774292
s32,10,0,0.03952420502901077,0.960475742816925
s32,11,0,0.9999995231628418,4.370152737465105e-07
s32,12,1,0.0005860228557139635,0.9994139671325684
s32,13,0,0.9988642930984497,0.0011357003822922707
s32,14,1,0.9990083575248718,0.0009916991693899035
s32,15,0,0.9999971389770508,2.803143843266298e-06
s32,16,0,0.8674978613853455,0.13250210881233215
s32,17,0,0.9746077656745911,0.025392187759280205
s32,18,1,1.0408694350871883e-07,0.9999998807907104
s32,19,1,0.06186829134821892,0.9381317496299744
s32,20,1,0.9683419466018677,0.031658053398132324
s32,21,0,0.0022288148757070303,0.9977712631225586
s32,22,0,0.999915599822998,8.436079224338755e-05
s32,23,1,0.9930354952812195,0.006964505184441805
s32,24,1,0.9999991655349731,8.087980631898972e-07
s32,25,1,0.0011358464835211635,0.9988641738891602
s32,26,0,0.9352582693099976,0.06474181264638901
s32,27,1,0.09596482664346695,0.9040351510047913
s32,28,0,0.9998756647109985,0.00012428933405317366
s32,29,0,0.9999998807907104,1.1970820423812256e-07
s32,30,1,4.0384483668276516e-07,0.9999996423721313
s32,31,1,0.9183115363121033,0.08168841898441315
s32,32,0,0.37733781337738037,0.6226621866226196
s32,33,0,0.015112982131540775,0.9848870635032654
s32,34,0,0.9999858140945435,1.4228359759727027e-05
s32,35,0,0.9980411529541016,0.0019588563591241837
s32,36,1,0.13552725315093994,0.8644726872444153
s32,37,0,0.00044778751907870173,0.9995521903038025
s32,38,1,0.9782366156578064,0.02176334708929062
s32,39,1,0.0010518135968595743,0.9989481568336487
s32,40,1,0.0003577600291464478,0.9996422529220581
s32,41,0,0.008219284936785698,0.991780698299408
s32,42,1,2.3788267355939752e-08,1.0
s32,43,1,4.0576378523837775e-06,0.9999959468841553
s32,44,0,0.999226450920105,0.0007735710823908448
s32,45,1,0.06946997344493866,0.9305300116539001
s32,46,0,0.9999960660934448,3.946469860238722e-06
s32,47,0,0.0009139415924437344,0.9990860223770142
s32,48,1,0.6444522142410278,0.3555477261543274
s32,49,0,0.999030351638794,0.0009696226334199309
s33,0,0,0.9996918439865112,0.00030818171217106283
s33,1,1,0.9982378482818604,0.0017621868755668402
s33,2,0,0.9999368190765381,6.319821113720536e-05
s33,3,1,0.9996768236160278,0.0003232108720112592
s33,4,1,0.6697172522544861,0.3302827477455139
s33,5,1,9.765702770891949e-07,0.9999990463256836
s33,6,1,0.00019206023716833442,0.9998080134391785
s33,7,0,0.9954025745391846,0.004597386345267296
s33,8,0,2.741253183558001e-06,0.9999972581863403
s33,9,0,0.9999923706054688,7.575839390483452e-06
s33,10,0,0.47255608439445496,0.5274438858032227
s33,11,1,0.999790370464325,0.0002095881209243089
s33,12,1,0.4706568717956543,0.5293430685997009
s33,13,0,0.18747983872890472,0.8125202059745789
s33,14,0,0.9999926090240479,7.354095487244194e-06
s33,15,0,0.056983523070812225,0.943016529083252
s33,16,0,1.9781025457632495e-06,0.9999979734420776
s33,17,0,0.5821660161018372,0.41783395409584045
s33,18,1,1.6919050267460989e-06,0.9999983310699463
s33,19,0,0.9998929500579834,0.00010709590424085036
s33,20,1,1.2898581189801916e-06,0.9999986886978149
s33,21,0,0.9919891953468323,0.008010822348296642
s33,22,1,0.0005470961332321167,0.9994528889656067
s33,23,0,0.9492428302764893,0.05075714737176895
s33,24,1,0.915245771408081,0.08475426584482193
s33,25,1,3.871508397423895e-06,0.9999961853027344
s33,26,1,0.9999123811721802,8.758797775954008e-05
s33,27,0,0.999916672706604,8.32903097034432e-05
s33,28,1,0.0036954679526388645,0.9963045120239258
s33,29,0,0.9994460940361023,0.0005538906552828848
s33,30,1,0.9882931113243103,0.011706903576850891
s33,31,0,0.9962276220321655,0.003772442927584052
s33,32,0,0.9981788396835327,0.0018211815040558577
s33,33,0,0.0003688819124363363,0.9996310472488403
s33,34,1,0.07342256605625153,0.9265775084495544
s33,35,0,0.0008326263632625341,0.9991674423217773
s33,36,1,0.5396133065223694,0.4603867530822754
s33,37,1,0.050999224185943604,0.9490007758140564
s33,38,1,0.001270442153327167,0.9987295269966125
s33,39,0,0.9988133907318115,0.0011865721317008138
s33,40,0,0.0006837082328274846,0.9993163347244263
s33,41,0,0.997025191783905,0.0029748189263045788
s33,42,1,2.7431074158812407e-06,0.9999972581863403
s33,43,1,0.6839033365249634,0.31609660387039185
s33,44,0,0.9988112449645996,0.0011887595755979419
s33,45,1,0.9894142150878906,0.010585729032754898
s33,46,0,0.999890923500061,0.00010901150380959734
s33,47,1,0.6313307881355286,0.36866921186447144
s33,48,1,9.392533861785068e-09,1.0
s33,49,0,0.34476158022880554,0.6552384495735168
s34,0,0,1.0,3.468809001240812e-25
s34,1,1,3.892698812488042e-14,1.0
s34,2,1,7.763833055523584e-16,1.0
s34,3,0,1.0,6.211790041816165e-25
s34,4,0,1.0,1.7103337659522676e-25
s34,5,1,1.6489014201346436e-14,1.0
s34,6,1,7.727224820938846e-16,1.0
s34,7,0,1.0,4.453426972687582e-25
s34,8,0,1.0,2.60260928220758e-26
s34,9,1,9.10757522865199e-15,1.0
s34,10,0,1.0,2.7586832552640194e-26
s34,11,1,1.1250553126854082e-15,1.0
s34,12,1,3.969768985105995e-15,1.0
s34,13,1,1.4608065733619224e-14,1.0
s34,14,1,1.2123517987788573e-15,1.0
s34,15,1,3.3728780491261315e-16,1.0
s34,16,0,1.0,6.390586845098705e-26
s34,17,1,5.972361494244183e-10,1.0
s34,18,0,1.0,8.525065728327924e-27
s34,19,0,1.0,4.533333713635571e-26
s34,20,1,8.99363701526855e-16,1.0
s34,21,1,1.2540171906356187e-16,1.0
s34,22,1,5.203334406411481e-15,1.0
s34,23,0,1.0,1.1574461791646979e-25
s34,24,0,1.0,3.6346270088504445e-26
s34,25,0,1.0,7.27470322811325e-20
s34,26,1,1.276918367490974e-15,1.0
s34,27,1,6.404781354796621e-14,1.0
s34,28,1,1.071697187915964e-13,1.0
s34,29,1,2.0647053199638644e-14,1.0
s34,30,0,1.0,9.784523455451277e-26
s34,31,1,3.0649209570039054e-15,1.0
s34,32,0,1.0,1.5341863027161061e-25
s34,33,0,1.0,7.091191964395853e-25
s34,34,0,1.0,5.700995456633606e-26
s34,35,1,1.2357728950451491e-15,1.0
s34,36,0,1.0,1.599597416381868e-25
s34,37,1,1.641672539207288e-16,1.0
s34,38,0,1.0,3.815388245885117e-23
s34,39,0,1.0,2.9637040753371596e-25
s34,40,0,1.0,3.9695066598746073e-25
s34,41,0,1.0,1.0857409415514038e-25
s34,42,0,1.0,2.3688387000797865e-23
s34,43,0,1.0,3.1409542182074003e-24
s34,44,1,3.644249480091663e-14,1.0
s34,45,0,1.0,2.762484886899844e-26
s34,46,1,6.011134058098383e-15,1.0
s34,47,1,4.7450464759108234e-17,1.0
s34,48,0,1.0,8.311437511332449e-25
s34,49,1,3.569121024626172e-16,1.0
s35,0,1,0.0005160336731933057,0.9994839429855347
s35,1,0,0.9955220222473145,0.0044779907912015915
s35,2,0,0.023375673219561577,0.9766243100166321
s35,3,1,1.5196692402241752e-05,0.999984860420227
s35,4,1,1.56183730837256e-07,0.9999998807907104
s35,5,1,4.984375412409037e-11,1.0
s35,6,1,0.2624918818473816,0.7375080585479736
s35,7,1,9.72180842495618e-08,0.9999998807907104
s35,8,1,0.011639389209449291,0.9883606433868408
s35,9,1,9.678886999608949e-05,0.9999032020568848
s35,10,0,0.0004683385486714542,0.999531626701355
s35,11,0,0.02600374072790146,0.9739962816238403
s35,12,0,0.022743726149201393,0.9772562980651855
s35,13,1,2.720662735100632e-07,0.9999997615814209
s35,14,0,0.9999995231628418,5.189279477235686e-07
s35,15,0,0.004774066619575024,0.9952259063720703
s35,16,1,1.2310374586377293e-07,0.9999998807907104
s35,17,0,1.0,1.85196782354069e-08
s35,18,0,0.9991313815116882,0.0008685853681527078
s35,19,1,0.9996007084846497,0.00039936613757163286
s35,20,1,4.2360225052107126e-06,0.9999957084655762
s35,21,0,0.9999982118606567,1.782287995411025e-06
s35,22,1,0.00019017147133126855,0.9998098015785217
s35,23,0,0.9999971389770508,2.9187442578404443e-06
s35,24,0,0.002063693944364786,0.9979363679885864
s35,25,0,0.9999977350234985,2.248186547149089e-06
s35,26,1,0.32342010736465454,0.6765798926353455
s35,27,1,0.9999289512634277,7.110269507393241e-05
s35,28,0,0.999821126461029,0.00017888734873849899
s35,29,0,0.18669995665550232,0.8133000731468201
s35,30,0,0.9892404675483704,0.010759538039565086
s35,31,0,0.8505744934082031,0.14942552149295807
s35,32,0,0.9999634027481079,3.660911897895858e-05
s35,33,1,9.627368058318098e-08,0.9999998807907104
s35,34,0,0.0011782869696617126,0.9988216757774353
s35,35,0,3.085002754232846e-05,0.9999691247940063
s35,36,1,0.006678448524326086,0.9933214783668518
s35,37,0,0.9999258518218994,7.41183539503254e-05
s35,38,1,0.999997615814209,2.3439743017661385e-06
s35,39,1,0.9843718409538269,0.015628216788172722
s35,40,0,0.9907956719398499,0.009204389527440071
s35,41,1,0.28550979495048523,0.7144901752471924
s35,42,1,0.0022187267895787954,0.9977813363075256
s35,43,0,0.023921208456158638,0.9760788679122925
s35,44,0,1.0,1.3061070003317354e-09
s35,45,1,0.0002027643349720165,0.9997972846031189
s35,46,1,0.0014006743440404534,0.9985993504524231
s35,47,1,0.11607079207897186,0.8839291930198669
s35,48,0,0.9999629259109497,3.708775693667121e-05
s35,49,0,0.9356346130371094,0.06436537206172943
s36,0,0,1.0,1.4017111039585362e-12
s36,1,1,3.3846342262222606e-07,0.9999996423721313
s36,2,1,2.147606230221491e-13,1.0
s36,3,0,1.0,3.989584541636698e-13
s36,4,0,0.9984326958656311,0.0015672933077439666
s36,5,1,9.053141569737022e-11,1.0
s36,6,1,4.023430477673173e-09,1.0
s36,7,1,0.005615816451609135,0.9943841695785522
s36,8,0,1.0,3.89857287078077e-12
s36,9,1,1.442569327991805e-06,0.9999985694885254
s36,10,1,0.003827455220744014,0.9961726069450378
s36,11,0,0.6254895329475403,0.3745104968547821
s36,12,0,1.0,1.4996204148257086e-12
s36,13,0,1.0,2.6063091240757785e-08
s36,14,1,0.4019908010959625,0.5980092287063599
s36,15,1,4.07530660595512e-06,0.9999959468841553
s36,16,0,1.0,2.6845796419205925e-11
s36,17,0,1.0,1.6061467711381283e-09
s36,18,0,1.0,8.919871785639799e-12
s36,19,1,0.0306010153144598,0.9693989753723145
s36,20,1,0.9353166222572327,0.06468331813812256
s36,21,0,1.0,3.088565167508328e-11
s36,22,1,0.9999879598617554,1.2091160897398368e-05
s36,23,1,3.766068061850092e-07,0.9999996423721313
s36,24,0,1.0,2.1452757625883834e-10
s36,25,0,1.0,3.9070465612800476e-11
s36,26,0,0.9996801614761353,0.0003198823251295835
s36,27,0,0.999924898147583,7.504075620090589e-05
s36,28,0,0.9581688046455383,0.04183119162917137
s36,29,0,1.0,1.0197792046570675e-12
s36,30,0,1.0,8.214155267430301e-13
s36,31,0,1.0,8.180075540542564e-12
s36,32,1,2.1450818167068064e-05,0.9999785423278809
s36,33,1,3.9295359783864114e-06,0.9999960660934448
s36,34,0,1.0,9.751420049046444e-14
s36,35,1,6.0562768133820555e-09,1.0
s36,36,0,1.0,3.5809656021706937e-12
s36,37,0,1.0,1.2674641067592085e-12
s36,38,0,1.0,1.0927198002778221e-13
s36,39,1,2.5451412088983716e-09,1.0
s36,40,1,2.447390556881146e-07,0.9999997615814209
s36,41,1,1.9985302301961383e-10,1.0
s36,42,1,0.036786895245313644,0.9632130265235901
s36,43,1,1.275091056034673e-18,1.0
s36,44,1,1.5379731266307317e-08,1.0
s36,45,0,0.999998927116394,1.0467960009918897e-06
s36,46,1,1.902965979239113e-11,1.0
s36,47,1,4.891785865268616e-10,1.0
s36,48,1,1.043720476445742e-05,0.9999895095825195
s36,49,0,1.0,8.693136813696378e-13
s37,0,0,0.9999998807907104,6.415191933228925e-08
s37,1,1,3.834253803347565e-08,1.0
s37,2,1,4.34775208457e-13,1.0
s37,3,0,0.9756280183792114,0.024371983483433723
s37,4,1,0.7449239492416382,0.2550760507583618
s37,5,1,0.3541499972343445,0.6458500027656555
s37,6,0,0.019463326781988144,0.980536699295044
s37,7,1,7.00593028035712e-10,1.0
s37,8,0,0.9999935626983643,6.418290922738379e-06
s37,9,0,0.9999977350234985,2.296291540915263e-06
s37,10,0,0.9991253018379211,0.0008747648098506033
s37,11,1,2.2969819823970283e-08,1.0
s37,12,0,0.9999936819076538,6.265404408622999e-06
s37,13,0,0.9966939687728882,0.0033060782589018345
s37,14,1,0.17284297943115234,0.8271570205688477
s37,15,1,0.01455735694617033,0.9854426383972168
s37,16,0,0.9999990463256836,9.734312698128633e-07
s37,17,0,0.960025429725647,0.03997456282377243
s37,18,0,0.9999943971633911,5.62206923859776e-06
s37,19,1,1.5444244127138518e-05,0.9999845027923584
s37,20,0,1.0,7.240579247280721e-09
s37,21,0,0.9999310970306396,6.886931078042835e-05
s37,22,0,0.5388746857643127,0.46112531423568726
s37,23,0,0.996926486492157,0.00307355634868145
s37,24,1,5.186973339732504e-07,0.9999995231628418
s37,25,1,0.9947788715362549,0.005221195984631777
s37,26,1,4.701420266428613e-07,0.9999995231628418
s37,27,0,1.0,8.1131663887124e-12
s37,28,1,0.00018968684889841825,0.9998102784156799
s37,29,1,4.4206970528648526e-08,1.0
s37,30,0,1.0,1.4802720160744798e-10
s37,31,1,0.014111869968473911,0.9858881831169128
s37,32,1,2.7417884629343803e-10,1.0
s37,33,1,0.9998868703842163,0.00011310617264825851
s37,34,0,0.9956250786781311,0.004374961368739605
s37,35,1,0.027815235778689384,0.9721847772598267
s37,36,1,2.5545325854636758e-09,1.0
s37,37,0,1.0,3.4430749917824244e-10
s37,38,0,0.9973189234733582,0.0026810504496097565
s37,39,1,0.9953067898750305,0.004693185910582542
s37,40,1,4.605784198474794e-08,1.0
s37,41,0,0.9999872446060181,1.2757522199535742e-05
s37,42,1,0.6446565985679626,0.35534346103668213
s37,43,0,2.900337392475194e-07,0.9999997615814209
s37,44,0,0.998231828212738,0.001768182497471571
s37,45,1,0.00042493361979722977,0.9995750784873962
s37,46,1,6.073421900509857e-06,0.9999939203262329
s37,47,0,0.999997615814209,2.3838017568778014e-06
s37,48,1,0.04000764712691307,0.9599923491477966
s37,49,0,0.9999998807907104,1.5156192034737614e-07
s38,0,0,0.9357435703277588,0.06425643712282181
s38,1,1,0.12067735940217972,0.8793226480484009
s38,2,0,0.0013653107453137636,0.9986346364021301
s38,3,1,0.9966212511062622,0.003378785913810134
s38,4,1,0.09745226800441742,0.9025477170944214
s38,5,0,0.3211826980113983,0.6788173317909241
s38,6,1,0.9997952580451965,0.00020480684179347008
s38,7,0,0.09184922277927399,0.9081507921218872
s38,8,0,0.9997894167900085,0.00021060433937236667
s38,9,0,0.02194124273955822,0.9780586957931519
s38,10,1,6.608686089748517e-05,0.9999339580535889
s38,11,1,0.958714485168457,0.04128546267747879
s38,12,0,0.9580783247947693,0.04192163795232773
s38,13,1,0.07759753614664078,0.9224024415016174
s38,14,0,0.13117796182632446,0.8688220381736755
s38,15,1,0.0016073765000328422,0.998392641544342
s38,16,1,0.0011781927896663547,0.9988217949867249
s38,17,0,0.9892515540122986,0.010748427361249924
s38,18,0,0.5542756915092468,0.4457242786884308
s38,19,0,0.0019110231660306454,0.9980888962745667
s38,20,1,0.12026386708021164,0.8797361850738525
s38,21,1,0.003178168088197708,0.9968218803405762
s38,22,1,0.058340080082416534,0.9416599273681641
s38,23,0,0.02054043486714363,0.9794595837593079
s38,24,1,0.0645020380616188,0.9354979395866394
s38,25,0,0.04937942326068878,0.9506205916404724
s38,26,0,0.0071207573637366295,0.9928792119026184
s38,27,1,0.9850163459777832,0.014983666129410267
s38,28,1,0.8587220907211304,0.14127792418003082
s38,29,1,0.99400794506073,0.005992025136947632
s38,30,1,0.659837543964386,0.3401624262332916
s38,31,1,0.8780290484428406,0.12197091430425644
s38,32,1,0.9986259937286377,0.0013740519061684608
s38,33,0,0.05515482649207115,0.9448451995849609
s38,34,0,9.344182763015851e-05,0.9999065399169922
s38,35,0,0.08533436059951782,0.9146656394004822
s38,36,0,0.14927317202091217,0.850726842880249
s38,37,0,0.929833173751831,0.07016687840223312
s38,38,0,0.0015863842563703656,0.9984135627746582
s38,39,0,0.9979273080825806,0.0020726900547742844
s38,40,0,0.11202637106180191,0.8879736661911011
s38,41,1,4.5128896886126313e-07,0.9999995231628418
s38,42,0,0.0011211364762857556,0.9988788962364197
s38,43,0,0.0032634760718792677,0.996736466884613
s38,44,1,0.0035023847594857216,0.9964976906776428
s38,45,1,0.00012467463966459036,0.9998753070831299
s38,46,1,0.04115226864814758,0.9588477611541748
s38,47,1,0.002688389038667083,0.9973115921020508
s38,48,1,0.9883286952972412,0.011671246029436588
s38,49,0,0.04296627640724182,0.9570336937904358
s39,0,0,0.996468186378479,0.0035318261943757534
s39,1,1,6.1890518736618105e-06,0.9999938011169434
s39,2,0,0.9983774423599243,0.0016225746367126703
s39,3,1,8.009077134829568e-08,0.9999998807907104
s39,4,1,6.430628332054766e-07,0.9999994039535522
s39,5,0,0.9998770952224731,0.0001228983310284093
s39,6,1,8.392251402256079e-06,0.9999916553497314
s39,7,1,0.02231626957654953,0.9776837825775146
s39,8,1,8.777929906500503e-05,0.9999122619628906
s39,9,0,0.9999009370803833,9.901279554469511e-05
s39,10,0,0.9436131715774536,0.056386757642030716
s39,11,1,1.8133479784410156e-07,0.9999997615814209
s39,12,1,1.7066132329546235e-07,0.9999998807907104
s39,13,0,0.9995787739753723,0.0004212659550830722
s39,14,0,0.9999949932098389,5.045974830863997e-06
s39,15,1,0.0001616126683074981,0.9998383522033691
s39,16,1,7.106029897840926e-07,0.9999992847442627
s39,17,1,1.3030665968472022e-06,0.9999986886978149
s39,18,0,0.18880732357501984,0.8111926317214966
s39,19,0,0.9737774729728699,0.02622256614267826
s39,20,1,2.1037749320385046e-07,0.9999997615814209
s39,21,1,8.662551636007265e-07,0.9999991655349731
s39,22,1,0.08378434926271439,0.9162155985832214
s39,23,0,0.9998620748519897,0.00013790214143227786
s39,24,0,0.9999980926513672,1.9219148725824198e-06
s39,25,0,0.9999988079071045,1.2070272532582749e-06
s39,26,0,0.9997566342353821,0.00024339107039850205
s39,27,1,8.66734410465142e-07,0.9999991655349731
s39,28,0,0.02077314630150795,0.9792268872261047
s39,29,0,0.999990701675415,9.23950119613437e-06
s39,30,1,7.678322617721278e-07,0.9999992847442627
s39,31,1,1.9773801795963664e-06,0.9999979734420776
s39,32,1,2.995843487951788e-06,0.9999970197677612
s39,33,0,0.9999879598617554,1.2033723578497302e-05
s39,34,0,0.9998338222503662,0.0001661661226535216
s39,35,1,5.982199581922032e-06,0.9999940395355225
s39,36,0,0.6431686878204346,0.35683131217956543
s39,37,1,0.40127813816070557,0.5987218618392944
s39,38,1,3.5363186157155724e-07,0.9999996423721313
s39,39,0,0.9999926090240479,7.442543392244261e-06
s39,40,1,0.9483723044395447,0.05162769928574562
s39,41,0,0.9888638257980347,0.011136113665997982
s39,42,0,0.9938610792160034,0.006138910073786974
s39,43,0,0.8363727331161499,0.1636272668838501
s39,44,0,0.999742329120636,0.00025767157785594463
s39,45,1,5.408256811278989e-07,0.9999994039535522
s39,46,1,7.53187237023667e-08,0.9999998807907104
s39,47,1,1.9428145606070757e-05,0.9999805688858032
s39,48,0,0.9999735355377197,2.6425595933687873e-05
s39,49,0,0.9999377727508545,6.2211649492383e-05
s40,0,1,0.0063440534286201,0.9936559200286865
s40,1,0,0.012629736214876175,0.9873702526092529
s40,2,0,0.34165051579475403,0.6583494544029236
s40,3,0,0.0010718369157984853,0.9989281296730042
s40,4,1,4.228501711622812e-05,0.9999576807022095
s40,5,1,0.000681537960190326,0.9993184804916382
s40,6,0,0.002893092343583703,0.9971069693565369
s40,7,1,0.0608057826757431,0.9391941428184509
s40,8,1,6.469379150075838e-05,0.9999352693557739
s40,9,0,0.09376022964715958,0.9062398076057434
s40,10,1,0.00024985329946503043,0.9997501969337463
s40,11,0,9.33118030843616e-07,0.9999990463256836
s40,12,1,0.03407805785536766,0.965921938419342
s40,13,0,0.11323495954275131,0.8867650628089905
s40,14,0,0.024777665734291077,0.9752223491668701
s40,15,0,0.033274147659540176,0.9667258858680725
s40,16,1,0.00011420947703300044,0.9998857975006104
s40,17,1,0.0004153151821810752,0.9995847344398499
s40,18,0,0.9886820316314697,0.011317985132336617
s40,19,1,0.00014544909936375916,0.999854564666748
s40,20,1,0.0007616840302944183,0.9992383718490601
s40,21,1,0.025608891621232033,0.9743911027908325
s40,22,0,0.0018247084226459265,0.9981752634048462
s40,23,0,0.021834300830960274,0.9781656861305237
s40,24,1,0.031189724802970886,0.9688102006912231
s40,25,1,0.1440960019826889,0.8559039831161499
s40,26,1,0.8441146612167358,0.15588533878326416
s40,27,1,0.003645541612058878,0.9963544607162476
s40,28,1,0.0027979135047644377,0.9972021579742432
s40,29,1,0.9994064569473267,0.0005935876979492605
s40,30,0,9.589223918737844e-05,0.9999041557312012
s40,31,0,0.05143500491976738,0.9485650062561035
s40,32,0,0.035095442086458206,0.9649045467376709
s40,33,0,0.9798774123191833,0.020122623071074486
s40,34,0,0.29966670274734497,0.700333297252655
s40,35,1,0.0015969951637089252,0.998403012752533
s40,36,0,1.5480845831916668e-05,0.9999845027923584
s40,37,0,0.015263908542692661,0.9847360253334045
s40,38,1,0.9987598657608032,0.0012401301646605134
s40,39,1,0.029517021030187607,0.9704829454421997
s40,40,0,0.003257756121456623,0.996742308139801
s40,41,1,0.25940918922424316,0.7405907511711121
s40,42,0,1.5739575246698223e-05,0.9999842643737793
s40,43,1,0.9910231828689575,0.0089768311008811
s40,44,0,0.00642507616430521,0.9935749173164368
s40,45,1,0.6304495334625244,0.369550496339798
s40,46,1,0.991317868232727,0.008682196959853172
s40,47,0,0.4337848722934723,0.5662150979042053
s40,48,1,0.23686377704143524,0.7631362676620483
s40,49,0,0.992002010345459,0.007998010143637657
s41,0,0,1.0,2.0569728212405103e-11
s41,1,1,0.002860245993360877,0.9971398115158081
s41,2,1,1.3048746723143267e-06,0.9999986886978149
s41,3,1,0.0075726634822785854,0.9924272894859314
s41,4,0,0.9908292293548584,0.009170819073915482
s41,5,1,0.8648282289505005,0.1351718157529831
s41,6,0,0.7785067558288574,0.22149328887462616
s41,7,0,1.0,2.684090949500728e-09
s41,8,0,0.3141886591911316,0.6858113408088684
s41,9,1,5.558696614116343e-09,1.0
s41,10,0,1.0,1.0899706914813123e-08
s41,11,0,1.0,4.11218402265965e-14
s41,12,0,1.0,1.7194472512471748e-09
s41,13,0,0.005872655659914017,0.9941273927688599
s41,14,1,9.223862125484761e-12,1.0
s41,15,1,0.004226792603731155,0.9957732558250427
s41,16,0,0.9986284971237183,0.001371525228023529
s41,17,1,1.880457745073727e-08,1.0
s41,18,0,0.00015672795416321605,0.9998432397842407
s41,19,1,4.2364951546858265e-09,1.0
s41,20,1,1.6217028360188124e-06,0.9999983310699463
s41,21,0,0.9999663829803467,3.360525079187937e-05
s41,22,0,1.0,7.587287742527593e-11
s41,23,1,2.700074446693179e-06,0.9999972581863403
s41,24,0,0.5605601668357849,0.4394398331642151
s41,25,1,6.56508234442299e-08,0.9999998807907104
s41,26,0,1.0,1.3255614155968914e-14
s41,27,1,0.9992068409919739,0.0007932297303341329
s41,28,0,0.9941713213920593,0.005828620865941048
s41,29,1,1.9101250529202085e-12,1.0
s41,30,0,1.0,3.045488861097567e-10
s41,31,0,0.999982476234436,1.7582109649083577e-05
s41,32,1,0.00011348364932928234,0.9998865127563477
s41,33,1,6.622210557694075e-10,1.0
s41,34,1,7.093460541174323e-11,1.0
s41,35,0,1.0,1.7788982731303804e-08
s41,36,0,0.999935507774353,6.446716724894941e-05
s41,37,1,2.778604311970412e-06,0.9999972581863403
s41,38,0,1.0,5.817006965003202e-08
s41,39,1,0.9000004529953003,0.0999995693564415
s41,40,0,1.0,1.2818709310170873e-13
s41,41,0,1.0,4.902991079802632e-08
s41,42,1,6.024446008723316e-08,0.9999998807907104
s41,43,1,5.127596569565185e-09,1.0
s41,44,1,1.4007006257088506e-06,0.9999985694885254
s41,45,1,0.0004636151425074786,0.999536395072937
s41,46,1,8.46090125045107e-12,1.0
s41,47,1,6.050653755806934e-09,1.0
s41,48,0,1.0,2.1376889591806503e-08
s41,49,0,1.0,1.6446139087622318e-14
s42,0,0,1.0,5.00290364691125e-10
s42,1,1,1.0,2.229616269389112e-09
s42,2,1,0.022402986884117126,0.9775969386100769
s42,3,1,0.5051491856575012,0.49485087394714355
s42,4,0,0.8629231452941895,0.13707688450813293
s42,5,0,0.005425816401839256,0.994574248790741
s42,6,0,0.15366677939891815,0.8463332653045654
s42,7,0,0.004543936811387539,0.9954560995101929
s42,8,1,0.001494307187385857,0.998505711555481
s42,9,1,0.9999980926513672,1.9114011138299247e-06
s42,10,1,0.9742844700813293,0.025715481489896774
s42,11,0,1.0,2.1098564673138753e-08
s42,12,1,1.0,1.1136388478050208e-09
s42,13,1,0.8124617338180542,0.18753831088542938
s42,14,1,0.4438236653804779,0.5561763048171997
s42,15,0,0.9999998807907104,9.528900335453727e-08
s42,16,1,1.0,1.706073859963908e-08
s42,17,0,0.46859246492385864,0.5314075350761414
s42,18,0,0.8439571261405945,0.1560429036617279
s42,19,0,1.0,2.896652917527831e-09
s42,20,0,0.9998934268951416,0.00010654838843038306
s42,21,1,1.0,5.674057135252042e-08
s42,22,0,0.00697542866691947,0.9930245876312256
s42,23,1,0.048430219292640686,0.9515697956085205
s42,24,0,1.0,7.045098393554383e-10
s42,25,1,1.0,2.3167276985702756e-09
s42,26,1,1.0,1.160223028762175e-09
s42,27,0,0.9989700317382812,0.0010299580171704292
s42,28,1,1.0,3.899875267165953e-08
s42,29,0,0.01227380707859993,0.9877261519432068
s42,30,1,1.0,4.5653658631295e-09
s42,31,1,0.9996603727340698,0.00033966460614465177
s42,32,0,0.9999878406524658,1.2179845725768246e-05
s42,33,0,0.9999980926513672,1.8735323692453676e-06
s42,34,0,1.0,1.6991452689296693e-10
s42,35,0,0.8826279640197754,0.1173720508813858
s42,36,0,0.9999881982803345,1.1833474673039746e-05
s42,37,1,0.020815672352910042,0.9791842699050903
s42,38,0,0.9999957084655762,4.336650363256922e-06
s42,39,1,0.9843246936798096,0.015675336122512817
s42,40,0,0.3152187168598175,0.6847813129425049
s42,41,1,0.9318361282348633,0.06816381961107254
s42,42,0,1.0,1.4351866362005694e-09
s42,43,0,0.0006786931189708412,0.9993213415145874
s42,44,0,0.999798595905304,0.00020138495892751962
s42,45,1,0.7558178901672363,0.24418212473392487
s42,46,0,1.0,4.9267736557112585e-08
s42,47,1,0.9999949932098389,4.972981969331158e-06
s42,48,1,1.0,5.110597722790544e-09
s42,49,1,0.7810895442962646,0.21891041100025177
s43,0,0,1.0,8.209447559953415e-15
s43,1,1,0.0005596973351202905,0.9994402527809143
s43,2,0,1.0,2.3557693881563757e-14
s43,3,1,0.0011738803004845977,0.9988260865211487
s43,4,1,0.0001861664786702022,0.9998138546943665
s43,5,0,0.999998927116394,1.035933337334427e-06
s43,6,0,0.002232346683740616,0.9977676868438721
s43,7,1,1.0,3.097932932405456e-08
s43,8,0,1.0,8.819445351410194e-17
s43,9,1,0.0015062196180224419,0.9984937906265259
s43,10,1,0.00046589053818024695,0.9995341300964355
s43,11,1,0.00039741231012158096,0.9996026158332825
s43,12,0,1.0,1.4264358791371556e-11
s43,13,1,0.0053833601996302605,0.994616687297821
s43,14,0,1.0,1.3459358952881695e-13
s43,15,1,0.012363954447209835,0.9876360297203064
s43,16,1,0.0005034164059907198,0.999496579170227
s43,17,1,0.0018106900388374925,0.9981892704963684
s43,18,1,0.9997151494026184,0.0002848306321538985
s43,19,1,0.00010927836410701275,0.9998906850814819
s43,20,0,1.0,1.1493856560962357e-10
s43,21,0,1.0,4.1263445993422465e-09
s43,22,1,0.9999983310699463,1.715912048894097e-06
s43,23,0,1.0,8.509229460645657e-15
s43,24,0,1.0,2.488778940099983e-16
s43,25,0,1.0,3.5957284470817977e-16
s43,26,1,0.018926231190562248,0.9810737371444702
s43,27,0,0.9999939203262329,6.126189418864669e-06
s43,28,0,1.0,1.1905724886865365e-12
s43,29,1,0.0005365555989556015,0.9994634985923767
s43,30,0,1.0,3.412229876366586e-14
s43,31,0,1.0,4.3953976743005274e-12
s43,32,1,0.0008152576629072428,0.999184787273407
s43,33,0,1.0,1.8321929802327108e-13
s43,34,1,0.0007940518553368747,0.999206006526947
s43,35,0,1.0,4.328782205733836e-15
s43,36,0,1.0,1.853288633668626e-09
s43,37,1,0.0022481197956949472,0.9977518916130066
s43,38,1,0.0001034527231240645,0.9998965263366699
s43,39,0,0.005860627628862858,0.9941394329071045
s43,40,1,0.0005398844950832427,0.9994601607322693
s43,41,1,0.0023951695766299963,0.9976048469543457
s43,42,1,0.00027086882619187236,0.9997290968894958
s43,43,1,0.00289883092045784,0.9971011281013489
s43,44,1,0.0009767137235030532,0.9990233182907104
s43,45,0,0.9999998807907104,8.725784539365122e-08
s43,46,0,1.0,6.021246869158947e-14
s43,47,0,1.0,5.335953900953427e-10
s43,48,0,1.0,2.054245987724579e-13
s43,49,0,1.0,5.0576175192329487e-11
s44,0,1,0.9999996423721313,3.106323731572047e-07
s44,1,0,0.9999959468841553,4.0349555092689116e-06
s44,2,0,0.9999973773956299,2.5960200673580403e-06
s44,3,1,9.068739018402994e-05,0.9999092817306519
s44,4,1,0.7529890537261963,0.2470109760761261
s44,5,0,3.5155380828655325e-07,0.9999996423721313
s44,6,0,6.136879893148262e-10,1.0
s44,7,1,0.07111012190580368,0.9288899302482605
s44,8,1,0.007620636839419603,0.9923794269561768
s44,9,0,0.9997507929801941,0.0002491881023161113
s44,10,1,5.350365150924574e-10,1.0
s44,11,1,0.00021378295787144452,0.9997861981391907
s44,12,0,1.0,1.780991187860792e-10
s44,13,1,0.0019820374436676502,0.9980179071426392
s44,14,0,3.2152641438187857e-07,0.9999996423721313
s44,15,0,1.0,1.7936430118936642e-09
s44,16,0,1.0,4.653271691579253e-12
s44,17,0,1.0,1.4251286245001136e-25
s44,18,1,1.0,4.186035170969527e-17
s44,19,1,1.859514061827716e-12,1.0
s44,20,1,3.9480354749321656e-12,1.0
s44,21,0,1.0,7.49223461049553e-10
s44,22,1,6.680227908916996e-20,1.0
s44,23,1,3.935854791749558e-16,1.0
s44,24,1,1.0,3.8288105325134936e-11
s44,25,1,0.9999966621398926,3.331811967655085e-06
s44,26,0,1.0,2.834982248955953e-12
s44,27,1,1.0,3.035239259929767e-08
s44,28,0,1.0,2.062563131288611e-15
s44,29,1,0.9998847246170044,0.00011522295244503766
s44,30,1,5.162828983884538e-06,0.9999948740005493
s44,31,1,9.863026207312942e-06,0.9999901056289673
s44,32,0,1.0,1.895974493398324e-14
s44,33,0,1.0,6.497253256243507e-12
s44,34,0,0.9999998807907104,6.377639749644004e-08
s44,35,0,0.9999995231628418,4.2320147031205124e-07
s44,36,1,3.165976812311011e-12,1.0
s44,37,1,0.004349498078227043,0.9956504702568054
s44,38,0,1.0,3.0977578931962802e-18
s44,39,0,0.9999998807907104,1.5991818713700923e-07
s44,40,1,1.0,1.242818104289431e-13
s44,41,0,1.0,6.548594231332686e-21
s44,42,0,1.0,1.1483831583702206e-23
s44,43,1,0.9996034502983093,0.00039661588380113244
s44,44,0,1.0,1.993133905244985e-16
s44,45,0,1.0,3.759940103954411e-20
s44,46,0,0.9999991655349731,8.862634786055423e-07
s44,47,1,8.903792547698686e-08,0.9999998807907104
s44,48,1,0.999998927116394,1.1297404398646904e-06
s44,49,0,0.9999990463256836,9.576242518960498e-07
s45,0,1,2.49087747761223e-06,0.9999974966049194
s45,1,1,7.426275260513648e-05,0.9999257326126099
s45,2,1,1.087063083105022e-06,0.999998927116394
s45,3,1,0.0009126472286880016,0.9990873336791992
s45,4,1,1.678520129644312e-05,0.9999831914901733
s45,5,1,4.744801117340103e-06,0.999995231628418
s45,6,0,0.9788299798965454,0.021170061081647873
s45,7,1,0.00016589302686043084,0.9998340606689453
s45,8,1,0.0003661419323179871,0.9996337890625
s45,9,1,6.965935313019145e-07,0.9999992847442627
s45,10,1,0.0002818856737576425,0.9997181296348572
s45,11,0,0.9999920129776001,7.958329661050811e-06
s45,12,0,0.9999502897262573,4.973990508005954e-05
s45,13,1,0.0031057812739163637,0.9968942403793335
s45,14,0,0.9998878240585327,0.00011216188431717455
s45,15,0,0.9999878406524658,1.2216233699291479e-05
s45,16,0,0.999998927116394,1.1181300578755327e-06
s45,17,0,0.9985793828964233,0.001420674379914999
s45,18,0,0.999736487865448,0.00026354368310421705
s45,19,0,0.29466670751571655,0.7053332924842834
s45,20,1,2.489863391019753e-06,0.9999974966049194
s45,21,1,7.53788208385231e-06,0.9999924898147583
s45,22,1,1.768677861946344e-06,0.9999982118606567
s45,23,0,0.9999992847442627,7.718776373621949e-07
s45,24,0,0.9999724626541138,2.7554659027373418e-05
s45,25,0,0.9996335506439209,0.0003663990937639028
s45,26,1,5.8603724028216675e-05,0.999941349029541
s45,27,1,0.9985103011131287,0.001489733112975955
s45,28,0,0.99826580286026,0.0017342014471068978
s45,29,1,1.5369592802016996e-05,0.999984622001648
s45,30,0,0.9999690055847168,3.104732604697347e-05
s45,31,0,0.9997795224189758,0.00022054727014619857
s45,32,0,0.9999492168426514,5.0834827561629936e-05
s45,33,0,0.9999873638153076,1.2630629498744383e-05
s45,34,1,5.575131581281312e-05,0.9999442100524902
s45,35,0,0.9999845027923584,1.5506349882343784e-05
s45,36,1,0.00030877196695655584,0.9996912479400635
s45,37,0,0.9991059899330139,0.0008939778781495988
s45,38,0,0.999962329864502,3.767372254515067e-05
s45,39,0,0.9998078942298889,0.0001921285584103316
s45,40,1,4.112645547138527e-05,0.999958872795105
s45,41,0,0.8563501238822937,0.1436498612165451
s45,42,1,7.23873745300807e-05,0.9999276399612427
s45,43,0,0.9999949932098389,5.017653165850788e-06
s45,44,1,0.005344941280782223,0.9946550130844116
s45,45,1,0.23938827216625214,0.7606117129325867
s45,46,0,0.9999408721923828,5.913614950259216e-05
s45,47,1,2.948809424196952e-06,0.9999970197677612
s45,48,1,0.17186260223388672,0.8281373977661133
s45,49,0,0.546762228012085,0.45323771238327026
s46,0,0,0.9092567563056946,0.0907432809472084
s46,1,0,0.5977766513824463,0.4022233784198761
s46,2,1,0.5242204666137695,0.47577953338623047
s46,3,1,0.13561350107192993,0.8643864989280701
s46,4,0,0.18316441774368286,0.8168355822563171
s46,5,1,0.170244961977005,0.8297550678253174
s46,6,1,0.9900627732276917,0.009937172755599022
s46,7,0,0.9485479593276978,0.051452089101076126
s46,8,1,0.13263313472270966,0.8673667907714844
s46,9,1,0.7149749398231506,0.2850250005722046
s46,10,0,0.9930257797241211,0.006974226329475641
s46,11,1,0.2488766461610794,0.7511233687400818
s46,12,1,0.0112240519374609,0.9887759685516357
s46,13,0,0.9512597322463989,0.04874024540185928
s46,14,0,0.03521556034684181,0.9647844433784485
s46,15,1,0.11413037776947021,0.8858696222305298
s46,16,1,0.07241550832986832,0.9275845289230347
s46,17,1,0.2332976907491684,0.7667022943496704
s46,18,0,0.6269756555557251,0.3730243146419525
s46,19,1,0.020573876798152924,0.9794260859489441
s46,20,1,0.9995149374008179,0.0004851038393098861
s46,21,1,0.1195228174328804,0.8804771900177002
s46,22,1,0.12656943500041962,0.8734305500984192
s46,23,1,0.7562819719314575,0.2437180131673813
s46,24,0,0.7726747393608093,0.2273252308368683
s46,25,0,0.7679154276847839,0.23208460211753845
s46,26,0,0.9687175750732422,0.03128238022327423
s46,27,1,0.5019385814666748,0.4980614483356476
s46,28,0,0.6285280585289001,0.37147200107574463
s46,29,0,0.9198877215385437,0.0801122710108757
s46,30,0,0.8442310094833374,0.1557689756155014
s46,31,1,0.016749296337366104,0.9832506775856018
s46,32,1,0.998143196105957,0.0018568168161436915
s46,33,1,0.12299072742462158,0.8770092725753784
s46,34,0,0.6598182916641235,0.3401816487312317
s46,35,0,0.822979211807251,0.17702080309391022
s46,36,1,0.014272223226726055,0.9857277274131775
s46,37,0,0.9192654490470886,0.08073455095291138
s46,38,1,8.204777259379625e-05,0.9999179840087891
s46,39,0,0.8681871294975281,0.13181284070014954
s46,40,0,0.05478541925549507,0.945214569568634
s46,41,0,0.8197845220565796,0.180215522646904
s46,42,0,0.1406213939189911,0.8593786358833313
s46,43,0,0.04716959968209267,0.9528303742408752
s46,44,0,0.9964182376861572,0.0035818153992295265
s46,45,0,0.9063013792037964,0.09369861334562302
s46,46,1,0.2997436821460724,0.70025634765625
s46,47,1,0.24938468635082245,0.7506152987480164
s46,48,0,0.43478915095329285,0.5652108788490295
s46,49,1,0.003777452977374196,0.9962224960327148
s47,0,0,0.9940363168716431,0.005963620264083147
s47,1,0,0.9986494183540344,0.0013505863025784492
s47,2,0,0.6609143614768982,0.3390856683254242
s47,3,0,0.9998592138290405,0.00014082320558372885
s47,4,1,0.17719830572605133,0.8228017091751099
s47,5,1,0.9944413304328918,0.00555869797244668
s47,6,0,0.9870849251747131,0.012915116734802723
s47,7,1,0.9947625994682312,0.005237425211817026
s47,8,1,0.022655200213193893,0.977344810962677
s47,9,1,0.9421379566192627,0.057862069457769394
s47,10,0,0.09761154651641846,0.9023885130882263
s47,11,0,1.3793325706501491e-05,0.9999861717224121
s47,12,1,0.22055889666080475,0.7794411182403564
s47,13,0,0.14719955623149872,0.8528004288673401
s47,14,1,0.9999814033508301,1.8619970433064736e-05
s47,15,1,0.9997445940971375,0.0002554100938141346
s47,16,1,0.9899411797523499,0.010058814659714699
s47,17,1,0.9971621632575989,0.002837782958522439
s47,18,0,0.0020035516936331987,0.9979963898658752
s47,19,0,0.9936813116073608,0.006318740546703339
s47,20,1,5.3896659665042534e-05,0.999946117401123
s47,21,1,0.0003310402389615774,0.9996689558029175
s47,22,1,0.9990880489349365,0.0009119687601923943
s47,23,1,0.003906001802533865,0.9960940480232239
s47,24,1,0.7250239849090576,0.27497604489326477
s47,25,1,0.22339746356010437,0.776602566242218
s47,26,0,0.010061749257147312,0.9899382591247559
s47,27,1,0.9669222831726074,0.03307764232158661
s47,28,0,0.9385496973991394,0.061450257897377014
s47,29,1,0.000523640657775104,0.9994763731956482
s47,30,0,0.9988693594932556,0.0011305887019261718
s47,31,0,0.9988375306129456,0.0011624835897237062
s47,32,0,0.6657129526138306,0.33428701758384705
s47,33,0,0.946031928062439,0.05396806076169014
s47,34,0,0.9740506410598755,0.025949403643608093
s47,35,0,0.9997922778129578,0.0002077962999464944
s47,36,1,0.9061021208763123,0.09389787912368774
s47,37,1,8.181206067092717e-05,0.9999182224273682
s47,38,0,0.9930639863014221,0.0069360858760774136
s47,39,0,0.9869770407676697,0.0130230151116848
s47,40,1,0.1424807459115982,0.8575192093849182
s47,41,1,0.9560304880142212,0.04396950080990791
s47,42,1,0.4578312039375305,0.5421687960624695
s47,43,1,0.9947262406349182,0.005273711401969194
s47,44,1,0.002037624130025506,0.9979623556137085
s47,45,1,0.8249930739402771,0.1750068962574005
s47,46,1,0.08702081441879272,0.9129791855812073
s47,47,1,0.999568521976471,0.00043143381481058896
s47,48,0,0.9956134557723999,0.004386543296277523
s47,49,1,0.9985617995262146,0.0014382333029061556
s48,0,0,0.9491357803344727,0.050864219665527344
s48,1,1,0.48320505023002625,0.5167949795722961
s48,2,0,0.6545281410217285,0.3454718589782715
s48,3,0,0.9641603827476501,0.03583963215351105
s48,4,0,0.1749950498342514,0.8250049352645874
s48,5,1,0.9996881484985352,0.00031190732261165977
s48,6,1,0.04602028802037239,0.9539797306060791
s48,7,0,0.024667756631970406,0.9753322005271912
s48,8,1,0.42607709765434265,0.573922872543335
s48,9,1,0.9621472954750061,0.037852752953767776
s48,10,0,0.33739060163497925,0.662609338760376
s48,11,0,0.9989356398582458,0.0010643566492944956
s48,12,0,0.6170209050178528,0.3829791247844696
s48,13,0,0.17869795858860016,0.8213019967079163
s48,14,0,0.9896893501281738,0.010310688987374306
s48,15,0,0.025884026661515236,0.9741160273551941
s48,16,1,0.00013305208995006979,0.9998669624328613
s48,17,0,0.07507528364658356,0.9249246716499329
s48,18,1,0.9466568231582642,0.05334323272109032
s48,19,1,0.9208412766456604,0.07915867120027542
s48,20,1,0.01626444049179554,0.9837355613708496
s48,21,1,0.9991976618766785,0.0008023385307751596
s48,22,1,0.36677396297454834,0.6332260370254517
s48,23,1,0.46731993556022644,0.532680094242096
s48,24,1,0.9738996624946594,0.026100268587470055
s48,25,0,0.826714038848877,0.17328596115112305
s48,26,0,0.84129798412323,0.15870200097560883
s48,27,0,0.998960018157959,0.0010400257306173444
s48,28,0,0.9912592768669128,0.00874075572937727
s48,29,0,0.8474822640419006,0.15251779556274414
s48,30,1,0.01958894543349743,0.9804110527038574
s48,31,0,0.9951987862586975,0.004801217000931501
s48,32,1,0.9250012636184692,0.07499873638153076
s48,33,1,0.006852650549262762,0.9931473135948181
s48,34,1,0.00830939132720232,0.9916906356811523
s48,35,1,5.7826138800010085e-05,0.9999421834945679
s48,36,1,0.71468186378479,0.2853180766105652
s48,37,0,0.9295994639396667,0.07040055841207504
s48,38,1,0.0007702212897129357,0.9992297887802124
s48,39,1,0.010635814629495144,0.9893641471862793
s48,40,0,0.9994506239891052,0.0005493946373462677
s48,41,0,0.006888865027576685,0.9931111335754395
s48,42,0,0.9052109718322754,0.094789057970047
s48,43,0,0.8775760531425476,0.12242399156093597
s48,44,1,0.5379860401153564,0.4620139002799988
s48,45,1,0.021905018016695976,0.9780949950218201
s48,46,1,0.00074337690602988,0.9992565512657166
s48,47,1,0.993179440498352,0.006820513401180506
s48,48,0,0.9658976793289185,0.03410225361585617
s48,49,1,0.03373407945036888,0.9662659764289856
s49,0,1,4.236603776130998e-11,1.0
s49,1,1,1.21928841793608e-18,1.0
s49,2,0,0.9997932314872742,0.00020674057304859161
s49,3,0,1.0,7.863205372708683e-16
s49,4,0,1.0,2.6761993510149296e-08
s49,5,0,1.0,1.1366498427157687e-13
s49,6,1,1.1896066136286507e-14,1.0
s49,7,0,9.561047953354773e-09,1.0
s49,8,1,1.139665251059796e-09,1.0
s49,9,1,5.346336979898669e-13,1.0
s49,10,1,0.9999877214431763,1.2234489986440167e-05
s49,11,0,1.0,1.150120139913318e-14
s49,12,0,1.0,8.812804002181207e-13
s49,13,0,1.0,1.1397723653772118e-08
s49,14,0,0.003450714983046055,0.9965492486953735
s49,15,1,0.058947883546352386,0.9410520792007446
s49,16,1,1.6189073736086468e-13,1.0
s49,17,1,1.4755937304479532e-16,1.0
s49,18,0,0.9999847412109375,1.5234084457915742e-05
s49,19,1,2.9978193197166547e-05,0.9999700784683228
s49,20,0,1.0,4.2035503966531e-09
s49,21,0,1.0,4.1341742552849025e-17
s49,22,1,1.7872345964287106e-11,1.0
s49,23,1,2.5431171624575304e-17,1.0
s49,24,1,2.9612385460398016e-11,1.0
s49,25,1,2.0979960027034394e-06,0.9999978542327881
s49,26,0,1.0,1.0694500840457977e-11
s49,27,0,1.0,3.1610276618465605e-09
s49,28,1,0.10250185430049896,0.8974981307983398
s49,29,0,1.0,3.219897916681815e-15
s49,30,1,4.122977514953163e-09,1.0
s49,31,0,1.0,8.5031857482181e-17
s49,32,1,6.844034684144219e-16,1.0
s49,33,1,3.910722993332278e-18,1.0
s49,34,1,0.00012842976138927042,0.9998716115951538
s49,35,0,1.0,1.867709799365325e-17
s49,36,0,0.9999697208404541,3.0296747354441322e-05
s49,37,0,1.0,3.641523349529052e-08
s49,38,0,1.0,1.2536097160342763e-10
s49,39,0,1.0,7.944908159097583e-14
s49,40,1,3.9602258848740812e-22,1.0
s49,41,0,1.0,1.103492024370241e-16
s49,42,1,2.342177594982786e-06,0.999997615814209
s49,43,0,9.964451237465255e-06,0.9999899864196777
s49,44,0,1.0,6.222508344141391e-18
s49,45,1,8.497170029391929e-21,1.0
s49,46,0,1.0,1.4258081884209114e-14
s49,47,1,5.307131178966529e-09,1.0
s49,48,0,0.9756438136100769,0.024356171488761902
s49,49,1,7.03625107677125e-17,1.0
s50,0,1,0.8290829062461853,0.17091704905033112
s50,1,1,0.9994063377380371,0.0005936419474892318
s50,2,1,0.9997075200080872,0.0002924911677837372
s50,3,0,0.9999984502792358,1.490490490141383e-06
s50,4,1,0.998121440410614,0.0018785676220431924
s50,5,1,0.8553506135940552,0.14464937150478363
s50,6,0,1.0,1.9558496489047172e-10
s50,7,0,0.9999942779541016,5.774898909294279e-06
s50,8,1,0.0005852459580637515,0.9994148015975952
s50,9,1,0.012220467440783978,0.9877795577049255
s50,10,0,0.000989493913948536,0.999010443687439
s50,11,0,0.002639815676957369,0.9973601698875427
s50,12,0,0.9999997615814209,2.2175541403157695e-07
s50,13,1,0.9999898672103882,1.008797698887065e-05
s50,14,1,0.3142588436603546,0.685741126537323
s50,15,0,0.9999963045120239,3.749551069631707e-06
s50,16,1,0.9866092801094055,0.013390758074820042
s50,17,1,0.9999998807907104,1.1246306286238905e-07
s50,18,1,0.02164299599826336,0.9783570170402527
s50,19,0,0.0006950139068067074,0.999305009841919
s50,20,0,0.9999580383300781,4.199031172902323e-05
s50,21,1,0.9943935871124268,0.005606344901025295
s50,22,0,1.674967097642366e-05,0.9999831914901733
s50,23,1,0.00010820349416462705,0.9998917579650879
s50,24,0,0.9999845027923584,1.5527288269368e-05
s50,25,0,0.9998244643211365,0.00017557891260366887
s50,26,1,0.9999998807907104,7.990843187144492e-08
s50,27,1,0.0023620191495865583,0.9976379871368408
s50,28,0,0.9999831914901733,1.6848485756781884e-05
s50,29,0,1.0,1.7279688790949876e-09
s50,30,0,0.9969519376754761,0.0030480653513222933
s50,31,1,0.9999998807907104,9.592358907184462e-08
s50,32,1,0.9995810389518738,0.0004189276078250259
s50,33,1,3.776515950448811e-05,0.9999622106552124
s50,34,1,1.0,4.7244212986186085e-09
s50,35,1,1.0,1.710846686542311e-09
s50,36,1,0.3183116614818573,0.6816883683204651
s50,37,1,0.9940167665481567,0.005983202252537012
s50,38,0,0.9999940395355225,5.947686986473855e-06
s50,39,0,0.9999995231628418,4.6744796122766274e-07
s50,40,1,0.020314684137701988,0.9796852469444275
s50,41,0,0.9999985694885254,1.4379022559296573e-06
s50,42,1,3.307728547952138e-06,0.9999966621398926
s50,43,0,0.9999345541000366,6.539082824019715e-05
s50,44,0,0.9999998807907104,6.416721731739017e-08
s50,45,0,0.9999819993972778,1.8036816982203163e-05
s50,46,0,0.9999258518218994,7.41406183806248e-05
s50,47,1,0.9999831914901733,1.6821242752484977e-05
s50,48,0,0.999249279499054,0.0007507413974963129
s50,49,1,0.006395510397851467,0.9936044812202454
s51,0,0,0.9899638295173645,0.010036134161055088
s51,1,0,0.9929214119911194,0.007078559137880802
s51,2,1,0.9994252920150757,0.0005747182294726372
s51,3,1,0.897426962852478,0.10257307440042496
s51,4,0,0.10538996011018753,0.8946100473403931
s51,5,0,0.9999593496322632,4.069500573677942e-05
s51,6,0,0.9997175335884094,0.0002824366092681885
s51,7,0,0.965435266494751,0.03456469625234604
s51,8,1,0.0005690182442776859,0.9994309544563293
s51,9,1,0.44598329067230225,0.5540167093276978
s51,10,1,0.7454756498336792,0.254524290561676
s51,11,1,0.9998977184295654,0.0001023266013362445
s51,12,0,0.012364176101982594,0.9876357913017273
s51,13,1,0.9999995231628418,5.183289886190323e-07
s51,14,0,0.98206627368927,0.01793365366756916
s51,15,0,0.9999536275863647,4.635082223103382e-05
s51,16,1,0.8860080242156982,0.11399200558662415
s51,17,0,0.9999957084655762,4.2373962969577406e-06
s51,18,1,0.07688810676336288,0.9231119155883789
s51,19,0,0.06798267364501953,0.9320173263549805
s51,20,0,0.9916853904724121,0.008314637467265129
s51,21,0,0.9998667240142822,0.00013326552289072424
s51,22,1,0.9999940395355225,5.973876341158757e-06
s51,23,1,0.9998290538787842,0.00017095411021728069
s51,24,0,0.7798845171928406,0.22011549770832062
s51,25,1,0.003899874398484826,0.9961000680923462
s51,26,1,0.9996408224105835,0.00035918509820476174
s51,27,0,0.9930516481399536,0.006948347203433514
s51,28,0,0.35503435134887695,0.644965648651123
s51,29,0,0.9267226457595825,0.07327741384506226
s51,30,1,0.9583383798599243,0.04166167974472046
s51,31,0,0.9845245480537415,0.01547546498477459
s51,32,0,0.8384695649147034,0.16153043508529663
s51,33,0,0.7653880715370178,0.23461195826530457
s51,34,0,0.0007454519509337842,0.9992545247077942
s51,35,1,0.999264657497406,0.0007353211985900998
s51,36,0,0.002486212644726038,0.9975137710571289
s51,37,1,0.9278963804244995,0.07210368663072586
s51,38,0,0.8167824149131775,0.18321755528450012
s51,39,1,0.9897513389587402,0.010248596780002117
s51,40,0,0.997103750705719,0.0028962783981114626
s51,41,1,0.004194252192974091,0.9958057403564453
s51,42,1,0.8777071237564087,0.12229282408952713
s51,43,1,0.999725878238678,0.00027411343762651086
s51,44,1,0.9847682118415833,0.015231854282319546
s51,45,1,0.4816904067993164,0.5183095932006836
s51,46,1,0.090608149766922,0.9093918800354004
s51,47,1,0.9982170462608337,0.0017829396529123187
s51,48,1,0.9998693466186523,0.0001306941412622109
s51,49,0,0.999969482421875,3.0481178328045644e-05
s52,0,0,0.9999237060546875,7.628623279742897e-05
s52,1,0,0.9999988079071045,1.2332646974755335e-06
s52,2,1,0.9999815225601196,1.847529892984312e-05
s52,3,1,3.4601274819578975e-05,0.9999654293060303
s52,4,0,0.0032763800118118525,0.9967235922813416
s52,5,0,0.9999819993972778,1.7975529772229493e-05
s52,6,1,8.119147241814062e-05,0.9999188184738159
s52,7,1,0.00042843379196710885,0.9995715022087097
s52,8,0,0.0013376270653679967,0.9986623525619507
s52,9,1,0.0005639013252221048,0.99943608045578
s52,10,1,0.0001621009869268164,0.9998378753662109
s52,11,1,0.32712575793266296,0.6728742122650146
s52,12,1,0.00012972457625437528,0.9998703002929688
s52,13,0,0.9999793767929077,2.0586008758982643e-05
s52,14,1,0.8646665215492249,0.13533350825309753
s52,15,0,0.9999997615814209,2.3917871772027866e-07
s52,16,0,0.3155744671821594,0.6844255328178406
s52,17,1,0.08410648256540298,0.9158934950828552
s52,18,1,0.008373070508241653,0.9916269779205322
s52,19,1,2.9258617360028438e-05,0.9999707937240601
s52,20,0,0.9944316744804382,0.005568372551351786
s52,21,1,0.880608856678009,0.119391068816185
s52,22,1,7.108248246368021e-05,0.9999289512634277
s52,23,1,1.3420656159723876e-06,0.9999986886978149
s52,24,1,4.226707460475154e-05,0.9999576807022095
s52,25,0,0.9999984502792358,1.495190076639119e-06
s52,26,0,0.9999963045120239,3.7321306081139483e-06
s52,27,1,0.00025711258058436215,0.9997429251670837
s52,28,0,0.9999914169311523,8.61188891576603e-06
s52,29,1,2.9453244678734336e-06,0.9999970197677612
s52,30,0,0.9999983310699463,1.6457304354844382e-06
s52,31,0,0.9999988079071045,1.1637251873253263e-06
s52,32,1,0.0019349552458152175,0.9980650544166565
s52,33,1,0.08315207064151764,0.9168478846549988
s52,34,0,0.9999940395355225,5.9020831031375565e-06
s52,35,1,0.004005747847259045,0.9959942102432251
s52,36,0,0.9999998807907104,1.5428113897542062e-07
s52,37,0,0.9999980926513672,1.907400474010501e-06
s52,38,0,0.9999933242797852,6.677447345282417e-06
s52,39,1,0.00010764098260551691,0.9998923540115356
s52,40,0,0.9999879598617554,1.2099339983251411e-05
s52,41,0,0.5046269297599792,0.49537310004234314
s52,42,0,0.9998314380645752,0.00016857896116562188
s52,43,1,0.8517225980758667,0.14827744662761688
s52,44,1,0.009674971923232079,0.9903250932693481
s52,45,0,0.9999997615814209,2.488637846909114e-07
s52,46,0,0.47269290685653687,0.5273070931434631
s52,47,1,0.0002735542075242847,0.9997264742851257
s52,48,0,0.9985734224319458,0.0014265193603932858
s52,49,1,0.7787319421768188,0.22126807272434235
s53,0,1,0.9916626214981079,0.008337322622537613
s53,1,1,0.0003037094429600984,0.9996963739395142
s53,2,1,0.9998711347579956,0.00012879716814495623
s53,3,1,1.0,1.903894641941406e-08
s53,4,0,0.99998939037323,1.066636832547374e-05
s53,5,1,0.3850982189178467,0.6149017810821533
s53,6,0,8.881848771125078e-05,0.9999111890792847
s53,7,0,0.17525924742221832,0.8247407674789429
s53,8,0,0.91312575340271,0.08687423169612885
s53,9,0,0.005817785393446684,0.9941821694374084
s53,10,1,5.590295131696621e-06,0.9999943971633911
s53,11,0,1.0,3.843485085752718e-09
s53,12,0,0.9999988079071045,1.1409663329686737e-06
s53,13,0,4.793203333974816e-05,0.9999520778656006
s53,14,1,0.002997643081471324,0.9970023036003113
s53,15,0,0.9712168574333191,0.02878309227526188
s53,16,1,0.9816458225250244,0.01835419237613678
s53,17,0,0.9395660161972046,0.060433998703956604
s53,18,1,0.9999998807907104,1.386010524129233e-07
s53,19,0,0.9999978542327881,2.09844006349158e-06
s53,20,0,7.846766675356776e-05,0.9999215602874756
s53,21,1,0.9999942779541016,5.7632628340797964e-06
s53,22,1,0.9999996423721313,3.937395831599133e-07
s53,23,1,0.1834758073091507,0.8165242075920105
s53,24,0,0.9999942779541016,5.7244310482928995e-06
s53,25,0,1.004538262350252e-06,0.9999990463256836
s53,26,0,0.0038944524712860584,0.9961054921150208
s53,27,0,0.9994966983795166,0.0005033200141042471
s53,28,1,0.9997344613075256,0.000265562062850222
s53,29,0,1.0,2.2852519876437327e-09
s53,30,1,0.0003512720868457109,0.9996486902236938
s53,31,0,3.0121131203486584e-05,0.9999698400497437
s53,32,0,1.0,1.5093570837620973e-08
s53,33,1,0.6817443370819092,0.31825563311576843
s53,34,1,1.0,1.5994693070009447e-10
s53,35,1,2.5756728518899763e-06,0.9999973773956299
s53,36,0,0.050400618463754654,0.9495993852615356
s53,37,1,0.00010209655010839924,0.999897837638855
s53,38,1,1.0,3.612750276715815e-08
s53,39,0,0.968699038028717,0.031300969421863556
s53,40,1,5.141153565091372e-07,0.9999995231628418
s53,41,1,0.025526007637381554,0.9744739532470703
s53,42,1,0.999998927116394,1.0630028555169702e-06
s53,43,0,0.9990678429603577,0.0009321451070718467
s53,44,1,1.0,2.828490263187544e-12
s53,45,0,0.06584898382425308,0.9341510534286499
s53,46,1,0.9998648166656494,0.00013512696023099124
s53,47,0,0.9990629553794861,0.0009370011393912137
s53,48,0,0.999992847442627,7.129277037165593e-06
s53,49,0,0.10729926079511642,0.892700731754303
s54,0,1,0.8577696681022644,0.1422303318977356
s54,1,0,0.16830652952194214,0.8316934108734131
s54,2,1,0.9858459830284119,0.014153976924717426
s54,3,1,2.5843635739875026e-05,0.9999741315841675
s54,4,0,0.2079959213733673,0.7920041084289551
s54,5,0,0.9852219223976135,0.01477807480841875
s54,6,0,0.03092193230986595,0.9690780639648438
s54,7,0,0.9949605464935303,0.005039445590227842
s54,8,0,0.9996963739395142,0.0003036344132851809
s54,9,0,0.14074517786502838,0.859254777431488
s54,10,0,0.9504673480987549,0.049532629549503326
s54,11,0,0.9910554885864258,0.008944517001509666
s54,12,1,0.10435792803764343,0.895642101764679
s54,13,0,0.509414792060852,0.4905851483345032
s54,14,1,0.030526215210556984,0.9694737195968628
s54,15,0,0.9999135732650757,8.643450564704835e-05
s54,16,1,0.009941504336893559,0.9900584816932678
s54,17,1,0.9844879508018494,0.015512092038989067
s54,18,1,0.9993640780448914,0.000635992968454957
s54,19,0,0.9273558855056763,0.07264412939548492
s54,20,1,0.10427000373601913,0.8957299590110779
s54,21,1,0.11679165810346603,0.8832083940505981
s54,22,0,0.9999861717224121,1.38015893753618e-05
s54,23,0,0.9993717074394226,0.0006283287075348198
s54,24,1,0.24734286963939667,0.7526571154594421
s54,25,1,0.9994694590568542,0.0005306028760969639
s54,26,1,0.9950441122055054,0.004955830983817577
s54,27,0,0.0008698327001184225,0.9991301894187927
s54,28,0,0.9463057518005371,0.05369427427649498
s54,29,1,0.0186326764523983,0.981367290019989
s54,30,0,0.1336306482553482,0.8663693070411682
s54,31,1,0.04811513423919678,0.9518848657608032
s54,32,1,0.7136840224266052,0.2863159775733948
s54,33,0,0.9999346733093262,6.531940744025633e-05
s54,34,1,0.6821265816688538,0.31787338852882385
s54,35,1,0.004596040118485689,0.9954040050506592
s54,36,1,0.2954595983028412,0.7045403718948364
s54,37,0,0.9987543821334839,0.0012456468539312482
s54,38,1,0.9998711347579956,0.00012889388017356396
s54,39,1,0.5174560546875,0.4825439453125
s54,40,0,0.9975345134735107,0.0024655298329889774
s54,41,0,0.9809500575065613,0.01905001886188984
s54,42,0,0.9976582527160645,0.0023416958283632994
s54,43,1,0.982528567314148,0.01747136376798153
s54,44,1,0.40182924270629883,0.5981707572937012
s54,45,1,1.8932894818135537e-05,0.9999810457229614
s54,46,0,0.9566748142242432,0.04332517832517624
s54,47,0,0.9967554211616516,0.0032445599790662527
s54,48,0,0.8767242431640625,0.12327580153942108
s54,49,1,0.009822581894695759,0.9901774525642395
