subject_id,trial_id,label,p0,p1
s01,0,1,0.7538512945175171,0.24614867568016052
s01,1,1,0.9991248250007629,0.0008751919958740473
s01,2,0,0.9985194802284241,0.0014805248938500881
s01,3,1,0.0067261806689202785,0.9932738542556763
s01,4,0,0.9988113641738892,0.0011886786669492722
s01,5,1,0.9978711605072021,0.0021288057323545218
s01,6,0,0.8590827584266663,0.14091719686985016
s01,7,1,0.022367455065250397,0.9776325225830078
s01,8,1,0.5238511562347412,0.4761488139629364
s01,9,1,0.5911611318588257,0.4088388681411743
s01,10,0,0.8392356038093567,0.1607644408941269
s01,11,0,0.9956356883049011,0.004364258609712124
s01,12,0,0.9821049571037292,0.01789509877562523
s01,13,0,0.7052155137062073,0.2947845160961151
s01,14,1,0.008398685604333878,0.991601288318634
s01,15,0,0.7709197998046875,0.22908015549182892
s01,16,0,0.9472867846488953,0.05271321162581444
s01,17,1,0.9429976344108582,0.05700238421559334
s01,18,1,0.02652503363788128,0.9734749794006348
s01,19,0,0.08901791274547577,0.910982072353363
s01,20,1,0.4920007586479187,0.5079991817474365
s01,21,0,0.9659779071807861,0.03402210772037506
s01,22,0,0.6963021755218506,0.3036978244781494
s01,23,1,0.9759142994880676,0.024085747078061104
s01,24,0,0.42046499252319336,0.5795350074768066
s01,25,0,0.9463685750961304,0.053631458431482315
s01,26,0,0.05205248296260834,0.9479475617408752
s01,27,1,0.0001561661483719945,0.9998438358306885
s01,28,0,1.0,5.2237382419662026e-08
s01,29,0,0.9723345041275024,0.027665458619594574
s01,30,1,0.5857633352279663,0.4142366945743561
s01,31,1,0.22193442285060883,0.77806556224823
s01,32,0,0.9352481365203857,0.06475185602903366
s01,33,0,0.9996222257614136,0.00037769984919577837
s01,34,1,0.005982422735542059,0.9940176010131836
s01,35,0,0.9883838891983032,0.011616048403084278
s01,36,0,0.17776860296726227,0.8222314119338989
s01,37,1,0.9637417793273926,0.03625821694731712
s01,38,1,0.9303855299949646,0.0696144849061966
s01,39,1,0.0047742207534611225,0.9952257871627808
s01,40,1,0.27585411071777344,0.7241458892822266
s01,41,0,0.9910316467285156,0.008968362584710121
s01,42,1,0.9619536399841309,0.03804633021354675
s01,43,1,0.3156127333641052,0.68438720703125
s01,44,0,0.8444803357124329,0.15551970899105072
s01,45,1,0.24716612696647644,0.7528338432312012
s01,46,1,0.5572894215583801,0.44271060824394226
s01,47,0,0.23189188539981842,0.7681081295013428
s01,48,0,0.9140151739120483,0.08598486334085464
s01,49,0,0.12529347836971283,0.874706506729126
s02,0,1,0.000704091158695519,0.9992958307266235
s02,1,0,0.001648084376938641,0.9983519315719604
s02,2,1,0.0004160799435339868,0.999583899974823
s02,3,0,0.737563967704773,0.26243600249290466
s02,4,1,3.689890945679508e-05,0.9999630451202393
s02,5,0,0.0006289260927587748,0.9993711113929749
s02,6,0,0.8068645596504211,0.19313541054725647
s02,7,0,0.03436669334769249,0.9656332731246948
s02,8,1,0.9910023808479309,0.008997631259262562
s02,9,0,0.9799028038978577,0.020097145810723305
s02,10,1,0.08714506030082703,0.9128549098968506
s02,11,1,3.7167486880207434e-05,0.9999628067016602
s02,12,1,0.02046743594110012,0.9795325398445129
s02,13,1,0.006579546723514795,0.993420422077179
s02,14,0,0.0023176518734544516,0.9976823329925537
s02,15,0,0.3876493573188782,0.612350583076477
s02,16,0,0.05554058402776718,0.9444593787193298
s02,17,0,0.005167792085558176,0.9948321580886841
s02,18,1,0.00010528128768783063,0.9998947381973267
s02,19,0,0.09059033542871475,0.9094097018241882
s02,20,0,0.517147421836853,0.4828525483608246
s02,21,1,0.008259749971330166,0.9917402267456055
s02,22,0,0.05175218731164932,0.9482478499412537
s02,23,0,0.9991000890731812,0.0008999689016491175
s02,24,1,0.08889121562242508,0.9111087918281555
s02,25,0,0.030003460124135017,0.9699965715408325
s02,26,1,0.975405216217041,0.024594813585281372
s02,27,1,0.9969499707221985,0.0030501107685267925
s02,28,0,0.8953391313552856,0.10466084629297256
s02,29,0,0.3937540650367737,0.6062459349632263
s02,30,0,0.013508554548025131,0.9864913821220398
s02,31,1,0.23823416233062744,0.7617658376693726
s02,32,0,0.024018552154302597,0.9759814143180847
s02,33,1,0.32916244864463806,0.6708375811576843
s02,34,0,0.5793362259864807,0.4206637740135193
s02,35,1,0.0002533903461880982,0.9997466206550598
s02,36,0,0.0051316735334694386,0.994868278503418
s02,37,1,0.045102085918188095,0.9548978805541992
s02,38,1,0.7833369970321655,0.2166629582643509
s02,39,1,0.013881991617381573,0.9861180186271667
s02,40,1,0.024743858724832535,0.9752561450004578
s02,41,0,0.019214533269405365,0.9807854294776917
s02,42,0,0.0020423722453415394,0.9979575872421265
s02,43,1,0.006339567247778177,0.9936605095863342
s02,44,1,0.11642173677682877,0.8835782408714294
s02,45,1,0.4239911437034607,0.5760088562965393
s02,46,1,3.178378028678708e-05,0.9999681711196899
s02,47,1,0.0008040092652663589,0.9991959929466248
s02,48,0,0.12755519151687622,0.872444748878479
s02,49,0,0.01397967990487814,0.9860202670097351
s03,0,0,0.07000017911195755,0.929999828338623
s03,1,0,0.9875187277793884,0.012481334619224072
s03,2,0,0.7335478663444519,0.2664520740509033
s03,3,1,0.9043022394180298,0.09569771587848663
s03,4,0,0.05285724624991417,0.9471427202224731
s03,5,0,0.8291332721710205,0.1708667129278183
s03,6,1,0.06004715338349342,0.9399527907371521
s03,7,1,0.9964062571525574,0.003593769855797291
s03,8,1,0.002296056365594268,0.9977039694786072
s03,9,0,0.9953234791755676,0.0046765971928834915
s03,10,1,0.04665770009160042,0.9533423185348511
s03,11,1,0.5682917833328247,0.4317082166671753
s03,12,0,0.7675724625587463,0.23242753744125366
s03,13,0,0.014869005419313908,0.9851309657096863
s03,14,1,0.00101934012491256,0.9989805817604065
s03,15,1,0.9582741260528564,0.04172588512301445
s03,16,1,0.4762781262397766,0.5237218737602234
s03,17,0,0.19464360177516937,0.8053563833236694
s03,18,0,0.08076551556587219,0.9192344546318054
s03,19,0,0.9999566078186035,4.3405176256783307e-05
s03,20,0,0.985031008720398,0.014968927949666977
s03,21,1,0.6548094153404236,0.3451906144618988
s03,22,0,0.7332561016082764,0.26674386858940125
s03,23,1,0.9902044534683228,0.009795538149774075
s03,24,0,0.969884991645813,0.03011499159038067
s03,25,0,0.9988124370574951,0.001187551999464631
s03,26,0,0.10849764198064804,0.8915024399757385
s03,27,1,0.8213432431221008,0.1786566972732544
s03,28,0,0.09525088220834732,0.9047491550445557
s03,29,1,0.9848847389221191,0.015115209855139256
s03,30,1,0.32136160135269165,0.6786383986473083
s03,31,1,0.03831830993294716,0.9616816639900208
s03,32,1,0.0712963193655014,0.9287036657333374
s03,33,0,0.32947638630867004,0.6705236434936523
s03,34,1,0.05936966463923454,0.940630316734314
s03,35,1,0.2501875162124634,0.7498124837875366
s03,36,1,0.30583086609840393,0.6941691637039185
s03,37,0,0.8236804604530334,0.17631955444812775
s03,38,1,0.9994181394577026,0.000581855361815542
s03,39,1,0.9060969948768616,0.09390302002429962
s03,40,0,0.8772868514060974,0.1227131336927414
s03,41,0,0.01454942487180233,0.9854506254196167
s03,42,0,0.3616439402103424,0.63835608959198
s03,43,1,0.07861374318599701,0.9213862419128418
s03,44,0,0.4218299686908722,0.5781700611114502
s03,45,0,0.9573625922203064,0.042637430131435394
s03,46,0,0.1281590461730957,0.8718409538269043
s03,47,1,0.07815343141555786,0.9218465089797974
s03,48,1,0.9437163472175598,0.05628366395831108
s03,49,1,0.028707629069685936,0.9712923169136047
s04,0,0,0.6423854231834412,0.35761457681655884
s04,1,0,0.9997377991676331,0.00026213531964458525
s04,2,0,0.999932050704956,6.799487891839817e-05
s04,3,0,0.9998053908348083,0.0001946826232597232
s04,4,1,0.33989712595939636,0.6601028442382812
s04,5,1,0.11684291809797287,0.8831571340560913
s04,6,0,0.9905475974082947,0.009452375583350658
s04,7,0,0.9698049426078796,0.03019505925476551
s04,8,1,0.7720415592193604,0.22795847058296204
s04,9,1,0.027884969487786293,0.9721150398254395
s04,10,0,0.4469180405139923,0.5530819892883301
s04,11,1,0.0035047121345996857,0.9964953064918518
s04,12,1,0.035952866077423096,0.9640471339225769
s04,13,0,0.9841025471687317,0.015897421166300774
s04,14,1,0.0010552573949098587,0.9989448189735413
s04,15,0,0.996597945690155,0.003402011003345251
s04,16,1,0.0021650809794664383,0.9978349804878235
s04,17,1,8.313463331433013e-05,0.9999169111251831
s04,18,0,0.9999725818634033,2.7386156943975948e-05
s04,19,1,0.7448447346687317,0.2551552951335907
s04,20,1,0.000537143787369132,0.999462902545929
s04,21,0,0.9999995231628418,5.041175654696417e-07
s04,22,1,0.0021473485976457596,0.9978526830673218
s04,23,0,0.16855551302433014,0.831444501876831
s04,24,1,0.0028492091223597527,0.9971508383750916
s04,25,1,0.0009537680307403207,0.999046266078949
s04,26,1,0.000878957740496844,0.9991210103034973
s04,27,1,0.9953847527503967,0.00461529940366745
s04,28,0,0.9999926090240479,7.345390713453526e-06
s04,29,1,0.01838604547083378,0.9816139936447144
s04,30,1,4.971994349034503e-05,0.9999502897262573
s04,31,1,0.0026363839861005545,0.9973636269569397
s04,32,0,0.9755613207817078,0.024438723921775818
s04,33,1,0.914274275302887,0.08572576195001602
s04,34,0,0.9999970197677612,3.0293861073005246e-06
s04,35,1,0.004648248665034771,0.9953517913818359
s04,36,1,0.0004633659846149385,0.9995366334915161
s04,37,1,0.06114250048995018,0.9388574957847595
s04,38,1,0.0018945380579680204,0.9981054067611694
s04,39,1,0.0007032087887637317,0.9992967844009399
s04,40,0,0.8566520810127258,0.1433478593826294
s04,41,0,0.9998781681060791,0.00012184476508991793
s04,42,0,0.9999936819076538,6.331827535177581e-06
s04,43,1,0.005184157285839319,0.9948158860206604
s04,44,1,0.43998458981513977,0.5600153803825378
s04,45,0,0.008197060786187649,0.991802990436554
s04,46,1,0.001531570334918797,0.9984684586524963
s04,47,0,0.9776040315628052,0.022396018728613853
s04,48,1,0.01763172447681427,0.9823682904243469
s04,49,0,0.2796999514102936,0.720300018787384
s05,0,1,0.7043342590332031,0.29566580057144165
s05,1,0,0.045781441032886505,0.9542185664176941
s05,2,0,0.0004909285344183445,0.9995090961456299
s05,3,0,0.0419173501431942,0.9580826759338379
s05,4,0,0.8837388157844543,0.11626113206148148
s05,5,0,0.9623482823371887,0.037651754915714264
s05,6,0,0.8007494211196899,0.19925051927566528
s05,7,0,0.2821720242500305,0.7178279757499695
s05,8,1,0.4049593210220337,0.5950407385826111
s05,9,1,0.00018852636276278645,0.9998114705085754
s05,10,0,0.6076104044914246,0.39238959550857544
s05,11,1,0.009015720337629318,0.990984320640564
s05,12,1,0.2371058315038681,0.7628941535949707
s05,13,0,0.35291263461112976,0.6470873951911926
s05,14,0,0.2472562938928604,0.7527437806129456
s05,15,1,0.03671237453818321,0.9632875919342041
s05,16,1,0.1733611822128296,0.8266388773918152
s05,17,0,0.7844976186752319,0.2155023217201233
s05,18,1,0.8149551749229431,0.1850448101758957
s05,19,1,0.3390691876411438,0.6609308123588562
s05,20,0,0.5689277052879333,0.43107232451438904
s05,21,1,0.6588631868362427,0.3411368131637573
s05,22,0,0.5067130923271179,0.49328693747520447
s05,23,1,0.35078567266464233,0.6492143273353577
s05,24,1,0.011871134862303734,0.9881288409233093
s05,25,0,0.6055967211723328,0.3944033086299896
s05,26,0,0.0002225667703896761,0.9997774958610535
s05,27,1,0.9011868834495544,0.09881313890218735
s05,28,1,0.3980039954185486,0.6019960045814514
s05,29,0,0.7892628908157349,0.21073706448078156
s05,30,1,0.9026212692260742,0.09737875312566757
s05,31,0,0.00499793840572238,0.9950020909309387
s05,32,0,0.9979807734489441,0.0020192828960716724
s05,33,1,0.008955738507211208,0.991044282913208
s05,34,1,0.03890915587544441,0.9610908031463623
s05,35,1,0.7343952655792236,0.26560473442077637
s05,36,1,2.6621144570526667e-05,0.9999734163284302
s05,37,1,1.0359251973568462e-05,0.9999896287918091
s05,38,0,0.946625828742981,0.05337419733405113
s05,39,0,0.01082687173038721,0.989173173904419
s05,40,1,0.5564630627632141,0.44353699684143066
s05,41,1,0.7770170569419861,0.22298289835453033
s05,42,0,0.5741026997566223,0.4258973002433777
s05,43,0,0.14890950918197632,0.8510904312133789
s05,44,1,0.5472033619880676,0.45279660820961
s05,45,1,0.3939192593097687,0.6060807108879089
s05,46,0,0.559855580329895,0.440144419670105
s05,47,1,0.9999517202377319,4.827101292903535e-05
s05,48,0,0.22245046496391296,0.7775495648384094
s05,49,1,0.30828648805618286,0.6917135715484619
s06,0,1,0.6711428761482239,0.3288571238517761
s06,1,1,0.9506694078445435,0.04933059215545654
s06,2,1,0.7153576016426086,0.28464242815971375
s06,3,1,0.3337087333202362,0.6662912368774414
s06,4,0,0.9623178839683533,0.03768203407526016
s06,5,1,0.7394635677337646,0.26053643226623535
s06,6,0,0.04407402127981186,0.9559260010719299
s06,7,0,0.7066877484321594,0.29331228137016296
s06,8,0,0.6467137336730957,0.3532862067222595
s06,9,0,0.06305955350399017,0.9369404911994934
s06,10,0,0.9711266756057739,0.028873253613710403
s06,11,1,0.9162247180938721,0.08377529680728912
s06,12,1,0.24245670437812805,0.7575433254241943
s06,13,0,0.4628123342990875,0.5371876955032349
s06,14,0,0.726559042930603,0.2734409272670746
s06,15,1,0.9034199118614197,0.0965801402926445
s06,16,0,0.9776557683944702,0.022344272583723068
s06,17,1,0.07961543649435043,0.9203845858573914
s06,18,1,0.05031463876366615,0.9496853947639465
s06,19,1,0.34532877802848816,0.6546712517738342
s06,20,1,0.04342922195792198,0.9565707445144653
s06,21,1,0.06916068494319916,0.9308393597602844
s06,22,0,0.13331662118434906,0.8666834235191345
s06,23,0,0.7088927626609802,0.2911072075366974
s06,24,1,0.03276699781417847,0.9672330021858215
s06,25,0,0.901313841342926,0.09868615865707397
s06,26,0,0.93911212682724,0.06088781729340553
s06,27,0,0.28510281443595886,0.7148972153663635
s06,28,0,0.8888340592384338,0.11116588860750198
s06,29,0,0.9367076754570007,0.06329226493835449
s06,30,1,0.008792546577751637,0.9912075400352478
s06,31,1,0.05571073293685913,0.9442892670631409
s06,32,1,0.17284266650676727,0.8271573781967163
s06,33,1,0.926633358001709,0.07336658239364624
s06,34,0,0.970820426940918,0.029179513454437256
s06,35,0,0.7243226170539856,0.2756773829460144
s06,36,1,0.5500885844230652,0.4499114453792572
s06,37,0,0.8824432492256165,0.11755672842264175
s06,38,0,0.9216374754905701,0.07836254686117172
s06,39,1,0.7215948700904846,0.2784051299095154
s06,40,0,0.5815560221672058,0.41844403743743896
s06,41,1,0.24390509724617004,0.7560948729515076
s06,42,0,0.946790337562561,0.05320968106389046
s06,43,1,0.6003832817077637,0.3996167480945587
s06,44,0,0.22674676775932312,0.7732532024383545
s06,45,1,0.7257733345031738,0.27422666549682617
s06,46,0,0.9391157031059265,0.06088424101471901
s06,47,0,0.6619125008583069,0.3380875289440155
s06,48,0,0.7124630808830261,0.2875368893146515
s06,49,1,0.6333468556404114,0.36665311455726624
s07,0,0,0.8456732630729675,0.15432670712471008
s07,1,1,0.5843903422355652,0.4156096875667572
s07,2,1,0.7984904646873474,0.20150955021381378
s07,3,1,0.7842581868171692,0.2157418578863144
s07,4,0,0.36075395345687866,0.6392459869384766
s07,5,1,0.9391463398933411,0.06085364520549774
s07,6,1,0.7633330225944519,0.2366669625043869
s07,7,1,0.6175709962844849,0.38242894411087036
s07,8,1,0.21329039335250854,0.7867096066474915
s07,9,0,0.6265459060668945,0.3734540343284607
s07,10,0,0.278869092464447,0.721130907535553
s07,11,1,0.27839457988739014,0.7216054201126099
s07,12,0,0.9551933407783508,0.04480666294693947
s07,13,0,0.7889419794082642,0.21105800569057465
s07,14,0,0.2242046445608139,0.7757953405380249
s07,15,1,0.8665942549705505,0.13340578973293304
s07,16,0,0.8383290767669678,0.16167095303535461
s07,17,1,0.5983837842941284,0.40161624550819397
s07,18,1,0.4234263300895691,0.5765736699104309
s07,19,0,0.9407099485397339,0.05929001793265343
s07,20,1,0.6891356706619263,0.31086429953575134
s07,21,1,0.9108482599258423,0.08915172517299652
s07,22,0,0.9258296489715576,0.07417034357786179
s07,23,1,0.814357340335846,0.18564261496067047
s07,24,0,0.33926424384117126,0.6607357859611511
s07,25,1,0.3257509469985962,0.6742490530014038
s07,26,1,0.7961069345474243,0.20389311015605927
s07,27,0,0.9013339877128601,0.09866603463888168
s07,28,0,0.9978284239768982,0.0021716076880693436
s07,29,1,0.33641517162323,0.66358482837677
s07,30,0,0.5802456140518188,0.41975438594818115
s07,31,1,0.9659944772720337,0.03400556370615959
s07,32,1,0.9312983155250549,0.06870165467262268
s07,33,1,0.4448722004890442,0.5551277995109558
s07,34,0,0.3436543047428131,0.6563457250595093
s07,35,0,0.8427717089653015,0.1572282761335373
s07,36,1,0.9167603850364685,0.08323954790830612
s07,37,0,0.3709118366241455,0.6290882229804993
s07,38,1,0.9239094257354736,0.07609056681394577
s07,39,1,0.355838805437088,0.6441611647605896
s07,40,0,0.3642297089099884,0.6357702612876892
s07,41,1,0.23963485658168793,0.7603651285171509
s07,42,0,0.4692457914352417,0.5307542681694031
s07,43,1,0.9238651990890503,0.07613487541675568
s07,44,1,0.8814260363578796,0.11857399344444275
s07,45,0,0.9733611941337585,0.0266388189047575
s07,46,0,0.9119015336036682,0.08809839934110641
s07,47,1,0.8715246915817261,0.12847529351711273
s07,48,1,0.9179726839065552,0.08202727884054184
s07,49,1,0.9608076810836792,0.039192330092191696
s08,0,1,1.5846206224523485e-05,0.9999841451644897
s08,1,0,0.37080204486846924,0.6291979551315308
s08,2,1,8.165893632394727e-06,0.999991774559021
s08,3,0,0.7449578642845154,0.2550421357154846
s08,4,1,0.7510918378829956,0.2489081770181656
s08,5,0,0.9996610879898071,0.0003388729237485677
s08,6,1,9.430835052626207e-05,0.9999057054519653
s08,7,0,0.001485839718952775,0.9985141158103943
s08,8,0,0.012902872636914253,0.9870971441268921
s08,9,0,0.12097130715847015,0.8790287375450134
s08,10,0,7.65336153563112e-05,0.9999234676361084
s08,11,0,0.00021500351431313902,0.9997850060462952
s08,12,1,0.00012344386777840555,0.9998764991760254
s08,13,0,9.826505475984959e-08,0.9999998807907104
s08,14,1,0.9942713975906372,0.005728665739297867
s08,15,1,0.0007334110559895635,0.9992665648460388
s08,16,0,0.9997981190681458,0.00020187730842735618
s08,17,1,0.013803241774439812,0.9861966967582703
s08,18,0,0.6290658116340637,0.37093421816825867
s08,19,0,0.5780014395713806,0.4219985902309418
s08,20,0,0.9472678303718567,0.05273214355111122
s08,21,1,0.29465994238853455,0.7053400874137878
s08,22,0,0.011876057833433151,0.9881239533424377
s08,23,1,0.052335336804389954,0.9476646184921265
s08,24,1,0.31165382266044617,0.6883462071418762
s08,25,0,0.0073333680629730225,0.9926666617393494
s08,26,0,0.6273069977760315,0.37269294261932373
s08,27,1,4.378335233923281e-06,0.9999955892562866
s08,28,1,0.15197202563285828,0.8480280041694641
s08,29,0,0.16639398038387299,0.8336060047149658
s08,30,1,0.9988941550254822,0.0011058863019570708
s08,31,0,0.9860900640487671,0.013909990899264812
s08,32,1,0.0013742554001510143,0.9986257553100586
s08,33,1,0.008256996981799603,0.9917430281639099
s08,34,1,4.2570675873321306e-07,0.9999995231628418
s08,35,1,5.631107705994509e-05,0.999943733215332
s08,36,0,0.9679169654846191,0.03208305314183235
s08,37,1,2.4734031285333913e-06,0.9999974966049194
s08,38,0,0.0477331280708313,0.9522668123245239
s08,39,0,0.2178332507610321,0.7821667194366455
s08,40,1,9.36364522203803e-05,0.9999063014984131
s08,41,0,0.9999699592590332,3.00250558211701e-05
s08,42,0,0.5714904069900513,0.42850956320762634
s08,43,0,0.09573692083358765,0.9042630791664124
s08,44,1,0.0005422741523943841,0.9994577765464783
s08,45,1,0.1537245810031891,0.8462754487991333
s08,46,0,0.9999970197677612,3.000598781000008e-06
s08,47,0,0.9993450045585632,0.0006550336256623268
s08,48,1,0.003430464304983616,0.9965695142745972
s08,49,1,0.005571200978010893,0.9944288730621338
s09,0,0,0.9999159574508667,8.407553832512349e-05
s09,1,0,0.7391826510429382,0.2608173191547394
s09,2,0,0.997715950012207,0.002284059999510646
s09,3,1,0.09576788544654846,0.9042320847511292
s09,4,1,0.00257969181984663,0.9974203109741211
s09,5,1,0.11390554159879684,0.8860943913459778
s09,6,1,0.012673307210206985,0.9873266816139221
s09,7,0,0.999733030796051,0.00026692793471738696
s09,8,1,4.284452188585419e-06,0.9999957084655762
s09,9,0,0.3449535667896271,0.6550464034080505
s09,10,1,0.4458533525466919,0.5541466474533081
s09,11,0,0.9985321760177612,0.0014677534345537424
s09,12,1,0.09627715498209,0.903722882270813
s09,13,0,0.9736163020133972,0.026383662596344948
s09,14,1,0.1712990254163742,0.8287010192871094
s09,15,0,0.8937503099441528,0.10624974966049194
s09,16,1,3.6664741287495417e-07,0.9999996423721313
s09,17,0,0.6585066318511963,0.3414933979511261
s09,18,1,0.034744877368211746,0.9652552008628845
s09,19,0,0.999991774559021,8.199544026865624e-06
s09,20,0,0.8403059840202332,0.15969406068325043
s09,21,0,0.17493514716625214,0.8250648975372314
s09,22,1,0.385478138923645,0.614521861076355
s09,23,0,0.9999725818634033,2.7415868316893466e-05
s09,24,0,0.00035202206345275044,0.9996479749679565
s09,25,1,0.025249160826206207,0.974750816822052
s09,26,1,0.06104490906000137,0.9389551281929016
s09,27,1,0.9997038245201111,0.00029616401297971606
s09,28,0,0.9999932050704956,6.818082056270214e-06
s09,29,1,0.008815879002213478,0.9911841154098511
s09,30,1,0.03293970227241516,0.9670603275299072
s09,31,0,0.9904822111129761,0.00951771903783083
s09,32,1,0.0608704537153244,0.9391295909881592
s09,33,1,5.762965429312317e-06,0.9999942779541016
s09,34,0,3.59031287189282e-06,0.9999964237213135
s09,35,0,0.9944657683372498,0.00553424097597599
s09,36,1,0.8539299964904785,0.14607000350952148
s09,37,0,0.00885058380663395,0.9911494255065918
s09,38,1,2.904338771259063e-06,0.9999971389770508
s09,39,0,0.9651480317115784,0.034852009266614914
s09,40,1,0.0013761937152594328,0.9986238479614258
s09,41,1,2.6795794838108122e-05,0.9999731779098511
s09,42,1,6.46672779112123e-05,0.9999352693557739
s09,43,1,3.35547883878462e-06,0.9999966621398926
s09,44,0,0.9989054203033447,0.0010945830726996064
s09,45,0,0.06587718427181244,0.9341228604316711
s09,46,0,0.9958059787750244,0.004194001201540232
s09,47,0,0.00802452489733696,0.9919754862785339
s09,48,1,0.00011285278014838696,0.9998871088027954
s09,49,0,0.9690167903900146,0.030983222648501396
s10,0,1,0.11251554638147354,0.8874844908714294
s10,1,0,0.9575388431549072,0.04246111959218979
s10,2,0,0.06363306194543839,0.9363669157028198
s10,3,0,0.9130589962005615,0.08694105595350266
s10,4,1,0.020475706085562706,0.9795243144035339
s10,5,1,0.6318135261535645,0.36818644404411316
s10,6,1,0.23533767461776733,0.7646623253822327
s10,7,1,0.9094254970550537,0.0905744731426239
s10,8,1,0.4378083646297455,0.5621916055679321
s10,9,1,0.00018752920732367784,0.9998125433921814
s10,10,1,0.8282542824745178,0.17174576222896576
s10,11,1,0.018041254952549934,0.9819586873054504
s10,12,1,0.01111223641782999,0.9888877272605896
s10,13,0,0.4949534237384796,0.5050466060638428
s10,14,1,0.9999213218688965,7.864851068006828e-05
s10,15,0,0.18205207586288452,0.8179479241371155
s10,16,0,4.0231361708720215e-06,0.9999959468841553
s10,17,0,0.9753651022911072,0.02463487721979618
s10,18,1,0.13499903678894043,0.8650009632110596
s10,19,0,0.9860036969184875,0.013996233232319355
s10,20,0,0.9845806956291199,0.01541931089013815
s10,21,0,0.9625685811042786,0.03743146359920502
s10,22,0,0.999467670917511,0.0005323028308339417
s10,23,0,0.9026564955711365,0.09734345972537994
s10,24,0,0.9999992847442627,7.65723314088973e-07
s10,25,1,0.5905826091766357,0.40941742062568665
s10,26,0,0.9888234734535217,0.01117648184299469
s10,27,0,0.2715083658695221,0.7284916043281555
s10,28,0,0.995795726776123,0.004204335622489452
s10,29,0,0.09127490967512131,0.9087251424789429
s10,30,1,0.9691706299781799,0.030829336494207382
s10,31,1,0.4825582504272461,0.5174417495727539
s10,32,1,0.006352584343403578,0.9936473965644836
s10,33,1,0.12496119737625122,0.8750388622283936
s10,34,1,0.43617311120033264,0.563826858997345
s10,35,1,0.02533133700489998,0.9746686816215515
s10,36,1,0.9510286450386047,0.04897133633494377
s10,37,1,0.30634933710098267,0.6936506628990173
s10,38,1,0.0005862463731318712,0.9994137287139893
s10,39,0,0.9998733997344971,0.00012652631266973913
s10,40,0,0.0009809981565922499,0.9990190267562866
s10,41,0,0.9987963438034058,0.0012035914696753025
s10,42,0,0.9999972581863403,2.6880557015829254e-06
s10,43,0,0.9811267256736755,0.01887323521077633
s10,44,1,0.003416309831663966,0.9965837001800537
s10,45,1,0.9998148083686829,0.00018523722246754915
s10,46,0,0.9999834299087524,1.6537445844733156e-05
s10,47,1,0.48828643560409546,0.5117136240005493
s10,48,1,0.006085610017180443,0.9939144253730774
s10,49,1,0.9905403852462769,0.009459606371819973
s11,0,1,0.8548985123634338,0.14510151743888855
s11,1,1,0.4097127914428711,0.5902872085571289
s11,2,1,0.17573343217372894,0.8242666125297546
s11,3,1,0.06669490039348602,0.9333051443099976
s11,4,0,0.9482244849205017,0.05177559703588486
s11,5,0,0.9758839011192322,0.024116167798638344
s11,6,0,0.013737429864704609,0.9862625598907471
s11,7,1,0.4262111186981201,0.5737888216972351
s11,8,0,0.9734989404678345,0.026501057669520378
s11,9,1,0.04108871892094612,0.9589112997055054
s11,10,0,0.7907282710075378,0.20927168428897858
s11,11,1,0.873515784740448,0.12648425996303558
s11,12,0,0.6187870502471924,0.38121291995048523
s11,13,1,0.35511690378189087,0.6448830962181091
s11,14,1,0.2542566955089569,0.7457433342933655
s11,15,1,0.17744922637939453,0.8225507736206055
s11,16,0,0.15010292828083038,0.849897027015686
s11,17,0,0.03417554870247841,0.9658244252204895
s11,18,0,0.04154049605131149,0.9584594964981079
s11,19,1,0.16526073217391968,0.8347392678260803
s11,20,0,0.04842941090464592,0.9515706300735474
s11,21,0,0.4746774137020111,0.5253226161003113
s11,22,0,0.9764158129692078,0.023584190756082535
s11,23,0,0.4654403328895569,0.5345596671104431
s11,24,1,0.4726058840751648,0.5273941159248352
s11,25,1,0.8982082009315491,0.10179184377193451
s11,26,0,0.9221438765525818,0.07785618305206299
s11,27,0,0.9932117462158203,0.006788246799260378
s11,28,1,0.03400213643908501,0.9659979343414307
s11,29,0,0.022256935015320778,0.9777430295944214
s11,30,0,0.39397868514060974,0.6060213446617126
s11,31,0,0.27549177408218384,0.7245081663131714
s11,32,0,0.38656505942344666,0.613434910774231
s11,33,0,0.7315219044685364,0.268478125333786
s11,34,0,0.03997713699936867,0.9600228667259216
s11,35,0,0.9018537402153015,0.09814624488353729
s11,36,0,0.9738041758537292,0.02619582787156105
s11,37,0,0.9742412567138672,0.02575872838497162
s11,38,1,0.6733725666999817,0.3266274333000183
s11,39,1,0.8148307204246521,0.1851693093776703
s11,40,1,0.021574972197413445,0.9784250259399414
s11,41,1,0.264055073261261,0.735944926738739
s11,42,1,0.10036825388669968,0.8996317386627197
s11,43,1,0.026546059176325798,0.973453938961029
s11,44,1,0.11815858632326126,0.8818414211273193
s11,45,1,0.09490431845188141,0.9050956964492798
s11,46,0,0.9758115410804749,0.024188492447137833
s11,47,1,0.02065872959792614,0.9793412089347839
s11,48,1,0.7264761328697205,0.27352386713027954
s11,49,1,0.1451496183872223,0.8548503518104553
s12,0,1,0.00035096684587188065,0.9996490478515625
s12,1,0,0.00108767906203866,0.9989123344421387
s12,2,0,0.0019041146151721478,0.9980959296226501
s12,3,0,0.9992502331733704,0.0007497693877667189
s12,4,1,0.007199739571660757,0.992800235748291
s12,5,1,0.0008395934710279107,0.9991604089736938
s12,6,0,0.9938941597938538,0.006105856038630009
s12,7,1,0.003270331071689725,0.9967296123504639
s12,8,0,2.301807853655191e-06,0.9999977350234985
s12,9,0,0.6039514541625977,0.39604857563972473
s12,10,0,0.9511440992355347,0.04885590076446533
s12,11,1,0.6294323801994324,0.37056764960289
s12,12,0,0.0001732412347337231,0.9998267292976379
s12,13,1,6.885791208333103e-07,0.9999992847442627
s12,14,1,0.014165651984512806,0.9858343005180359
s12,15,1,4.3235504563199356e-05,0.9999567270278931
s12,16,0,1.0,3.2958946682981605e-09
s12,17,1,1.2146040262450697e-07,0.9999998807907104
s12,18,1,5.636989044432994e-06,0.9999943971633911
s12,19,0,7.033288511593128e-06,0.9999929666519165
s12,20,1,0.0018058427376672626,0.99819415807724
s12,21,1,0.000549318443518132,0.9994506239891052
s12,22,1,2.298714889548137e-06,0.9999977350234985
s12,23,0,0.9768213629722595,0.023178651928901672
s12,24,0,0.3917213976383209,0.6082785725593567
s12,25,1,0.004951314069330692,0.9950487017631531
s12,26,0,0.9994397759437561,0.0005601674783974886
s12,27,1,0.004229558631777763,0.9957703948020935
s12,28,0,0.028157804161310196,0.9718422293663025
s12,29,1,0.005209049675613642,0.9947910308837891
s12,30,1,0.002063359133899212,0.9979367256164551
s12,31,0,0.17230604588985443,0.8276939392089844
s12,32,0,2.1020573512942065e-06,0.9999978542327881
s12,33,1,0.014607238583266735,0.9853927493095398
s12,34,0,0.006256828084588051,0.9937431216239929
s12,35,0,0.2127200961112976,0.7872799038887024
s12,36,0,0.1140887588262558,0.8859112858772278
s12,37,0,0.00024399679386988282,0.9997560381889343
s12,38,0,0.00025709543842822313,0.9997429251670837
s12,39,0,0.000182536561624147,0.999817430973053
s12,40,1,0.821492612361908,0.17850738763809204
s12,41,1,8.524482109351084e-05,0.9999147653579712
s12,42,1,0.0008382373489439487,0.9991617202758789
s12,43,1,0.560451328754425,0.43954867124557495
s12,44,1,0.21829810738563538,0.781701922416687
s12,45,1,0.004992074798792601,0.9950078725814819
s12,46,0,0.06080849468708038,0.9391915202140808
s12,47,0,0.012896048836410046,0.9871039986610413
s12,48,0,0.18588705360889435,0.8141129016876221
s12,49,1,0.9775198101997375,0.022480199113488197
s13,0,0,0.9999116659164429,8.827673445921391e-05
s13,1,0,0.002744621131569147,0.9972553849220276
s13,2,0,0.8855097889900208,0.11449021846055984
s13,3,0,0.8144894242286682,0.18551059067249298
s13,4,1,0.0013386682840064168,0.9986612796783447
s13,5,1,0.00035794865107163787,0.999642014503479
s13,6,1,0.10232558101415634,0.8976744413375854
s13,7,0,0.9385607242584229,0.06143930181860924
s13,8,0,0.9871035218238831,0.012896522879600525
s13,9,0,0.6743245124816895,0.32567542791366577
s13,10,1,0.3291412591934204,0.6708587408065796
s13,11,1,0.7592723369598389,0.24072760343551636
s13,12,1,0.5295473337173462,0.4704526364803314
s13,13,1,0.9804114103317261,0.019588584080338478
s13,14,1,0.0023951490875333548,0.9976048469543457
s13,15,1,0.9977120161056519,0.0022880134638398886
s13,16,0,0.2926642894744873,0.7073357105255127
s13,17,0,0.7420411705970764,0.2579587996006012
s13,18,0,0.030300496146082878,0.9696995615959167
s13,19,1,0.12300866842269897,0.876991331577301
s13,20,0,0.006466078571975231,0.9935339689254761
s13,21,1,0.003960435278713703,0.9960395097732544
s13,22,1,0.15137901902198792,0.8486209511756897
s13,23,0,0.1530739665031433,0.8469259738922119
s13,24,0,0.03137883543968201,0.9686211943626404
s13,25,0,0.9959988594055176,0.004001148045063019
s13,26,0,0.6108857989311218,0.3891142010688782
s13,27,0,0.034156955778598785,0.9658430814743042
s13,28,0,1.616474946786184e-05,0.9999837875366211
s13,29,0,0.9663733839988708,0.03362663835287094
s13,30,1,0.08534614741802216,0.9146538376808167
s13,31,1,0.8724473118782043,0.12755268812179565
s13,32,1,0.9105243682861328,0.08947565406560898
s13,33,0,0.007042869459837675,0.9929571151733398
s13,34,1,0.492303729057312,0.507696270942688
s13,35,0,0.9960991144180298,0.0039008453022688627
s13,36,1,0.060098715126514435,0.9399012923240662
s13,37,1,1.8975713828695007e-05,0.9999810457229614
s13,38,0,0.0009469601791352034,0.9990530610084534
s13,39,0,0.9661657810211182,0.03383416682481766
s13,40,0,0.27988743782043457,0.7201125621795654
s13,41,1,0.7671083211898804,0.23289164900779724
s13,42,1,0.9898524880409241,0.01014754455536604
s13,43,0,0.1996273398399353,0.8003726601600647
s13,44,1,0.9998922348022461,0.0001077469642041251
s13,45,1,0.04191165789961815,0.9580883979797363
s13,46,0,0.9966938495635986,0.0033062025904655457
s13,47,1,0.9999182224273682,8.181994053302333e-05
s13,48,1,0.00018064858159050345,0.9998193383216858
s13,49,1,0.0002821924863383174,0.9997177720069885
s14,0,0,0.9999904632568359,9.585767656972166e-06
s14,1,1,0.05346149951219559,0.9465384483337402
s14,2,0,0.9999998807907104,1.218053853335732e-07
s14,3,0,1.0,4.358691532702075e-11
s14,4,0,0.9999291896820068,7.086367986630648e-05
s14,5,0,0.9998164772987366,0.0001835654693422839
s14,6,1,0.9999852180480957,1.4791447938478086e-05
s14,7,1,0.00012987494119443,0.9998700618743896
s14,8,1,2.1041022080225957e-07,0.9999997615814209
s14,9,1,1.1633207577688154e-05,0.999988317489624
s14,10,0,0.9999516010284424,4.840893961954862e-05
s14,11,1,0.03625771775841713,0.9637422561645508
s14,12,1,2.93690436592442e-06,0.9999970197677612
s14,13,0,0.9991637468338013,0.0008363110828213394
s14,14,1,1.0541177289269399e-05,0.9999895095825195
s14,15,0,0.9817320704460144,0.018267929553985596
s14,16,0,0.9999983310699463,1.6149105022122967e-06
s14,17,1,3.291693673190821e-08,1.0
s14,18,0,0.9999957084655762,4.2850197132793255e-06
s14,19,1,4.6359896259673405e-06,0.9999953508377075
s14,20,0,0.9997850060462952,0.00021504494361579418
s14,21,0,0.9833999276161194,0.016600018367171288
s14,22,1,0.00010334317630622536,0.9998966455459595
s14,23,1,1.1258255199209088e-06,0.999998927116394
s14,24,1,0.0008895077626220882,0.9991105198860168
s14,25,0,0.00144747004378587,0.9985525012016296
s14,26,1,0.10736241936683655,0.8926375508308411
s14,27,0,1.0,3.808204951383232e-08
s14,28,0,0.9999983310699463,1.70156522472098e-06
s14,29,1,0.0028167993295937777,0.9971831440925598
s14,30,0,0.995012104511261,0.004987808875739574
s14,31,0,0.009583063423633575,0.9904170036315918
s14,32,0,0.9999972581863403,2.7901951398234814e-06
s14,33,0,0.9999905824661255,9.380017218063585e-06
s14,34,0,0.9989503026008606,0.0010497375624254346
s14,35,0,0.999798595905304,0.000201478716917336
s14,36,1,1.6600557501078583e-05,0.9999834299087524
s14,37,1,0.00028217877843417227,0.9997177720069885
s14,38,1,0.001106285722926259,0.9988937973976135
s14,39,1,4.4142092292531743e-07,0.9999995231628418
s14,40,0,0.9999172687530518,8.268475357908756e-05
s14,41,1,0.9086595773696899,0.09134040027856827
s14,42,1,2.053264142887201e-05,0.9999794960021973
s14,43,1,0.06567993015050888,0.9343200922012329
s14,44,1,9.18033856578404e-06,0.9999908208847046
s14,45,1,0.9987001419067383,0.0012998242164030671
s14,46,1,8.97483914741315e-06,0.9999910593032837
s14,47,0,0.898683488368988,0.10131654888391495
s14,48,0,0.9996916055679321,0.00030837245867587626
s14,49,1,0.9999575614929199,4.24471108999569e-05
s15,0,1,0.9837087392807007,0.016291217878460884
s15,1,1,0.13371700048446655,0.8662829995155334
s15,2,0,0.9986218214035034,0.0013781373854726553
s15,3,1,0.26208680868148804,0.7379132509231567
s15,4,0,0.9993984699249268,0.0006014686659909785
s15,5,1,0.43145886063575745,0.5685411095619202
s15,6,1,0.9888505339622498,0.011149443686008453
s15,7,1,0.7906801700592041,0.2093198448419571
s15,8,0,0.730534553527832,0.26946544647216797
s15,9,1,1.4654291362603544e-06,0.9999985694885254
s15,10,1,0.0027860314585268497,0.9972140192985535
s15,11,0,0.9849269390106201,0.015073067508637905
s15,12,1,0.0031291411723941565,0.9968708157539368
s15,13,0,0.9941714406013489,0.0058285631239414215
s15,14,1,0.1990635097026825,0.8009364604949951
s15,15,0,0.8443505764007568,0.15564940869808197
s15,16,1,0.017024509608745575,0.9829755425453186
s15,17,1,0.999039351940155,0.0009605688392184675
s15,18,0,0.9970184564590454,0.0029815458692610264
s15,19,1,0.1000712513923645,0.8999286890029907
s15,20,1,0.001983651192858815,0.998016357421875
s15,21,1,0.0017601101426407695,0.9982398748397827
s15,22,0,0.13431307673454285,0.8656868934631348
s15,23,0,0.05844445899128914,0.9415555000305176
s15,24,0,0.0032453343737870455,0.9967547059059143
s15,25,1,0.9959548711776733,0.0040451353415846825
s15,26,1,0.00021473554079420865,0.9997852444648743
s15,27,1,0.8942248821258545,0.1057751253247261
s15,28,0,0.8836684226989746,0.11633151769638062
s15,29,0,0.00042709021363407373,0.9995729327201843
s15,30,0,0.9999984502792358,1.6030555798351998e-06
s15,31,0,0.8520937561988831,0.14790628850460052
s15,32,0,0.004348100163042545,0.99565190076828
s15,33,1,0.0013409146340563893,0.9986590147018433
s15,34,0,0.9996497631072998,0.0003502315375953913
s15,35,0,0.997550904750824,0.0024490649811923504
s15,36,0,0.01698809675872326,0.9830119013786316
s15,37,0,0.9999748468399048,2.5112800358328968e-05
s15,38,1,0.013160692527890205,0.9868393540382385
s15,39,0,0.9997345805168152,0.0002653651172295213
s15,40,1,0.0021833002101629972,0.9978166818618774
s15,41,1,0.09254050999879837,0.9074594974517822
s15,42,0,0.9242903590202332,0.07570958882570267
s15,43,0,0.026828523725271225,0.9731715321540833
s15,44,1,0.011419270187616348,0.9885807633399963
s15,45,0,0.002725634491071105,0.9972743391990662
s15,46,0,0.7976539731025696,0.20234601199626923
s15,47,0,0.9731781482696533,0.026821868494153023
s15,48,1,0.019160639494657516,0.9808393716812134
s15,49,1,0.005599512252956629,0.9944004416465759
s16,0,1,0.18720969557762146,0.8127903342247009
s16,1,1,0.4309711456298828,0.5690287947654724
s16,2,1,0.9998886585235596,0.00011131056817248464
s16,3,1,0.0009204823873005807,0.9990794658660889
s16,4,0,0.7548084855079651,0.24519148468971252
s16,5,0,0.09900625795125961,0.9009937047958374
s16,6,1,0.9529890418052673,0.04701096937060356
s16,7,0,0.9997418522834778,0.00025814742548391223
s16,8,1,0.9961268305778503,0.0038732141256332397
s16,9,0,0.9220283031463623,0.07797165215015411
s16,10,0,0.9999951124191284,4.835726485907799e-06
s16,11,1,0.9999997615814209,1.9573523957205907e-07
s16,12,1,0.6728330254554749,0.32716691493988037
s16,13,0,0.9990986585617065,0.0009013626258820295
s16,14,1,0.6662636995315552,0.3337363302707672
s16,15,0,0.9999960660934448,3.878810275637079e-06
s16,16,0,0.9998936653137207,0.00010638007370289415
s16,17,1,0.9816344380378723,0.018365582451224327
s16,18,1,0.3972553312778473,0.6027446985244751
s16,19,0,0.992905855178833,0.007094103842973709
s16,20,1,0.9562982320785522,0.04370178282260895
s16,21,1,0.1142304390668869,0.8857695460319519
s16,22,1,0.9153982400894165,0.08460171520709991
s16,23,0,0.9999759197235107,2.4049068088061176e-05
s16,24,0,1.0,4.689992394446563e-08
s16,25,0,6.566840602317825e-05,0.9999343156814575
s16,26,0,0.795020341873169,0.20497961342334747
s16,27,0,0.00014012906467542052,0.9998598098754883
s16,28,0,0.8347331881523132,0.16526678204536438
s16,29,0,0.9998763799667358,0.0001235563395312056
s16,30,1,0.0306544192135334,0.9693455696105957
s16,31,0,0.5303846001625061,0.4696153998374939
s16,32,1,0.0002853965270332992,0.9997145533561707
s16,33,1,0.9999858140945435,1.4210811059456319e-05
s16,34,1,0.9837289452552795,0.016271095722913742
s16,35,0,0.08446598052978516,0.9155340194702148
s16,36,0,0.9998743534088135,0.00012566553778015077
s16,37,1,0.9999949932098389,4.9474474508315325e-06
s16,38,0,0.5103909373283386,0.48960909247398376
s16,39,1,0.9999912977218628,8.691840776009485e-06
s16,40,0,0.005817399825900793,0.9941826462745667
s16,41,1,0.06519099324941635,0.9348090291023254
s16,42,1,0.9999463558197021,5.362253432394937e-05
s16,43,1,0.4760861098766327,0.5239139199256897
s16,44,1,0.9999866485595703,1.3380806194618344e-05
s16,45,0,0.9760059118270874,0.023994069546461105
s16,46,0,0.9641867876052856,0.03581326827406883
s16,47,0,0.006389519199728966,0.9936104416847229
s16,48,0,0.9999490976333618,5.086634701001458e-05
s16,49,0,0.9999880790710449,1.1977462236245628e-05
s17,0,1,0.771928071975708,0.2280718982219696
s17,1,1,0.9679232835769653,0.032076746225357056
s17,2,0,0.9998188614845276,0.00018111077952198684
s17,3,0,0.767920970916748,0.23207902908325195
s17,4,0,0.9979846477508545,0.0020153343211859465
s17,5,0,0.00021769256272818893,0.9997822642326355
s17,6,0,3.2624870982544962e-06,0.9999967813491821
s17,7,1,0.010066642425954342,0.9899333119392395
s17,8,1,1.3387915714702103e-05,0.9999866485595703
s17,9,1,0.0011431332677602768,0.9988569021224976
s17,10,0,0.9999862909317017,1.3732125808019191e-05
s17,11,1,0.060270410031080246,0.9397295713424683
s17,12,1,0.0001995452621486038,0.9998005032539368
s17,13,0,0.041076987981796265,0.9589230418205261
s17,14,1,0.8463731408119202,0.15362684428691864
s17,15,0,0.012596899643540382,0.9874030351638794
s17,16,0,0.004585694056004286,0.9954142570495605
s17,17,1,0.3780719041824341,0.6219280958175659
s17,18,0,0.9962726831436157,0.003727271221578121
s17,19,1,0.8692986965179443,0.13070128858089447
s17,20,1,0.06540506333112717,0.9345949292182922
s17,21,1,0.5666106939315796,0.4333893060684204
s17,22,0,0.014574795961380005,0.9854251742362976
s17,23,0,0.9710565805435181,0.028943389654159546
s17,24,0,0.9999996423721313,3.4365382362011587e-07
s17,25,0,0.9997172951698303,0.0002826381241902709
s17,26,0,0.00022008888481650501,0.9997798800468445
s17,27,1,0.997048556804657,0.002951439470052719
s17,28,0,2.289986514369957e-05,0.9999771118164062
s17,29,0,0.9966327548027039,0.0033672142308205366
s17,30,0,0.9999808073043823,1.9142495148116723e-05
s17,31,0,0.9961344003677368,0.0038656287360936403
s17,32,1,0.0008772842702455819,0.999122679233551
s17,33,1,0.0011945775477215648,0.9988054037094116
s17,34,0,0.025504887104034424,0.9744951128959656
s17,35,1,0.0001446629175916314,0.9998552799224854
s17,36,1,0.8911932706832886,0.10880676656961441
s17,37,1,0.037089601159095764,0.9629104137420654
s17,38,0,0.9998502731323242,0.00014966761227697134
s17,39,0,0.9994848966598511,0.0005150586948730052
s17,40,1,0.453181654214859,0.5468183755874634
s17,41,1,1.0264384400215931e-05,0.9999897480010986
s17,42,0,0.9991692304611206,0.0008307559764944017
s17,43,0,0.013159293681383133,0.9868407249450684
s17,44,1,1.0,4.627322169881154e-08
s17,45,1,0.9999988079071045,1.239527023244591e-06
s17,46,1,0.9997931122779846,0.0002068722969852388
s17,47,0,0.9999915361404419,8.434784831479192e-06
s17,48,1,0.9999969005584717,3.0992507618066156e-06
s17,49,1,5.970419806544669e-05,0.9999402761459351
s18,0,1,0.9999995231628418,4.4569159740603936e-07
s18,1,1,0.9993160963058472,0.0006839526467956603
s18,2,1,0.9988069534301758,0.0011930003529414535
s18,3,0,0.05457545071840286,0.945424497127533
s18,4,0,0.993763267993927,0.006236774381250143
s18,5,0,0.999664306640625,0.00033570965752005577
s18,6,0,0.03950496390461922,0.9604949951171875
s18,7,0,0.9999996423721313,3.0507015935654636e-07
s18,8,1,8.496931513946038e-07,0.9999991655349731
s18,9,1,1.2322641396167455e-06,0.9999988079071045
s18,10,0,3.769780232687481e-05,0.999962329864502
s18,11,1,0.0024354811757802963,0.9975645542144775
s18,12,0,0.9999994039535522,6.201478299772134e-07
s18,13,0,0.9999998807907104,1.266732567728468e-07
s18,14,1,0.8882958889007568,0.11170412600040436
s18,15,0,0.1806441694498062,0.819355845451355
s18,16,1,7.142419053707272e-05,0.9999285936355591
s18,17,0,0.07581593096256256,0.9241840839385986
s18,18,0,0.9999991655349731,8.516872185282409e-07
s18,19,1,0.9090478420257568,0.09095216542482376
s18,20,1,0.4704432189464569,0.5295568108558655
s18,21,1,0.14737828075885773,0.8526216745376587
s18,22,1,0.002191264647990465,0.9978087544441223
s18,23,1,0.061554860323667526,0.9384451508522034
s18,24,0,0.9459887146949768,0.05401124060153961
s18,25,0,0.9999147653579712,8.518501999787986e-05
s18,26,1,0.012695013545453548,0.9873049855232239
s18,27,1,9.024618520925287e-06,0.9999909400939941
s18,28,0,0.9999427795410156,5.723844515159726e-05
s18,29,0,0.9972240924835205,0.002775924513116479
s18,30,1,0.5620909929275513,0.43790897727012634
s18,31,1,0.4630812108516693,0.5369187593460083
s18,32,1,1.881493432165371e-07,0.9999997615814209
s18,33,1,0.9923418760299683,0.007658093702048063
s18,34,1,5.952867923042504e-06,0.9999940395355225
s18,35,1,0.15844382345676422,0.841556191444397
s18,36,1,3.9072383515303954e-06,0.9999960660934448
s18,37,0,0.9999374151229858,6.263388058869168e-05
s18,38,0,0.8729398250579834,0.12706013023853302
s18,39,0,1.8035319953924045e-05,0.9999819993972778
s18,40,0,0.00012099100422346964,0.999879002571106
s18,41,0,3.582393765100278e-05,0.9999641180038452
s18,42,1,0.0011819516075775027,0.9988179802894592
s18,43,0,0.9998229146003723,0.0001771642710082233
s18,44,0,1.0,2.7482990105909266e-08
s18,45,1,0.00026166538009420037,0.9997382760047913
s18,46,0,0.00017464272968936712,0.9998254179954529
s18,47,0,0.7867570519447327,0.21324294805526733
s18,48,0,0.9860960841178894,0.013903875835239887
s18,49,1,0.24924056231975555,0.7507594227790833
s19,0,1,3.0420255825447384e-06,0.9999969005584717
s19,1,0,0.4936474561691284,0.5063525438308716
s19,2,1,0.00011585590982576832,0.9998841285705566
s19,3,0,0.9999991655349731,8.197065994863806e-07
s19,4,0,0.9172472953796387,0.08275274187326431
s19,5,0,0.047687042504549026,0.9523130059242249
s19,6,1,0.0013444049982354045,0.9986555576324463
s19,7,1,0.7135312557220459,0.2864687740802765
s19,8,0,0.6093407869338989,0.39065927267074585
s19,9,1,0.0024737727362662554,0.997526228427887
s19,10,0,0.9936500191688538,0.006350026000291109
s19,11,0,0.001059655798599124,0.9989404082298279
s19,12,1,0.06582114845514297,0.93417888879776
s19,13,1,4.650884875445627e-05,0.9999535083770752
s19,14,1,0.14294476807117462,0.8570552468299866
s19,15,1,0.9693376421928406,0.030662404373288155
s19,16,0,0.997139573097229,0.002860497450456023
s19,17,0,0.07990904152393341,0.920090913772583
s19,18,1,0.08916529268026352,0.9108346700668335
s19,19,0,0.0037800054997205734,0.996220052242279
s19,20,1,0.0022003999911248684,0.9977995753288269
s19,21,0,0.9760814309120178,0.023918522521853447
s19,22,1,0.0033804720733314753,0.996619462966919
s19,23,0,0.9999970197677612,2.9397117486951174e-06
s19,24,0,0.045132316648960114,0.9548676609992981
s19,25,1,0.00011372045264579356,0.9998862743377686
s19,26,1,0.008508985862135887,0.9914910197257996
s19,27,0,0.9999983310699463,1.6358706034225179e-06
s19,28,0,0.9339857697486877,0.06601419299840927
s19,29,1,6.0558468248927966e-05,0.9999394416809082
s19,30,1,0.018863653764128685,0.9811363816261292
s19,31,0,4.865534356213175e-05,0.9999513626098633
s19,32,1,2.0393289901221578e-07,0.9999997615814209
s19,33,1,1.8450789866619743e-05,0.9999815225601196
s19,34,0,0.5157347321510315,0.4842652678489685
s19,35,1,0.00032879674108698964,0.999671220779419
s19,36,0,0.9983938336372375,0.0016061777714639902
s19,37,0,0.9999793767929077,2.0639319700421765e-05
s19,38,1,0.00043314709910191596,0.9995668530464172
s19,39,0,0.9937077760696411,0.006292203441262245
s19,40,0,0.9987896084785461,0.0012103733606636524
s19,41,0,0.9943700432777405,0.005629925522953272
s19,42,0,0.9982172846794128,0.0017826467519626021
s19,43,0,0.22610360383987427,0.7738963961601257
s19,44,1,0.004612734541296959,0.9953872561454773
s19,45,0,0.9986385703086853,0.0013614750932902098
s19,46,0,0.986669659614563,0.01333041675388813
s19,47,1,0.005446309223771095,0.9945536851882935
s19,48,1,0.0003807187604252249,0.9996192455291748
s19,49,1,0.0034148767590522766,0.9965851306915283
s20,0,1,1.0710233482313924e-06,0.999998927116394
s20,1,0,0.06179604306817055,0.9382039308547974
s20,2,1,0.002585815032944083,0.9974141120910645
s20,3,0,0.13939423859119415,0.8606057167053223
s20,4,1,0.0009877118282020092,0.9990122318267822
s20,5,1,0.0009450389770790935,0.9990549683570862
s20,6,1,0.0011314405128359795,0.9988685846328735
s20,7,0,0.999976634979248,2.331284122192301e-05
s20,8,0,0.9934003353118896,0.006599705666303635
s20,9,0,0.9565682411193848,0.04343169927597046
s20,10,0,0.9999593496322632,4.0682818507775664e-05
s20,11,0,0.9998558759689331,0.00014413968892768025
s20,12,1,0.001135130412876606,0.9988648891448975
s20,13,0,0.9989239573478699,0.0010760389268398285
s20,14,0,0.9999520778656006,4.79722730233334e-05
s20,15,0,0.999976634979248,2.3330276235355996e-05
s20,16,0,0.951787531375885,0.04821248725056648
s20,17,0,0.9617318511009216,0.03826814889907837
s20,18,0,0.9999945163726807,5.4599477152805775e-06
s20,19,1,0.019342083483934402,0.9806579351425171
s20,20,1,0.9052265882492065,0.09477338194847107
s20,21,1,0.0006131679401732981,0.9993867874145508
s20,22,1,3.3048007026081905e-05,0.9999669790267944
s20,23,0,0.9678027033805847,0.032197266817092896
s20,24,0,0.9999964237213135,3.55660176865058e-06
s20,25,1,0.0005767571274191141,0.9994232654571533
s20,26,0,0.9982284903526306,0.0017715311842039227
s20,27,1,0.0007107753772288561,0.9992891550064087
s20,28,1,3.1093135476112366e-05,0.9999688863754272
s20,29,1,0.11226077377796173,0.8877391815185547
s20,30,0,0.8817663192749023,0.11823369562625885
s20,31,1,2.03283116206876e-06,0.9999979734420776
s20,32,0,0.99826979637146,0.0017301659099757671
s20,33,0,0.9999915361404419,8.518298272974789e-06
s20,34,0,0.9999994039535522,5.387736905504426e-07
s20,35,1,0.0001989437878364697,0.9998010993003845
s20,36,1,0.0001842374331317842,0.9998157620429993
s20,37,1,0.00013080360076855868,0.9998692274093628
s20,38,1,0.10929402709007263,0.890705943107605
s20,39,1,0.05274892598390579,0.94725102186203
s20,40,0,0.9953683614730835,0.004631687421351671
s20,41,1,4.075100150657818e-05,0.9999592304229736
s20,42,1,0.000643289415165782,0.9993566870689392
s20,43,1,0.00029346378869377077,0.9997065663337708
s20,44,1,7.00660393704311e-06,0.9999929666519165
s20,45,0,0.9977693557739258,0.002230629790574312
s20,46,0,0.9999998807907104,7.954256631137469e-08
s20,47,1,0.47238144278526306,0.5276185274124146
s20,48,0,0.8642436265945435,0.13575632870197296
s20,49,0,0.9824924468994141,0.017507554963231087
s21,0,1,0.043030016124248505,0.9569699168205261
s21,1,0,0.9999996423721313,3.7596092283820326e-07
s21,2,1,0.09078266471624374,0.9092172980308533
s21,3,0,0.9999762773513794,2.374784708081279e-05
s21,4,1,0.4499168395996094,0.5500831007957458
s21,5,1,0.680261492729187,0.319738507270813
s21,6,0,0.24352775514125824,0.7564722895622253
s21,7,0,0.04609278216958046,0.9539072513580322
s21,8,1,0.04552685469388962,0.9544731974601746
s21,9,0,0.9851476550102234,0.014852306805551052
s21,10,1,3.404074959689751e-05,0.9999659061431885
s21,11,0,0.9362528920173645,0.06374705582857132
s21,12,1,0.9513629078865051,0.04863708093762398
s21,13,0,0.9999995231628418,4.498859880186501e-07
s21,14,0,0.9996240139007568,0.00037601188523694873
s21,15,0,0.9909095168113708,0.009090503677725792
s21,16,1,1.0,4.73088022090451e-08
s21,17,0,0.08351173251867294,0.9164882898330688
s21,18,0,0.01919335126876831,0.9808066487312317
s21,19,1,3.827451564575313e-06,0.9999961853027344
s21,20,1,0.0004004614020232111,0.9995995163917542
s21,21,0,0.9998533725738525,0.00014662242028862238
s21,22,1,0.0013093599118292332,0.998690664768219
s21,23,1,0.18757285177707672,0.8124271631240845
s21,24,0,0.9024590849876404,0.09754091501235962
s21,25,0,0.0399857833981514,0.9600142240524292
s21,26,0,0.0007843254716135561,0.9992156028747559
s21,27,0,1.0,2.838959822781817e-08
s21,28,1,0.9999516010284424,4.840525070903823e-05
s21,29,1,0.00786464661359787,0.9921354055404663
s21,30,0,0.05039544403553009,0.9496045112609863
s21,31,0,0.9499098062515259,0.05009022355079651
s21,32,0,0.5379610657691956,0.46203893423080444
s21,33,1,5.082994903204963e-06,0.9999948740005493
s21,34,0,0.8757553100585938,0.12424470484256744
s21,35,1,0.6490196585655212,0.35098037123680115
s21,36,1,0.9999964237213135,3.6168432870908873e-06
s21,37,0,0.9988459348678589,0.0011539969127625227
s21,38,1,0.5008169412612915,0.4991830587387085
s21,39,0,0.9998190999031067,0.0001808674423955381
s21,40,0,0.8704412579536438,0.12955868244171143
s21,41,1,0.003185557434335351,0.9968144297599792
s21,42,1,0.6698845624923706,0.3301154673099518
s21,43,1,0.9999825954437256,1.735781188472174e-05
s21,44,1,0.9422029256820679,0.057797010987997055
s21,45,1,7.453910075128078e-05,0.9999254941940308
s21,46,1,3.552551061147824e-05,0.9999644756317139
s21,47,1,1.0159570962287034e-07,0.9999998807907104
s21,48,0,0.2201753854751587,0.7798246145248413
s21,49,0,0.9999980926513672,1.8957343854708597e-06
s22,0,1,1.5275938949343981e-06,0.9999984502792358
s22,1,0,0.9993131160736084,0.0006869445205666125
s22,2,0,0.07291261106729507,0.9270873665809631
s22,3,0,0.7216126322746277,0.2783874273300171
s22,4,0,0.9999914169311523,8.622630048193969e-06
s22,5,0,0.9998509883880615,0.00014898672816343606
s22,6,1,0.20384377241134644,0.7961562275886536
s22,7,1,0.9999984502792358,1.5438535001521814e-06
s22,8,0,0.9998830556869507,0.00011687932419590652
s22,9,1,8.021297253435478e-05,0.9999197721481323
s22,10,1,0.1544044464826584,0.8455955386161804
s22,11,1,0.37579667568206787,0.6242033839225769
s22,12,1,0.004604208283126354,0.9953957200050354
s22,13,0,0.012676969170570374,0.987322986125946
s22,14,0,0.9992484450340271,0.0007515472825616598
s22,15,0,0.9999969005584717,3.109108547505457e-06
s22,16,1,0.181315615773201,0.8186843991279602
s22,17,0,0.9993244409561157,0.0006756026414223015
s22,18,1,0.049980662763118744,0.950019359588623
s22,19,0,0.978583574295044,0.0214164350181818
s22,20,1,7.776133088555071e-07,0.9999991655349731
s22,21,0,0.9999977350234985,2.2313738554657903e-06
s22,22,1,2.106705323967617e-06,0.9999978542327881
s22,23,1,0.09106755256652832,0.9089323878288269
s22,24,1,0.007657036650925875,0.992343008518219
s22,25,0,0.9999719858169556,2.8057034796802327e-05
s22,26,1,0.004812919534742832,0.9951871037483215
s22,27,1,0.9535933136940002,0.046406686305999756
s22,28,0,0.9971274733543396,0.0028725252486765385
s22,29,0,0.9999079704284668,9.199696069117635e-05
s22,30,0,0.21926036477088928,0.7807396650314331
s22,31,0,0.9997276663780212,0.0002723251236602664
s22,32,0,0.7641733288764954,0.23582667112350464
s22,33,1,0.601271390914917,0.3987285792827606
s22,34,1,0.9997720122337341,0.00022794415417592973
s22,35,1,5.848480577697046e-05,0.9999414682388306
s22,36,1,0.9779475331306458,0.022052505984902382
s22,37,1,0.3942626118659973,0.6057374477386475
s22,38,0,0.9982479810714722,0.0017520071705803275
s22,39,0,1.1332836891142506e-07,0.9999998807907104
s22,40,0,0.9999998807907104,6.907693972380002e-08
s22,41,1,1.0906956958933733e-05,0.9999891519546509
s22,42,0,0.980765163898468,0.019234875217080116
s22,43,0,0.9516189098358154,0.048381101340055466
s22,44,0,0.979550302028656,0.020449768751859665
s22,45,1,0.9992780089378357,0.0007220198749564588
s22,46,1,7.830985859769157e-11,1.0
s22,47,1,3.293601366749499e-06,0.9999966621398926
s22,48,0,0.9999998807907104,1.7839430199728668e-07
s22,49,1,0.036790575832128525,0.9632093906402588
s23,0,0,0.000893737655133009,0.999106228351593
s23,1,0,0.9946428537368774,0.00535716162994504
s23,2,0,0.999972939491272,2.7037594918510877e-05
s23,3,0,0.9800707697868347,0.019929245114326477
s23,4,1,0.01248004101216793,0.9875199794769287
s23,5,0,0.4334461987018585,0.5665537714958191
s23,6,1,0.5931429862976074,0.4068569839000702
s23,7,1,9.482903988100588e-05,0.9999051094055176
s23,8,0,0.9903269410133362,0.009673048742115498
s23,9,0,0.9965097308158875,0.0034903003834187984
s23,10,1,0.4170452654361725,0.5829547643661499
s23,11,1,0.833903968334198,0.166096031665802
s23,12,1,0.9726672172546387,0.027332767844200134
s23,13,0,0.9944753050804138,0.0055247521959245205
s23,14,1,0.9669855237007141,0.03301452472805977
s23,15,1,0.00024677105830051005,0.9997531771659851
s23,16,0,0.9727531671524048,0.02724677324295044
s23,17,1,0.985741376876831,0.014258579351007938
s23,18,1,0.14501598477363586,0.8549839854240417
s23,19,0,0.9969876408576965,0.0030123319011181593
s23,20,0,0.9923937320709229,0.0076062544248998165
s23,21,1,0.9388248920440674,0.061175137758255005
s23,22,0,0.9998748302459717,0.00012516265269368887
s23,23,0,0.11628503352403641,0.8837149739265442
s23,24,0,0.2659342288970947,0.7340657711029053
s23,25,1,0.012676038779318333,0.9873238801956177
s23,26,1,0.9684770107269287,0.031523000448942184
s23,27,1,0.12342076003551483,0.876579225063324
s23,28,0,0.8445820808410645,0.15541794896125793
s23,29,0,0.9974537491798401,0.002546303905546665
s23,30,0,0.9544146656990051,0.045585330575704575
s23,31,0,0.07211561501026154,0.9278843402862549
s23,32,1,2.302674693055451e-05,0.9999769926071167
s23,33,0,0.007258604746311903,0.9927413463592529
s23,34,1,0.4045015275478363,0.5954984426498413
s23,35,1,0.002390496898442507,0.9976094961166382
s23,36,1,0.8732550144195557,0.12674497067928314
s23,37,1,0.0003971428668592125,0.9996028542518616
s23,38,1,0.035825856029987335,0.9641741514205933
s23,39,1,0.9998354911804199,0.0001644493022467941
s23,40,1,0.9738860130310059,0.02611403353512287
s23,41,0,0.9967746138572693,0.003225328167900443
s23,42,0,0.3155442774295807,0.6844556927680969
s23,43,0,0.4293254613876343,0.5706745982170105
s23,44,0,0.055768754333257675,0.9442312717437744
s23,45,1,0.800273597240448,0.1997263878583908
s23,46,1,0.4447322487831116,0.5552676916122437
s23,47,0,0.8518904447555542,0.14810951054096222
s23,48,0,0.999311089515686,0.0006889054202474654
s23,49,1,0.6123952269554138,0.3876047432422638
s24,0,0,0.906769871711731,0.09323009848594666
s24,1,0,0.6023041605949402,0.3976958692073822
s24,2,1,0.6204603910446167,0.3795396685600281
s24,3,0,0.9282192587852478,0.0717807412147522
s24,4,0,0.9994775652885437,0.0005224909400567412
s24,5,1,0.06642886996269226,0.9335711002349854
s24,6,1,0.9932756423950195,0.006724429316818714
s24,7,0,0.3921475112438202,0.6078524589538574
s24,8,1,0.5351133942604065,0.4648866355419159
s24,9,0,0.7810998558998108,0.21890008449554443
s24,10,1,0.09803052991628647,0.9019694328308105
s24,11,1,0.006226510275155306,0.9937735199928284
s24,12,0,0.9705955386161804,0.029404446482658386
s24,13,0,0.30163833498954773,0.6983616352081299
s24,14,0,0.956889271736145,0.043110743165016174
s24,15,1,0.5829113125801086,0.41708865761756897
s24,16,1,0.8151312470436096,0.1848687380552292
s24,17,0,0.9868534803390503,0.013146504759788513
s24,18,1,0.9244825839996338,0.07551737874746323
s24,19,0,0.6533294916152954,0.3466704785823822
s24,20,1,0.07747398316860199,0.922525942325592
s24,21,1,0.3504839241504669,0.6495161056518555
s24,22,0,0.9967801570892334,0.0032198112457990646
s24,23,1,0.9810850620269775,0.01891493983566761
s24,24,0,0.9885997772216797,0.011400285176932812
s24,25,1,0.03178326040506363,0.9682167768478394
s24,26,1,0.9998416900634766,0.0001583096745889634
s24,27,1,0.7243949174880981,0.27560514211654663
s24,28,1,0.9602469801902771,0.039753083139657974
s24,29,0,0.9997866749763489,0.00021338972146622837
s24,30,0,0.9977216124534607,0.00227836100384593
s24,31,1,0.0015420319978147745,0.9984580278396606
s24,32,1,0.04024076089262962,0.9597592949867249
s24,33,0,0.30570924282073975,0.6942906975746155
s24,34,1,0.7937710881233215,0.20622891187667847
s24,35,1,0.009045000188052654,0.9909549355506897
s24,36,0,0.47837352752685547,0.5216264724731445
s24,37,0,0.9994774460792542,0.0005226366338320076
s24,38,0,0.9949880838394165,0.005011967848986387
s24,39,0,0.9997437596321106,0.00025622572866268456
s24,40,0,0.6166327595710754,0.3833672106266022
s24,41,1,0.20277822017669678,0.7972217202186584
s24,42,1,0.00011654400441329926,0.9998834133148193
s24,43,0,0.9710978269577026,0.028902139514684677
s24,44,1,0.4621885418891907,0.5378114581108093
s24,45,1,0.7271156907081604,0.2728842794895172
s24,46,0,0.9940358400344849,0.00596412131562829
s24,47,1,0.000908086309209466,0.9990918636322021
s24,48,0,0.9791554808616638,0.020844535902142525
s24,49,0,0.9577573537826538,0.04224260151386261
s25,0,1,0.182374969124794,0.8176250457763672
s25,1,1,0.020407002419233322,0.9795929193496704
s25,2,1,0.04195227846503258,0.9580476880073547
s25,3,0,0.9970740079879761,0.00292603368870914
s25,4,1,0.013495508581399918,0.9865044951438904
s25,5,0,0.9934805631637573,0.006519400514662266
s25,6,0,0.9837987422943115,0.01620122231543064
s25,7,1,0.005308845080435276,0.9946910738945007
s25,8,1,0.011032456532120705,0.9889675974845886
s25,9,1,0.05917716026306152,0.9408228397369385
s25,10,0,0.020521314814686775,0.979478657245636
s25,11,0,0.9981745481491089,0.0018254719907417893
s25,12,1,0.7077249884605408,0.29227495193481445
s25,13,0,0.8990640044212341,0.10093595832586288
s25,14,1,0.009292247705161572,0.9907077550888062
s25,15,0,0.9995311498641968,0.0004688750777859241
s25,16,0,0.9663696885108948,0.03363025188446045
s25,17,1,0.003089651232585311,0.9969103932380676
s25,18,1,0.0007719253189861774,0.9992281198501587
s25,19,1,0.007612087298184633,0.9923878908157349
s25,20,1,0.021622398868203163,0.978377640247345
s25,21,1,0.01607351191341877,0.9839264750480652
s25,22,1,0.03651275485754013,0.9634872078895569
s25,23,1,0.0063733444549143314,0.9936267137527466
s25,24,0,0.9844198822975159,0.01558016613125801
s25,25,0,0.6393575072288513,0.3606424927711487
s25,26,1,0.015344643965363503,0.9846553802490234
s25,27,0,0.5840799808502197,0.41592004895210266
s25,28,0,0.8891606330871582,0.11083932965993881
s25,29,0,0.9110543131828308,0.08894570916891098
s25,30,0,0.9140210151672363,0.08597894012928009
s25,31,1,0.006336970254778862,0.9936630725860596
s25,32,0,0.9992207288742065,0.0007792762480676174
s25,33,1,0.008857296779751778,0.991142749786377
s25,34,1,0.010923274792730808,0.9890767335891724
s25,35,1,0.0272709671407938,0.9727290272712708
s25,36,0,0.9976553916931152,0.002344614127650857
s25,37,1,0.027405019849538803,0.9725949168205261
s25,38,0,0.9940992593765259,0.005900792311877012
s25,39,1,0.03145794942975044,0.9685420989990234
s25,40,0,0.6716888546943665,0.32831114530563354
s25,41,0,0.9993017911911011,0.0006981714977882802
s25,42,0,0.740242600440979,0.25975745916366577
s25,43,0,0.9927695393562317,0.007230384275317192
s25,44,1,0.04194146394729614,0.9580585360527039
s25,45,0,0.9997616410255432,0.00023836550826672465
s25,46,0,0.9983710646629333,0.0016290063504129648
s25,47,0,0.9938082098960876,0.006191745400428772
s25,48,0,0.991187572479248,0.008812358602881432
s25,49,1,0.00290103442966938,0.9970990419387817
s26,0,0,0.9362170696258545,0.06378290802240372
s26,1,1,0.9706360101699829,0.029363980516791344
s26,2,1,0.8460137844085693,0.15398627519607544
s26,3,1,0.9738775491714478,0.026122519746422768
s26,4,0,0.9992485642433167,0.0007514026947319508
s26,5,0,0.9606755971908569,0.03932439535856247
s26,6,1,0.9870803952217102,0.012919647619128227
s26,7,1,0.1065402626991272,0.8934597969055176
s26,8,1,0.6880476474761963,0.3119523525238037
s26,9,1,0.48725393414497375,0.5127460360527039
s26,10,0,0.9944267272949219,0.005573245696723461
s26,11,1,0.9667050242424011,0.03329500928521156
s26,12,1,0.13108320534229279,0.8689168095588684
s26,13,0,0.9978417158126831,0.002158300718292594
s26,14,1,0.5939956903457642,0.4060043394565582
s26,15,1,0.571121871471405,0.42887815833091736
s26,16,0,0.9795613884925842,0.0204386617988348
s26,17,0,0.9972707629203796,0.00272918026894331
s26,18,1,0.04498005285859108,0.9550199508666992
s26,19,1,0.5921494364738464,0.40785056352615356
s26,20,0,0.998005211353302,0.001994822872802615
s26,21,0,0.9962815642356873,0.0037184038665145636
s26,22,0,0.9952789545059204,0.004721084143966436
s26,23,0,0.9917200803756714,0.008279929868876934
s26,24,0,0.5759774446487427,0.4240225851535797
s26,25,1,0.8570619821548462,0.14293798804283142
s26,26,1,0.6625378727912903,0.3374621272087097
s26,27,0,0.9857898354530334,0.014210162684321404
s26,28,1,0.38276082277297974,0.617239236831665
s26,29,0,0.9905385971069336,0.009461399167776108
s26,30,1,0.6369624137878418,0.3630376160144806
s26,31,0,0.9968644976615906,0.0031354378443211317
s26,32,1,0.1290452778339386,0.870954692363739
s26,33,0,0.9907841682434082,0.009215842001140118
s26,34,0,0.9901342988014221,0.00986566673964262
s26,35,1,0.169626384973526,0.8303736448287964
s26,36,1,0.7112718820571899,0.28872814774513245
s26,37,1,0.07543203979730606,0.9245679974555969
s26,38,0,0.4744090139865875,0.5255909562110901
s26,39,0,0.9962536096572876,0.003746333532035351
s26,40,1,0.35817694664001465,0.6418230533599854
s26,41,1,0.7609116435050964,0.23908831179141998
s26,42,0,0.9732315540313721,0.026768386363983154
s26,43,0,0.9868867993354797,0.013113160617649555
s26,44,0,0.9737434387207031,0.02625649981200695
s26,45,1,0.029126780107617378,0.970873236656189
s26,46,1,0.04170782119035721,0.9582921862602234
s26,47,1,0.4181387722492218,0.5818611979484558
s26,48,1,0.019208604469895363,0.980791449546814
s26,49,1,0.8901983499526978,0.10980168730020523
s27,0,0,0.9987497329711914,0.0012503095204010606
s27,1,0,0.9994021654129028,0.0005978819099254906
s27,2,1,0.00014346478565130383,0.9998564720153809
s27,3,1,0.0002106232277583331,0.9997894167900085
s27,4,0,0.9979655742645264,0.002034475328400731
s27,5,0,0.0417306125164032,0.9582694172859192
s27,6,0,0.028334110975265503,0.9716658592224121
s27,7,0,0.9774535298347473,0.022546427324414253
s27,8,1,0.06475542485713959,0.9352445602416992
s27,9,1,0.8067596554756165,0.19324028491973877
s27,10,0,0.9977079629898071,0.00229200953617692
s27,11,0,0.9999910593032837,8.933150638767984e-06
s27,12,0,0.002218772191554308,0.9977812170982361
s27,13,1,0.0023743032943457365,0.9976257681846619
s27,14,1,0.9878928065299988,0.012107182294130325
s27,15,0,0.9997895359992981,0.00021049915812909603
s27,16,0,0.011640474200248718,0.9883595705032349
s27,17,0,0.9963594079017639,0.003640572540462017
s27,18,0,0.991293728351593,0.008706229738891125
s27,19,1,0.9997128844261169,0.00028705873410217464
s27,20,1,0.9999078512191772,9.210940334014595e-05
s27,21,0,0.6663808226585388,0.33361920714378357
s27,22,1,2.005858732445631e-06,0.9999979734420776
s27,23,1,0.9989768266677856,0.0010232120985165238
s27,24,0,0.9953991770744324,0.004600784741342068
s27,25,1,0.10719244182109833,0.8928075432777405
s27,26,1,0.5517962574958801,0.4482036828994751
s27,27,0,0.06614036113023758,0.933859646320343
s27,28,1,0.1770794540643692,0.8229205012321472
s27,29,1,0.0001520720252301544,0.9998478889465332
s27,30,1,0.053853459656238556,0.946146547794342
s27,31,0,0.010735942982137203,0.9892640709877014
s27,32,1,0.9716089367866516,0.028391119092702866
s27,33,1,1.1064492355217226e-05,0.9999889135360718
s27,34,1,0.6821911931037903,0.3178088068962097
s27,35,0,5.76398815610446e-06,0.9999942779541016
s27,36,0,0.9983457326889038,0.0016543242381885648
s27,37,1,0.10508307069540024,0.8949169516563416
s27,38,0,0.9992825388908386,0.0007174719939939678
s27,39,1,0.016853082925081253,0.9831469655036926
s27,40,0,0.9999982118606567,1.8177750007453142e-06
s27,41,1,0.4152960181236267,0.5847039818763733
s27,42,1,0.03629950433969498,0.9637004733085632
s27,43,1,0.16597625613212585,0.8340237140655518
s27,44,1,0.689326822757721,0.31067314743995667
s27,45,0,0.002068387344479561,0.9979315996170044
s27,46,0,0.999566376209259,0.00043356887181289494
s27,47,0,0.04098706692457199,0.9590129256248474
s27,48,1,0.0028100621420890093,0.9971899390220642
s27,49,0,0.9983280301094055,0.0016719221603125334
s28,0,1,0.1332358717918396,0.8667641282081604
s28,1,1,0.06656400859355927,0.9334359765052795
s28,2,0,0.9790337681770325,0.020966187119483948
s28,3,0,0.731862485408783,0.26813748478889465
s28,4,0,0.2477046698331833,0.7522953748703003
s28,5,0,0.00039736347389407456,0.9996026158332825
s28,6,1,0.00014732185809407383,0.9998526573181152
s28,7,1,0.11468656361103058,0.8853134512901306
s28,8,1,0.8480229377746582,0.15197710692882538
s28,9,0,0.999584972858429,0.00041499498183839023
s28,10,0,0.9999047517776489,9.528308146400377e-05
s28,11,0,0.9567217230796814,0.043278228491544724
s28,12,1,0.004906541667878628,0.9950934648513794
s28,13,1,0.02554384246468544,0.9744561910629272
s28,14,0,0.991880476474762,0.008119533769786358
s28,15,1,0.7670512795448303,0.2329486757516861
s28,16,0,0.7920663952827454,0.20793358981609344
s28,17,1,0.0010599070228636265,0.9989400506019592
s28,18,0,0.9976822137832642,0.0023177710827440023
s28,19,0,0.9895378351211548,0.010462192818522453
s28,20,1,0.012717905454337597,0.9872820973396301
s28,21,0,0.9112576842308044,0.08874237537384033
s28,22,1,0.9088298678398132,0.09117015451192856
s28,23,0,0.9986262321472168,0.0013737397966906428
s28,24,1,0.00020399880304466933,0.9997959733009338
s28,25,1,0.9126177430152893,0.0873822495341301
s28,26,0,0.03913421556353569,0.9608657956123352
s28,27,0,0.6074943542480469,0.3925056755542755
s28,28,1,0.002919320249930024,0.9970806241035461
s28,29,1,7.468510011676699e-05,0.9999252557754517
s28,30,0,0.9873756170272827,0.012624341994524002
s28,31,0,0.9996680021286011,0.00033200171310454607
s28,32,1,0.01259187888354063,0.9874081611633301
s28,33,1,0.6296882033348083,0.37031176686286926
s28,34,1,0.9876291751861572,0.01237078569829464
s28,35,0,0.4069554805755615,0.5930445194244385
s28,36,0,0.9999138116836548,8.622441964689642e-05
s28,37,1,0.028327878564596176,0.9716721773147583
s28,38,1,0.002477850764989853,0.9975221753120422
s28,39,0,0.0794171616435051,0.9205828905105591
s28,40,0,0.43855032324790955,0.5614497065544128
s28,41,0,0.9964829683303833,0.0035170037299394608
s28,42,0,0.06449238210916519,0.935507595539093
s28,43,1,0.6143789887428284,0.38562095165252686
s28,44,0,0.7663318514823914,0.23366814851760864
s28,45,0,0.639273464679718,0.3607264757156372
s28,46,1,0.00178354827221483,0.998216450214386
s28,47,1,0.27283790707588196,0.7271621227264404
s28,48,0,0.9998981952667236,0.00010176705836784095
s28,49,1,0.0006028187344782054,0.9993971586227417
s29,0,0,0.9856378436088562,0.014362119138240814
s29,1,0,0.9765041470527649,0.023495884612202644
s29,2,1,0.023624911904335022,0.976375162601471
s29,3,0,0.0022220690734684467,0.9977778792381287
s29,4,1,0.7775618433952332,0.22243812680244446
s29,5,1,0.25383809208869934,0.746161937713623
s29,6,0,0.9955155253410339,0.004484530072659254
s29,7,1,6.0630696680163965e-05,0.9999393224716187
s29,8,1,0.9968457818031311,0.0031541818752884865
s29,9,1,0.003747369861230254,0.9962526559829712
s29,10,0,0.9849982857704163,0.015001692809164524
s29,11,0,0.49822235107421875,0.5017776489257812
s29,12,0,0.9996792078018188,0.0003208009875379503
s29,13,0,0.6199542284011841,0.38004574179649353
s29,14,0,0.9999885559082031,1.141865232057171e-05
s29,15,0,0.9998869895935059,0.00011295678268652409
s29,16,0,0.9908644556999207,0.009135485626757145
s29,17,0,0.9920476078987122,0.007952366024255753
s29,18,0,0.5002042055130005,0.49979573488235474
s29,19,0,0.2351045459508896,0.764895498752594
s29,20,0,0.25333768129348755,0.7466623187065125
s29,21,0,0.9705140590667725,0.02948599122464657
s29,22,0,0.0288083516061306,0.9711917042732239
s29,23,1,0.9993125200271606,0.0006875339895486832
s29,24,1,0.9997983574867249,0.00020162721921224147
s29,25,0,0.0017193156527355313,0.9982806444168091
s29,26,0,0.019369617104530334,0.9806303381919861
s29,27,1,0.0032669648062437773,0.9967330694198608
s29,28,1,0.003828631481155753,0.9961714148521423
s29,29,0,0.9999374151229858,6.261571979848668e-05
s29,30,0,3.7983925722073764e-05,0.9999619722366333
s29,31,0,0.7945412397384644,0.20545879006385803
s29,32,1,0.0002724178193602711,0.9997275471687317
s29,33,1,0.5734598636627197,0.4265400767326355
s29,34,1,0.05556916818022728,0.9444307684898376
s29,35,1,0.9999996423721313,3.213424975001544e-07
s29,36,0,0.06400466710329056,0.9359952807426453
s29,37,1,0.00512754637748003,0.9948723912239075
s29,38,1,0.9999037981033325,9.614164446247742e-05
s29,39,1,0.21066954731941223,0.7893304824829102
s29,40,0,0.030510783195495605,0.9694892168045044
s29,41,1,0.9917131662368774,0.008286839351058006
s29,42,1,0.9984696507453918,0.0015303530963137746
s29,43,0,0.006432264111936092,0.9935677647590637
s29,44,1,0.999444305896759,0.0005556617979891598
s29,45,1,0.305011123418808,0.6949889063835144
s29,46,1,0.9795936346054077,0.020406391471624374
s29,47,1,0.90668785572052,0.09331213682889938
s29,48,1,0.9999394416809082,6.055552512407303e-05
s29,49,0,0.9881824851036072,0.011817553080618382
s30,0,1,0.0007456004968844354,0.9992544054985046
s30,1,0,0.9322364926338196,0.06776345521211624
s30,2,1,0.44741255044937134,0.5525874495506287
s30,3,1,0.5148932933807373,0.4851067066192627
s30,4,1,3.0423358111875132e-05,0.9999696016311646
s30,5,1,0.9999998807907104,1.3222151551417483e-07
s30,6,0,0.0007903731893748045,0.9992096424102783
s30,7,1,0.00042402377584949136,0.9995760321617126
s30,8,0,0.9999998807907104,8.764916969994374e-08
s30,9,1,0.10434950888156891,0.8956505060195923
s30,10,0,0.9941213726997375,0.0058786324225366116
s30,11,1,0.5326725244522095,0.46732744574546814
s30,12,0,7.3758837970672175e-06,0.9999926090240479
s30,13,1,0.9975789189338684,0.002421117853373289
s30,14,1,7.544587424490601e-05,0.9999245405197144
s30,15,1,0.9992794394493103,0.0007205915171653032
s30,16,1,0.9999982118606567,1.8356558939558454e-06
s30,17,0,0.021013908088207245,0.9789861440658569
s30,18,1,0.9060265421867371,0.09397340565919876
s30,19,0,0.06948816776275635,0.9305118322372437
s30,20,0,0.0001896532194223255,0.9998103976249695
s30,21,1,0.984157145023346,0.015842901542782784
s30,22,0,0.006671961396932602,0.9933280944824219
s30,23,1,9.163395588984713e-05,0.9999083280563354
s30,24,1,0.6778669357299805,0.32213306427001953
s30,25,1,0.032541628926992416,0.9674583673477173
s30,26,0,0.005169765558093786,0.9948301911354065
s30,27,1,0.07030566036701202,0.9296943545341492
s30,28,0,0.0023041078820824623,0.9976958632469177
s30,29,0,6.438012405851623e-06,0.9999935626983643
s30,30,0,0.09083380550146103,0.909166157245636
s30,31,0,0.3289971947669983,0.6710028052330017
s30,32,1,0.003560624085366726,0.9964393973350525
s30,33,0,0.6542521715164185,0.34574785828590393
s30,34,0,0.0026440268848091364,0.9973559379577637
s30,35,0,0.38733646273612976,0.6126635074615479
s30,36,0,0.5790657997131348,0.4209342300891876
s30,37,1,3.06870447275287e-06,0.9999969005584717
s30,38,1,0.011047126725316048,0.9889528751373291
s30,39,1,0.9861767888069153,0.013823216781020164
s30,40,0,0.08165613561868668,0.9183438420295715
s30,41,0,0.0027837296947836876,0.9972162246704102
s30,42,0,0.0012646049726754427,0.9987353682518005
s30,43,0,0.9986708164215088,0.001329235266894102
s30,44,1,1.0,3.4094103540383e-08
s30,45,0,0.9979413151741028,0.002058698795735836
s30,46,0,1.0,4.0891290353783916e-09
s30,47,1,0.9797084927558899,0.02029155194759369
s30,48,0,0.5997301340103149,0.40026983618736267
s30,49,0,0.9997715353965759,0.00022853152768220752
s31,0,1,0.0048854476772248745,0.9951145648956299
s31,1,0,0.7148329615592957,0.28516700863838196
s31,2,0,0.9998512268066406,0.00014875250053592026
s31,3,1,0.1865125447511673,0.8134874701499939
s31,4,1,0.1892554759979248,0.8107445240020752
s31,5,1,0.012341051362454891,0.9876589179039001
s31,6,1,0.8622652888298035,0.13773468136787415
s31,7,0,0.8332339525222778,0.16676607728004456
s31,8,1,0.00790516659617424,0.9920948147773743
s31,9,1,0.12089073657989502,0.879109263420105
s31,10,1,0.0024214424192905426,0.9975785613059998
s31,11,0,0.9703299403190613,0.029670055955648422
s31,12,0,0.9991776347160339,0.000822384434286505
s31,13,0,0.9997339844703674,0.0002660173922777176
s31,14,0,0.9998927116394043,0.00010730668145697564
s31,15,1,0.013526166789233685,0.986473798751831
s31,16,1,0.33058422803878784,0.6694157719612122
s31,17,1,0.10817763209342957,0.8918223977088928
s31,18,0,0.41554054617881775,0.5844594836235046
s31,19,0,0.9883275628089905,0.011672457680106163
s31,20,0,0.9992707371711731,0.0007292670197784901
s31,21,1,0.001626132638193667,0.9983738660812378
s31,22,0,0.999542236328125,0.0004578024963848293
s31,23,1,0.001702647190541029,0.998297393321991
s31,24,1,0.21396639943122864,0.7860336303710938
s31,25,1,0.06487470865249634,0.9351252913475037
s31,26,0,0.9515292644500732,0.048470672219991684
s31,27,0,0.9998921155929565,0.00010789470979943871
s31,28,1,0.08858601748943329,0.9114140272140503
s31,29,1,0.30103927850723267,0.6989607214927673
s31,30,0,0.9988540410995483,0.0011459765955805779
s31,31,0,0.37546998262405396,0.6245299577713013
s31,32,0,0.9999668598175049,3.316798392916098e-05
s31,33,0,0.9998003840446472,0.00019961870566476136
s31,34,0,0.9999434947967529,5.650477760354988e-05
s31,35,1,0.8500061631202698,0.14999383687973022
s31,36,1,0.004138831980526447,0.9958612322807312
s31,37,1,0.005777682177722454,0.9942223429679871
s31,38,0,0.9999319314956665,6.810363993281499e-05
s31,39,1,0.10189694166183472,0.8981031179428101
s31,40,0,0.9998993873596191,0.0001006419988698326
s31,41,1,0.16614234447479248,0.8338576555252075
s31,42,0,0.9999574422836304,4.26152691943571e-05
s31,43,0,0.999932050704956,6.792489148210734e-05
s31,44,1,0.16548334062099457,0.8345166444778442
s31,45,1,0.007161866873502731,0.9928382039070129
s31,46,0,0.9976713061332703,0.00232866732403636
s31,47,1,0.00583534175530076,0.9941646456718445
s31,48,0,0.9997001886367798,0.0002997963165398687
s31,49,0,0.9988623857498169,0.0011376570910215378
s32,0,0,0.00028583305538631976,0.999714195728302
s32,1,1,0.9983875751495361,0.0016124279936775565
s32,2,0,0.39492136240005493,0.6050786375999451
s32,3,1,0.9985548853874207,0.001445148722268641
s32,4,1,0.4548201262950897,0.5451798439025879
s32,5,1,0.0003949158126488328,0.999605119228363
s32,6,0,0.9999407529830933,5.9244859585305676e-05
s32,7,0,0.45623528957366943,0.5437647104263306
s32,8,0,0.6367659568786621,0.3632340133190155
s32,9,0,0.9986728429794312,0.0013271992793306708
s32,10,0,0.9933784604072571,0.006621612701565027
s32,11,0,0.5995601415634155,0.4004398584365845
s32,12,1,0.9472283720970154,0.0527716763317585
s32,13,1,0.5352134704589844,0.4647865891456604
s32,14,1,0.015522940084338188,0.9844770431518555
s32,15,1,0.9046341180801392,0.09536582976579666
s32,16,1,0.9837930798530579,0.016206862404942513
s32,17,0,0.5489246249198914,0.45107537508010864
s32,18,1,0.023335132747888565,0.9766649007797241
s32,19,1,0.2740708887577057,0.7259290814399719
s32,20,0,0.9996917247772217,0.0003082537150476128
s32,21,0,0.9083073735237122,0.09169264882802963
s32,22,0,0.9996089339256287,0.0003911149105988443
s32,23,0,0.9973191618919373,0.002680882578715682
s32,24,0,0.9524166584014893,0.047583356499671936
s32,25,1,0.9291892647743225,0.07081074267625809
s32,26,0,0.000526651565451175,0.9994733929634094
s32,27,1,0.2808672785758972,0.719132661819458
s32,28,0,0.9999285936355591,7.138646469684318e-05
s32,29,0,0.8127934336662292,0.18720658123493195
s32,30,1,7.028194522717968e-05,0.999929666519165
s32,31,1,0.955001950263977,0.04499802738428116
s32,32,0,0.8502135276794434,0.14978648722171783
s32,33,0,0.999675989151001,0.0003240401856601238
s32,34,1,0.00452754832804203,0.9954723715782166
s32,35,1,0.8766140937805176,0.12338588386774063
s32,36,1,0.39820218086242676,0.6017978191375732
s32,37,1,0.002430862048640847,0.9975691437721252
s32,38,1,0.0007347801001742482,0.9992652535438538
s32,39,1,0.8490747213363647,0.15092524886131287
s32,40,0,0.9789532423019409,0.02104683592915535
s32,41,1,2.718922041822225e-05,0.9999728202819824
s32,42,1,0.010092344135046005,0.9899076223373413
s32,43,1,0.9749191403388977,0.025080790743231773
s32,44,0,0.9733074307441711,0.02669249102473259
s32,45,0,0.9997873902320862,0.0002125877363141626
s32,46,0,0.2394600659608841,0.7605399489402771
s32,47,1,1.8454064047546126e-05,0.9999815225601196
s32,48,1,0.9905508756637573,0.009449059143662453
s32,49,0,0.34648993611335754,0.6535100340843201
s33,0,0,0.9999669790267944,3.3078216802095994e-05
s33,1,1,6.989298981352476e-06,0.9999929666519165
s33,2,1,0.9999319314956665,6.809480692027137e-05
s33,3,0,0.0043435487896203995,0.9956564903259277
s33,4,1,0.018000900745391846,0.9819991588592529
s33,5,1,0.020442213863134384,0.9795578122138977
s33,6,0,0.8247209787368774,0.17527906596660614
s33,7,0,0.40655994415283203,0.5934399962425232
s33,8,1,0.013292700052261353,0.986707329750061
s33,9,1,0.6278655529022217,0.3721344769001007
s33,10,1,0.00024055870017036796,0.9997594952583313
s33,11,1,0.9971491694450378,0.0028508214745670557
s33,12,1,0.00571223022416234,0.9942877888679504
s33,13,1,0.9999407529830933,5.930127372266725e-05
s33,14,0,0.269574373960495,0.7304255962371826
s33,15,0,0.06270085275173187,0.9372991323471069
s33,16,0,0.44627293944358826,0.5537270307540894
s33,17,0,0.9886530041694641,0.01134705450385809
s33,18,0,0.997089684009552,0.002910363720729947
s33,19,0,0.9991810917854309,0.0008189186919480562
s33,20,1,0.018371272832155228,0.9816286563873291
s33,21,0,0.8092356324195862,0.19076432287693024
s33,22,0,0.9131459593772888,0.08685402572154999
s33,23,1,0.18073683977127075,0.8192631006240845
s33,24,0,0.7878328561782837,0.21216712892055511
s33,25,1,0.9982715845108032,0.00172836659476161
s33,26,0,0.7321652770042419,0.26783472299575806
s33,27,0,0.7694296836853027,0.23057028651237488
s33,28,0,0.1381954699754715,0.8618045449256897
s33,29,1,0.42428767681121826,0.575712263584137
s33,30,1,0.9465879201889038,0.05341212823987007
s33,31,1,0.9999909400939941,9.013745511765592e-06
s33,32,1,0.9702922105789185,0.029707828536629677
s33,33,0,0.004223594442009926,0.9957764744758606
s33,34,1,0.011770286597311497,0.9882297515869141
s33,35,0,0.16773204505443573,0.8322679996490479
s33,36,0,0.0020977396052330732,0.9979022741317749
s33,37,0,0.9991922974586487,0.0008077052771113813
s33,38,0,0.9963799118995667,0.00362007156945765
s33,39,0,0.8954172134399414,0.1045827642083168
s33,40,0,0.9920042157173157,0.00799572840332985
s33,41,1,0.002794455038383603,0.9972055554389954
s33,42,1,1.5541778338956647e-05,0.9999845027923584
s33,43,1,0.5422961711883545,0.4577037990093231
s33,44,1,0.5420810580253601,0.4579189717769623
s33,45,0,4.2345686779299285e-06,0.9999957084655762
s33,46,1,1.1824382454506122e-05,0.9999881982803345
s33,47,1,0.9986448884010315,0.0013551544398069382
s33,48,0,0.9079181551933289,0.09208183735609055
s33,49,1,0.002351287752389908,0.9976486563682556
s34,0,0,0.9999926090240479,7.367363195953658e-06
s34,1,0,0.9998714923858643,0.0001285262987948954
s34,2,1,0.004056060221046209,0.9959439635276794
s34,3,1,0.00870526023209095,0.991294801235199
s34,4,0,0.9999861717224121,1.386069561704062e-05
s34,5,0,0.9999265670776367,7.346779602812603e-05
s34,6,0,0.9914001226425171,0.008599906228482723
s34,7,1,0.00040546743548475206,0.999594509601593
s34,8,0,0.9998931884765625,0.00010679902334231883
s34,9,1,0.0006977375014685094,0.9993022680282593
s34,10,0,0.9992457628250122,0.0007542528910562396
s34,11,0,0.9999412298202515,5.875049464520998e-05
s34,12,1,0.00023164620506577194,0.9997683167457581
s34,13,0,0.9999904632568359,9.549161404720508e-06
s34,14,1,6.213079177541658e-05,0.999937891960144
s34,15,0,0.9988324046134949,0.0011676547583192587
s34,16,1,0.018527982756495476,0.9814720153808594
s34,17,1,0.0007835060241632164,0.9992164373397827
s34,18,0,0.9952066540718079,0.004793367348611355
s34,19,0,0.9999772310256958,2.2732561774319038e-05
s34,20,1,5.8394747611600906e-05,0.9999415874481201
s34,21,0,0.9998786449432373,0.0001213813666254282
s34,22,1,0.011939427815377712,0.9880605936050415
s34,23,0,0.9968031644821167,0.0031968578696250916
s34,24,0,0.9999696016311646,3.038218528672587e-05
s34,25,1,0.00027995355776511133,0.99972003698349
s34,26,0,0.9999160766601562,8.391085430048406e-05
s34,27,1,0.00018781048129312694,0.9998121857643127
s34,28,0,0.9999635219573975,3.645697142928839e-05
s34,29,1,0.7883527874946594,0.21164727210998535
s34,30,1,0.0046599507331848145,0.9953399896621704
s34,31,1,2.2383997929864563e-05,0.9999775886535645
s34,32,0,0.9999957084655762,4.31470380135579e-06
s34,33,1,0.0007972384337335825,0.9992027878761292
s34,34,1,0.00026112308842130005,0.999738872051239
s34,35,1,0.9815598726272583,0.01844007894396782
s34,36,0,0.9999827146530151,1.7340753402095288e-05
s34,37,0,0.9999951124191284,4.946334684063913e-06
s34,38,0,0.9999716281890869,2.8419743102858774e-05
s34,39,0,0.9396047592163086,0.060395248234272
s34,40,1,0.0006325840950012207,0.9993674159049988
s34,41,1,0.00010058193583972752,0.9998993873596191
s34,42,0,0.9977624416351318,0.0022374961990863085
s34,43,0,0.9972165822982788,0.002783415140584111
s34,44,0,0.9637150764465332,0.03628486022353172
s34,45,1,0.007087013218551874,0.9929129481315613
s34,46,0,0.9997105002403259,0.0002894852659665048
s34,47,1,4.833518232771894e-06,0.9999951124191284
s34,48,1,4.879399421042763e-05,0.9999512434005737
s34,49,1,5.192105891183019e-05,0.9999480247497559
s35,0,0,0.9402490854263306,0.05975090712308884
s35,1,0,0.9646368026733398,0.03536320850253105
s35,2,0,0.9204064011573792,0.07959359884262085
s35,3,0,0.009314654394984245,0.9906852841377258
s35,4,0,0.00011961887503275648,0.999880313873291
s35,5,0,0.8657128810882568,0.13428716361522675
s35,6,0,0.02798878774046898,0.972011148929596
s35,7,1,0.9999697208404541,3.025903606612701e-05
s35,8,1,0.00482580903917551,0.99517422914505
s35,9,0,0.0001570738386362791,0.9998428821563721
s35,10,1,0.12884120643138885,0.87115877866745
s35,11,0,0.9788426160812378,0.02115732431411743
s35,12,1,0.2292170226573944,0.7707829475402832
s35,13,1,0.9846163988113403,0.015383590012788773
s35,14,0,0.7909120917320251,0.20908787846565247
s35,15,1,0.07784655690193176,0.9221534729003906
s35,16,1,0.6021229028701782,0.3978770673274994
s35,17,0,0.9997949004173279,0.0002050694456556812
s35,18,1,0.2702963352203369,0.7297036051750183
s35,19,1,0.9887790679931641,0.011220897547900677
s35,20,0,0.9998314380645752,0.00016857396985869855
s35,21,1,0.004431900568306446,0.9955680966377258
s35,22,1,2.7821874027722515e-05,0.9999722242355347
s35,23,1,0.00376317510381341,0.9962368011474609
s35,24,1,2.56786952377297e-05,0.9999743700027466
s35,25,0,0.6873006820678711,0.31269925832748413
s35,26,0,0.9181092381477356,0.08189072459936142
s35,27,1,0.12502288818359375,0.874977171421051
s35,28,1,0.0003806666936725378,0.9996193647384644
s35,29,0,0.9596313834190369,0.040368616580963135
s35,30,0,0.7640223503112793,0.23597761988639832
s35,31,0,0.5311892628669739,0.4688107669353485
s35,32,0,0.643447756767273,0.35655224323272705
s35,33,1,0.13989350199699402,0.8601064682006836
s35,34,1,0.012514842674136162,0.9874851107597351
s35,35,1,0.28217613697052,0.71782386302948
s35,36,0,0.9960971474647522,0.0039028930477797985
s35,37,0,0.999765932559967,0.00023412154405377805
s35,38,0,0.8696104884147644,0.13038955628871918
s35,39,1,0.9992632269859314,0.0007367497310042381
s35,40,1,0.003948754630982876,0.9960512518882751
s35,41,1,0.0285092331469059,0.971490740776062
s35,42,0,0.0003711991012096405,0.9996287822723389
s35,43,1,0.487091988325119,0.5129080414772034
s35,44,0,0.29196298122406006,0.7080370187759399
s35,45,1,0.0004087413544766605,0.9995912909507751
s35,46,1,6.330762698780745e-05,0.9999366998672485
s35,47,0,0.00022255614749155939,0.9997774958610535
s35,48,0,0.9954919219017029,0.004508159589022398
s35,49,1,0.012805539183318615,0.9871944785118103
s36,0,1,0.9701252579689026,0.029874801635742188
s36,1,0,0.9513705372810364,0.048629458993673325
s36,2,0,0.9326361417770386,0.06736384332180023
s36,3,0,0.572079598903656,0.4279203712940216
s36,4,0,0.8764379620552063,0.1235620379447937
s36,5,0,0.9860661625862122,0.013933764770627022
s36,6,1,0.6325851678848267,0.36741483211517334
s36,7,0,0.9673813581466675,0.032618578523397446
s36,8,0,0.5637101531028748,0.43628984689712524
s36,9,1,0.9924561977386475,0.007543845567852259
s36,10,1,0.9984708428382874,0.0015291118761524558
s36,11,0,0.46541789174079895,0.5345821380615234
s36,12,1,0.9958433508872986,0.004156689625233412
s36,13,1,0.9919381737709045,0.008061830885708332
s36,14,1,0.9994171857833862,0.0005828183493576944
s36,15,0,0.9992862343788147,0.0007137896027415991
s36,16,1,0.6221330165863037,0.3778669238090515
s36,17,1,0.9959229230880737,0.0040770843625068665
s36,18,0,0.8941299915313721,0.10586999356746674
s36,19,1,0.9704849720001221,0.02951505035161972
s36,20,1,0.8009923100471497,0.19900771975517273
s36,21,0,0.8996644616127014,0.10033557564020157
s36,22,1,0.9770238995552063,0.022976089268922806
s36,23,1,0.9961251616477966,0.0038748960942029953
s36,24,1,0.9971342086791992,0.002865730319172144
s36,25,0,0.5016510486602783,0.4983489215373993
s36,26,0,0.9703454375267029,0.02965458109974861
s36,27,0,0.9223615527153015,0.07763843238353729
s36,28,1,0.9984192848205566,0.001580705284141004
s36,29,0,0.9956017732620239,0.004398193210363388
s36,30,1,0.9831289649009705,0.01687104068696499
s36,31,0,0.999306321144104,0.0006936907302588224
s36,32,1,0.9617673754692078,0.03823260962963104
s36,33,0,0.01605270430445671,0.9839472770690918
s36,34,1,0.9649983644485474,0.03500160947442055
s36,35,0,0.9739503264427185,0.026049673557281494
s36,36,0,0.8612831234931946,0.13871686160564423
s36,37,0,0.6018112301826477,0.39818882942199707
s36,38,1,0.9783512949943542,0.021648740395903587
s36,39,0,0.9945038557052612,0.005496195051819086
s36,40,0,0.9981874823570251,0.0018124732887372375
s36,41,1,0.9956570863723755,0.004342870321124792
s36,42,1,0.9972801208496094,0.0027198002208024263
s36,43,1,0.9090526700019836,0.09094734489917755
s36,44,0,0.9945704340934753,0.005429594777524471
s36,45,1,0.14303553104400635,0.8569644093513489
s36,46,0,0.995116114616394,0.00488388491794467
s36,47,0,0.9378491640090942,0.06215083971619606
s36,48,1,0.8292865753173828,0.1707133799791336
s36,49,1,0.9766388535499573,0.023361168801784515
s37,0,1,8.686470209795516e-06,0.9999912977218628
s37,1,1,2.388047505519353e-05,0.9999761581420898
s37,2,1,1.9907667592633516e-05,0.999980092048645
s37,3,0,0.9999974966049194,2.494469526936882e-06
s37,4,1,1.5917086784611456e-05,0.9999840259552002
s37,5,1,1.5856092431931756e-05,0.9999841451644897
s37,6,1,3.7698595406254753e-05,0.999962329864502
s37,7,1,1.2439223610272165e-05,0.9999876022338867
s37,8,0,0.9999843835830688,1.565793718327768e-05
s37,9,1,3.0711562430951744e-05,0.9999692440032959
s37,10,0,0.999972939491272,2.700532968447078e-05
s37,11,0,0.9999998807907104,1.3678879895451246e-07
s37,12,0,0.9999836683273315,1.6289881386910565e-05
s37,13,1,2.1306370399543084e-05,0.9999786615371704
s37,14,0,0.9999877214431763,1.223530762217706e-05
s37,15,0,0.999993085861206,6.890935310366331e-06
s37,16,1,1.1965770681854337e-05,0.9999880790710449
s37,17,0,0.9999895095825195,1.0521232070459519e-05
s37,18,0,0.9999618530273438,3.813800503849052e-05
s37,19,0,0.9999823570251465,1.7677992218523286e-05
s37,20,1,3.2141415431397036e-05,0.9999678134918213
s37,21,0,0.9999905824661255,9.455533472646493e-06
s37,22,0,0.9999818801879883,1.816907388274558e-05
s37,23,1,4.113453542231582e-05,0.999958872795105
s37,24,0,0.9999933242797852,6.6613874878385104e-06
s37,25,1,2.268037678732071e-05,0.9999773502349854
s37,26,0,0.9999836683273315,1.6315474567818455e-05
s37,27,0,0.9999855756759644,1.4370096323546022e-05
s37,28,1,1.2912802048958838e-05,0.9999871253967285
s37,29,1,3.1014631531434134e-05,0.9999690055847168
s37,30,1,1.5029720998427365e-05,0.9999849796295166
s37,31,1,2.9160453777876683e-05,0.9999707937240601
s37,32,1,7.819353777449578e-05,0.9999217987060547
s37,33,0,0.9999685287475586,3.15039542329032e-05
s37,34,1,3.2640451536281034e-05,0.9999673366546631
s37,35,1,6.74440962029621e-05,0.9999325275421143
s37,36,0,0.9999853372573853,1.46595139085548e-05
s37,37,0,0.9999980926513672,1.960703684744658e-06
s37,38,0,0.9999946355819702,5.381290975492448e-06
s37,39,1,1.610950130270794e-05,0.9999839067459106
s37,40,0,0.9999915361404419,8.490034815622494e-06
s37,41,0,0.9999902248382568,9.769562893779948e-06
s37,42,1,3.0964532925281674e-05,0.9999690055847168
s37,43,0,0.9999834299087524,1.6524660168215632e-05
s37,44,0,0.999990701675415,9.286222848459147e-06
s37,45,0,0.9999887943267822,1.1250686839048285e-05
s37,46,0,0.9998965263366699,0.00010349376680096611
s37,47,1,2.1501507944776677e-05,0.9999785423278809
s37,48,1,3.177793405484408e-05,0.9999681711196899
s37,49,1,2.027026130235754e-05,0.9999797344207764
s38,0,0,0.006247762590646744,0.9937521815299988
s38,1,0,0.00012910323857795447,0.9998708963394165
s38,2,1,0.06850554049015045,0.9314944744110107
s38,3,1,0.00042039903928525746,0.9995796084403992
s38,4,0,0.5120025277137756,0.48799750208854675
s38,5,1,0.003552220528945327,0.9964478015899658
s38,6,1,1.3800128726870753e-05,0.9999861717224121
s38,7,0,0.19356273114681244,0.8064372539520264
s38,8,0,0.9997933506965637,0.00020669210061896592
s38,9,1,0.0010951801668852568,0.998904824256897
s38,10,1,2.1752321117674e-06,0.9999978542327881
s38,11,0,0.9999063014984131,9.372668864671141e-05
s38,12,1,0.003533915849402547,0.9964660406112671
s38,13,0,0.9999767541885376,2.3296173822018318e-05
s38,14,0,0.9999649524688721,3.502709660097025e-05
s38,15,1,5.876064096810296e-05,0.9999412298202515
s38,16,0,0.05149948596954346,0.9485005140304565
s38,17,0,0.9813494086265564,0.018650652840733528
s38,18,0,0.03273414820432663,0.9672658443450928
s38,19,1,0.87400221824646,0.12599772214889526
s38,20,0,0.7487812042236328,0.2512188255786896
s38,21,1,3.807078246609308e-05,0.9999619722366333
s38,22,1,0.00030711409635841846,0.9996929168701172
s38,23,0,0.6858943700790405,0.31410565972328186
s38,24,1,0.00013020167534705251,0.9998698234558105
s38,25,1,4.729991269414313e-05,0.9999526739120483
s38,26,1,0.00021803492563776672,0.9997820258140564
s38,27,0,0.002727169543504715,0.997272789478302
s38,28,0,0.736505925655365,0.263494074344635
s38,29,0,0.4336835741996765,0.5663164854049683
s38,30,0,0.00375672010704875,0.9962433576583862
s38,31,0,0.9998063445091248,0.00019373229588381946
s38,32,0,0.7361583113670349,0.2638417184352875
s38,33,1,5.0044596719089895e-05,0.9999499320983887
s38,34,1,0.00019908173999283463,0.999800980091095
s38,35,1,0.0005944312433712184,0.9994056224822998
s38,36,1,2.219426642113831e-05,0.9999778270721436
s38,37,0,0.9518727660179138,0.04812729358673096
s38,38,0,0.24180524051189423,0.7581948041915894
s38,39,1,0.00036266338429413736,0.9996373653411865
s38,40,1,1.8818858507074765e-06,0.9999980926513672
s38,41,0,0.9472576975822449,0.05274233967065811
s38,42,0,0.998197615146637,0.0018024647142738104
s38,43,1,0.542838990688324,0.45716097950935364
s38,44,1,0.005568173713982105,0.9944317936897278
s38,45,0,0.99000483751297,0.00999520905315876
s38,46,1,2.3564254661323503e-05,0.999976396560669
s38,47,0,0.00020980407134629786,0.9997902512550354
s38,48,1,0.7938897013664246,0.20611026883125305
s38,49,1,0.023252155631780624,0.9767478108406067
s39,0,0,0.9982399940490723,0.0017599946586415172
s39,1,1,3.911342901119497e-06,0.9999960660934448
s39,2,0,0.9999967813491821,3.2039802135841455e-06
s39,3,1,0.00010701269638957456,0.9998929500579834
s39,4,0,0.9999963045120239,3.6747251215274446e-06
s39,5,1,0.00447304081171751,0.9955269694328308
s39,6,0,0.5954914689064026,0.4045085310935974
s39,7,0,0.9998757839202881,0.00012420439452398568
s39,8,0,0.013236934319138527,0.986763060092926
s39,9,1,0.0034312959760427475,0.9965686798095703
s39,10,1,2.501442031643819e-05,0.9999749660491943
s39,11,0,0.9999473094940186,5.267201049719006e-05
s39,12,1,0.9359530210494995,0.06404699385166168
s39,13,0,0.99928218126297,0.0007178293308243155
s39,14,1,3.540959141901112e-06,0.9999964237213135
s39,15,0,0.9977280497550964,0.0022719588596373796
s39,16,1,0.00186273327562958,0.9981372356414795
s39,17,1,0.9692869782447815,0.030712969601154327
s39,18,0,0.9999793767929077,2.0576431779772975e-05
s39,19,1,3.145513983326964e-05,0.9999685287475586
s39,20,0,0.9997881054878235,0.00021189222752582282
s39,21,0,0.9804022312164307,0.019597791135311127
s39,22,0,0.9485491514205933,0.05145092308521271
s39,23,0,0.0003892557870130986,0.9996107220649719
s39,24,1,0.019305890426039696,0.980694055557251
s39,25,1,0.0797274187207222,0.9202726483345032
s39,26,1,4.146876744925976e-05,0.9999585151672363
s39,27,1,0.027155159041285515,0.9728448987007141
s39,28,0,0.999983549118042,1.6416641301475465e-05
s39,29,0,0.42563191056251526,0.5743680596351624
s39,30,0,0.9978127479553223,0.002187199192121625
s39,31,1,0.0020777974277734756,0.9979222416877747
s39,32,0,0.6331000924110413,0.36689993739128113
s39,33,1,8.977251854958013e-05,0.9999102354049683
s39,34,1,0.054138652980327606,0.9458613395690918
s39,35,0,0.9995819926261902,0.00041804599459283054
s39,36,0,3.4960235097969417e-06,0.999996542930603
s39,37,0,0.999981164932251,1.8779215679387562e-05
s39,38,1,0.2644544541835785,0.7355455756187439
s39,39,1,4.764044206240214e-06,0.999995231628418
s39,40,1,0.6330186724662781,0.3669813573360443
s39,41,0,0.11238685995340347,0.8876131176948547
s39,42,0,0.01913905143737793,0.9808608889579773
s39,43,0,0.9936536550521851,0.006346350535750389
s39,44,1,0.002110447036102414,0.9978895783424377
s39,45,0,0.4970152974128723,0.5029847025871277
s39,46,1,0.001043927390128374,0.9989560842514038
s39,47,1,0.015130030922591686,0.9848699569702148
s39,48,1,2.8830515930167167e-07,0.9999997615814209
s39,49,1,0.0028068532701581717,0.9971931576728821
s40,0,1,0.028077468276023865,0.9719225168228149
s40,1,0,0.9999886751174927,1.1272510164417326e-05
s40,2,1,0.020402273163199425,0.9795977473258972
s40,3,0,0.9999985694885254,1.4370482404046925e-06
s40,4,0,0.9999954700469971,4.511458428169135e-06
s40,5,0,0.9999998807907104,1.4974989426264074e-07
s40,6,1,0.01931440830230713,0.9806855916976929
s40,7,0,0.998120129108429,0.0018798080272972584
s40,8,1,0.71428382396698,0.28571614623069763
s40,9,0,0.9999392032623291,6.073451368138194e-05
s40,10,0,0.9959673881530762,0.004032577387988567
s40,11,0,0.970606803894043,0.02939317375421524
s40,12,0,0.10036342591047287,0.8996365666389465
s40,13,1,0.0006108388770371675,0.9993891716003418
s40,14,1,0.004521903581917286,0.995478093624115
s40,15,1,0.0008422618266195059,0.9991577863693237
s40,16,0,0.9987961053848267,0.0012038379209116101
s40,17,0,0.9997822642326355,0.0002177691931137815
s40,18,1,0.113246850669384,0.8867532014846802
s40,19,1,0.11372961103916168,0.8862704038619995
s40,20,1,0.9724999070167542,0.027500122785568237
s40,21,0,0.9954505562782288,0.004549472592771053
s40,22,1,0.33005261421203613,0.6699473857879639
s40,23,0,0.9985886216163635,0.0014113581273704767
s40,24,0,0.9989954829216003,0.0010045092785730958
s40,25,1,0.000628598325420171,0.9993714690208435
s40,26,0,1.0,2.729715342653094e-09
s40,27,1,0.05065352842211723,0.9493464827537537
s40,28,0,0.0017302106134593487,0.99826979637146
s40,29,1,0.007500841282308102,0.9924991726875305
s40,30,0,0.9996322393417358,0.0003677095810417086
s40,31,0,0.9992457628250122,0.0007542496896348894
s40,32,1,0.0014530903426930308,0.9985468983650208
s40,33,0,0.01561239268630743,0.9843876361846924
s40,34,0,0.829983651638031,0.17001637816429138
s40,35,1,0.444949209690094,0.555050790309906
s40,36,1,0.0008749669068492949,0.999125063419342
s40,37,1,5.264875653665513e-05,0.9999473094940186
s40,38,0,0.9999967813491821,3.2668428957549622e-06
s40,39,1,0.1846620738506317,0.8153379559516907
s40,40,0,0.9999682903289795,3.173892400809564e-05
s40,41,1,0.1799125224351883,0.8200874924659729
s40,42,1,0.0006957972072996199,0.9993041753768921
s40,43,0,0.999998927116394,1.1214726782782236e-06
s40,44,1,0.0015303457621484995,0.9984696507453918
s40,45,1,0.002212661085650325,0.997787356376648
s40,46,0,0.9902364611625671,0.009763505309820175
s40,47,1,6.334513454930857e-05,0.9999366998672485
s40,48,1,0.8769419193267822,0.12305805832147598
s40,49,0,0.999932050704956,6.79718577885069e-05
s41,0,0,0.4359580874443054,0.5640419721603394
s41,1,1,0.6999515295028687,0.3000485301017761
s41,2,1,0.8192938566207886,0.18070612847805023
s41,3,0,0.9998854398727417,0.00011449297744547948
s41,4,0,0.9537121653556824,0.04628782719373703
s41,5,1,0.0039050551131367683,0.9960950016975403
s41,6,0,0.9997721314430237,0.0002278596512041986
s41,7,1,4.104135950910859e-05,0.9999589920043945
s41,8,1,0.009376725181937218,0.9906232953071594
s41,9,1,0.05409051105380058,0.9459094405174255
s41,10,0,0.9657062292098999,0.034293729811906815
s41,11,1,0.9774364829063416,0.022563500329852104
s41,12,0,0.0024962909519672394,0.9975036978721619
s41,13,0,0.9999077320098877,9.226087422575802e-05
s41,14,0,0.012421328574419022,0.9875786900520325
s41,15,0,0.8911107182502747,0.10888922959566116
s41,16,0,0.8244491815567017,0.17555080354213715
s41,17,1,0.4394071698188782,0.5605928301811218
s41,18,1,0.79923415184021,0.20076581835746765
s41,19,1,0.16695302724838257,0.8330469727516174
s41,20,1,0.7188701033592224,0.2811298966407776
s41,21,0,0.8202497959136963,0.17975012958049774
s41,22,1,0.1013370230793953,0.8986629843711853
s41,23,1,0.7763931155204773,0.22360683977603912
s41,24,0,0.9999129772186279,8.696976874489337e-05
s41,25,0,0.9561386704444885,0.04386128857731819
s41,26,0,0.5045185685157776,0.4954814016819
s41,27,1,0.07102604955434799,0.9289739727973938
s41,28,1,0.9131812453269958,0.08681870996952057
s41,29,0,0.9991315007209778,0.0008684802451170981
s41,30,1,0.8096334338188171,0.19036656618118286
s41,31,0,0.9075322151184082,0.09246774017810822
s41,32,0,0.8874009251594543,0.11259903758764267
s41,33,1,0.8280446529388428,0.17195536196231842
s41,34,0,0.14775468409061432,0.8522453308105469
s41,35,1,0.013073996640741825,0.9869260787963867
s41,36,0,0.8868856430053711,0.11311431229114532
s41,37,1,0.4716450572013855,0.5283549427986145
s41,38,1,0.9935384392738342,0.00646158866584301
s41,39,1,0.9754055738449097,0.024594446644186974
s41,40,0,0.9835835099220276,0.01641646958887577
s41,41,0,0.6960576176643372,0.30394238233566284
s41,42,1,0.9242459535598755,0.07575405389070511
s41,43,0,0.9998190999031067,0.00018098547297995538
s41,44,0,0.8462786078453064,0.153721421957016
s41,45,1,0.9932576417922974,0.00674233166500926
s41,46,1,1.904165020105708e-10,1.0
s41,47,1,0.6032361388206482,0.3967638909816742
s41,48,0,0.9998268485069275,0.00017316857702098787
s41,49,1,0.7659703493118286,0.2340296059846878
s42,0,1,7.0946184678177815e-06,0.999992847442627
s42,1,1,0.001028404920361936,0.9989715814590454
s42,2,1,0.0009671623702161014,0.9990328550338745
s42,3,0,0.9999979734420776,2.0106697320443345e-06
s42,4,1,3.1389021160066477e-07,0.9999996423721313
s42,5,0,0.9999970197677612,2.93984635391098e-06
s42,6,1,0.0023357467725872993,0.997664213180542
s42,7,0,0.9999696016311646,3.043656215595547e-05
s42,8,0,0.9996213912963867,0.0003785782027989626
s42,9,1,7.764399197185412e-05,0.9999223947525024
s42,10,0,1.0,4.155205601819034e-08
s42,11,1,2.2133244783617556e-05,0.9999778270721436
s42,12,0,0.9998893737792969,0.00011059176904382184
s42,13,1,0.0002015030913753435,0.9997984766960144
s42,14,1,0.007021184545010328,0.9929788708686829
s42,15,0,0.4059957265853882,0.5940042734146118
s42,16,1,8.09154432346304e-09,1.0
s42,17,1,0.0014348085969686508,0.9985652565956116
s42,18,1,0.010884961113333702,0.9891149997711182
s42,19,0,0.9884797930717468,0.011520175263285637
s42,20,1,0.3651999235153198,0.634800136089325
s42,21,0,0.9989172220230103,0.0010827858932316303
s42,22,0,0.9999997615814209,1.89054247812237e-07
s42,23,0,0.999929666519165,7.032968278508633e-05
s42,24,1,1.3301487911121512e-07,0.9999998807907104
s42,25,0,0.9998911619186401,0.00010888383985729888
s42,26,1,2.991809196828399e-06,0.9999970197677612
s42,27,0,0.999925971031189,7.398629531962797e-05
s42,28,1,0.00031890429090708494,0.9996811151504517
s42,29,0,0.7146638631820679,0.28533613681793213
s42,30,0,0.9850249886512756,0.014974976889789104
s42,31,1,0.01658525876700878,0.9834147095680237
s42,32,0,0.9999427795410156,5.726273957407102e-05
s42,33,1,0.004634665325284004,0.9953653812408447
s42,34,0,0.9999825954437256,1.7367896361975e-05
s42,35,0,0.9976747632026672,0.0023252544924616814
s42,36,0,0.9749022722244263,0.025097720324993134
s42,37,1,4.209632606944069e-06,0.9999958276748657
s42,38,1,4.4437110241490885e-14,1.0
s42,39,1,6.894570105941966e-07,0.9999992847442627
s42,40,0,0.045943357050418854,0.9540566802024841
s42,41,1,0.8677968978881836,0.1322031021118164
s42,42,0,0.9999990463256836,9.88200554274954e-07
s42,43,1,3.4449028589733643e-06,0.999996542930603
s42,44,0,0.24101831018924713,0.7589817047119141
s42,45,0,0.8619495034217834,0.13805051147937775
s42,46,1,3.621317591750994e-05,0.9999637603759766
s42,47,0,0.0068967402912676334,0.9931032657623291
s42,48,1,9.253726673819074e-09,1.0
s42,49,0,0.988532543182373,0.011467423290014267
s43,0,0,0.5352808237075806,0.4647192358970642
s43,1,1,0.9992861151695251,0.0007139488006941974
s43,2,0,0.9997760653495789,0.0002238897723145783
s43,3,1,0.9617575407028198,0.038242436945438385
s43,4,1,0.9999949932098389,4.966341748513514e-06
s43,5,0,0.9860410094261169,0.013958938419818878
s43,6,1,0.9974173307418823,0.0025826538912951946
s43,7,1,0.9976801872253418,0.0023197410628199577
s43,8,0,0.004418028052896261,0.9955819249153137
s43,9,1,0.4403030276298523,0.5596969723701477
s43,10,0,0.8861775398254395,0.11382249742746353
s43,11,0,0.9968735575675964,0.003126477124169469
s43,12,1,0.9999740123748779,2.5991043003159575e-05
s43,13,0,0.9998371601104736,0.00016278807015623897
s43,14,0,0.9972549080848694,0.002745148492977023
s43,15,0,0.9598482251167297,0.040151745080947876
s43,16,0,0.9923862218856812,0.007613820489495993
s43,17,1,5.8688121498562396e-05,0.999941349029541
s43,18,1,0.6604793071746826,0.3395206928253174
s43,19,1,0.9999698400497437,3.011753869941458e-05
s43,20,1,0.9999669790267944,3.299129457445815e-05
s43,21,1,0.9988799691200256,0.0011200476437807083
s43,22,0,0.9999679327011108,3.208742054994218e-05
s43,23,0,0.038932736963033676,0.9610671997070312
s43,24,0,0.9997164607048035,0.0002835130726452917
s43,25,0,0.9998842477798462,0.00011577993427636102
s43,26,1,0.6250370740890503,0.3749629259109497
s43,27,1,0.9990754127502441,0.0009245180990546942
s43,28,0,0.9999995231628418,4.523537029399449e-07
s43,29,0,0.9943251013755798,0.005674899555742741
s43,30,1,0.9226770401000977,0.07732298225164413
s43,31,0,0.9997485280036926,0.0002514609368517995
s43,32,1,0.008332507684826851,0.9916675686836243
s43,33,0,0.9958592057228088,0.004140809644013643
s43,34,1,0.0016132686287164688,0.9983867406845093
s43,35,1,0.18645857274532318,0.8135414123535156
s43,36,1,0.9999446868896484,5.531742863240652e-05
s43,37,1,0.9999948740005493,5.1197698667238e-06
s43,38,1,0.7650977969169617,0.23490221798419952
s43,39,1,0.9588999152183533,0.041100066155195236
s43,40,0,0.9991227984428406,0.0008772601722739637
s43,41,1,0.01695290394127369,0.9830470681190491
s43,42,0,0.11111287772655487,0.8888871073722839
s43,43,0,0.9999986886978149,1.3554775932789198e-06
s43,44,1,0.017582954838871956,0.982417106628418
s43,45,0,0.9995232820510864,0.00047676899703219533
s43,46,0,0.7024412751197815,0.2975586950778961
s43,47,1,0.0006012513767927885,0.9993987083435059
s43,48,1,0.9972496628761292,0.0027503555174916983
s43,49,1,5.111058953843894e-07,0.9999995231628418
s44,0,1,0.0006509343511424959,0.999349057674408
s44,1,0,0.9388256669044495,0.0611744150519371
s44,2,0,0.9993932247161865,0.000606768939178437
s44,3,1,0.7735477685928345,0.22645223140716553
s44,4,1,0.16068565845489502,0.839314341545105
s44,5,0,0.09802934527397156,0.901970624923706
s44,6,0,0.996906578540802,0.00309338653460145
s44,7,1,0.00795629434287548,0.992043673992157
s44,8,0,0.9999947547912598,5.298059022607049e-06
s44,9,1,0.0009984623175114393,0.9990015625953674
s44,10,0,0.9999979734420776,2.041174866462825e-06
s44,11,0,0.9999629259109497,3.709313023136929e-05
s44,12,0,0.8837904334068298,0.11620961874723434
s44,13,1,0.0007265387685038149,0.9992734789848328
s44,14,1,0.000872471951879561,0.9991275668144226
s44,15,1,0.018846094608306885,0.9811539053916931
s44,16,0,0.9999939203262329,6.115903488534968e-06
s44,17,0,0.997320830821991,0.002679144963622093
s44,18,1,0.00024899881100282073,0.9997510313987732
s44,19,1,0.13161422312259674,0.8683857321739197
s44,20,0,0.9822282195091248,0.017771756276488304
s44,21,1,4.4868094846606255e-05,0.9999551773071289
s44,22,0,0.9999819993972778,1.8001503121922724e-05
s44,23,1,0.010374567471444607,0.9896253943443298
s44,24,1,0.8007766604423523,0.1992233693599701
s44,25,0,0.9998291730880737,0.00017079296230804175
s44,26,0,0.9958617687225342,0.004138155374675989
s44,27,0,0.9999768733978271,2.318332190043293e-05
s44,28,1,0.0845264345407486,0.9154735803604126
s44,29,1,0.01114979013800621,0.9888501763343811
s44,30,0,0.9992102384567261,0.000789714336860925
s44,31,1,3.0049519409658387e-05,0.9999699592590332
s44,32,0,0.8089679479598999,0.19103200733661652
s44,33,1,0.0009655755129642785,0.9990344047546387
s44,34,0,0.9999953508377075,4.62378511656425e-06
s44,35,0,0.934166431427002,0.06583356112241745
s44,36,0,0.9999561309814453,4.3870299123227596e-05
s44,37,0,0.9990222454071045,0.0009777589002624154
s44,38,0,0.9996614456176758,0.00033851954503916204
s44,39,1,0.001113162375986576,0.9988868832588196
s44,40,1,0.028933176770806313,0.9710667729377747
s44,41,0,0.9963241815567017,0.003675874788314104
s44,42,1,0.07330342382192612,0.9266965389251709
s44,43,1,0.0012494089314714074,0.9987505674362183
s44,44,1,6.551691330969334e-05,0.9999344348907471
s44,45,1,0.16093944013118744,0.8390606045722961
s44,46,1,0.0018612178973853588,0.9981387853622437
s44,47,0,0.9999980926513672,1.8851029608413228e-06
s44,48,0,0.9953125715255737,0.004687402863055468
s44,49,1,0.006253692787140608,0.993746280670166
s45,0,1,1.4384094981778617e-07,0.9999998807907104
s45,1,1,0.9856837391853333,0.01431630365550518
s45,2,1,2.7413630050432403e-06,0.9999972581863403
s45,3,1,0.9988688826560974,0.001131073571741581
s45,4,0,0.9994988441467285,0.0005010966560803354
s45,5,0,0.990107536315918,0.009892391972243786
s45,6,0,0.9776645302772522,0.022335514426231384
s45,7,0,0.0001293373352382332,0.9998706579208374
s45,8,1,7.744668982923031e-05,0.999922513961792
s45,9,1,0.9997747540473938,0.0002251978439744562
s45,10,0,1.0,4.565593996613826e-12
s45,11,0,0.1089727059006691,0.8910273313522339
s45,12,0,0.004629702772945166,0.9953703284263611
s45,13,0,0.9995465874671936,0.0004533944302238524
s45,14,0,0.7202576398849487,0.27974238991737366
s45,15,0,0.8155725598335266,0.18442748486995697
s45,16,0,0.004747594241052866,0.9952523708343506
s45,17,0,0.0009394636144861579,0.9990605711936951
s45,18,1,0.49203938245773315,0.5079606175422668
s45,19,0,0.9772140979766846,0.02278587408363819
s45,20,1,0.9593448042869568,0.040655143558979034
s45,21,1,0.9766212105751038,0.023378783836960793
s45,22,1,0.9335678815841675,0.06643210351467133
s45,23,1,0.9863682389259338,0.013631755486130714
s45,24,1,0.9987494945526123,0.00125043373554945
s45,25,1,0.9240695238113403,0.07593052089214325
s45,26,0,0.7185395956039429,0.28146034479141235
s45,27,1,0.9972477555274963,0.0027522670570760965
s45,28,1,0.8139431476593018,0.18605686724185944
s45,29,0,0.8033736348152161,0.19662638008594513
s45,30,1,0.9912753105163574,0.00872472021728754
s45,31,0,0.9997237324714661,0.0002762171206995845
s45,32,1,0.00037209774018265307,0.9996278285980225
s45,33,0,0.213847815990448,0.786152184009552
s45,34,1,0.9998705387115479,0.0001294441899517551
s45,35,1,0.9878230094909668,0.012176994234323502
s45,36,1,0.1548772156238556,0.8451228141784668
s45,37,1,0.9741255044937134,0.025874480605125427
s45,38,1,0.9466309547424316,0.05336908996105194
s45,39,0,0.9979124665260315,0.002087538130581379
s45,40,1,0.1702936291694641,0.8297063112258911
s45,41,1,0.0038862000219523907,0.9961137771606445
s45,42,0,0.0001826253574108705,0.999817430973053
s45,43,0,0.10374792665243149,0.8962521553039551
s45,44,0,0.004393784329295158,0.9956062436103821
s45,45,0,0.9661971926689148,0.033802811056375504
s45,46,1,0.09466732293367386,0.9053326845169067
s45,47,0,0.9804218411445618,0.019578155130147934
s45,48,1,1.0,4.333837111403227e-08
s45,49,0,0.07340173423290253,0.9265982508659363
s46,0,1,1.338273591500183e-06,0.9999986886978149
s46,1,1,0.00762129994109273,0.9923787117004395
s46,2,0,0.049477625638246536,0.9505223631858826
s46,3,1,0.0011572205694392323,0.998842716217041
s46,4,1,0.0006856484687887132,0.9993143081665039
s46,5,1,0.0011339469347149134,0.998866081237793
s46,6,0,8.039072781684808e-06,0.9999920129776001
s46,7,0,0.0012070563388988376,0.9987928867340088
s46,8,1,0.0002880857791751623,0.9997119307518005
s46,9,0,0.0008636435959488153,0.9991363883018494
s46,10,1,0.26501500606536865,0.7349849939346313
s46,11,1,0.03151388466358185,0.9684860706329346
s46,12,1,7.346147413045401e-06,0.9999926090240479
s46,13,1,0.015110909938812256,0.9848891496658325
s46,14,0,0.006367211230099201,0.9936328530311584
s46,15,0,3.924418706446886e-05,0.9999607801437378
s46,16,1,0.006807090248912573,0.9931929707527161
s46,17,0,0.12068625539541245,0.8793137073516846
s46,18,1,7.086070399964228e-05,0.9999291896820068
s46,19,1,0.0011519229738041759,0.9988480806350708
s46,20,0,0.9971358776092529,0.0028640683740377426
s46,21,1,5.802992018288933e-05,0.9999419450759888
s46,22,1,0.00027774006593972445,0.9997223019599915
s46,23,1,0.0010091757867485285,0.9989908337593079
s46,24,1,0.0012149880640208721,0.9987850785255432
s46,25,0,0.00039421659312210977,0.9996058344841003
s46,26,0,0.26280683279037476,0.7371931672096252
s46,27,0,0.0004617614613380283,0.9995383024215698
s46,28,1,0.0004305133770685643,0.9995694756507874
s46,29,1,2.26571319217328e-06,0.9999977350234985
s46,30,0,0.00853592436760664,0.9914640784263611
s46,31,1,0.00015961943427100778,0.9998403787612915
s46,32,1,0.013024301268160343,0.9869756698608398
s46,33,0,0.00011945087317144498,0.9998805522918701
s46,34,0,0.013188112527132034,0.9868119359016418
s46,35,1,0.00026141380658373237,0.9997386336326599
s46,36,0,0.007108628284186125,0.9928914308547974
s46,37,0,0.7979022264480591,0.20209771394729614
s46,38,0,0.002814148785546422,0.9971858859062195
s46,39,0,0.0009428760386072099,0.9990571141242981
s46,40,0,1.254556354979286e-05,0.9999874830245972
s46,41,0,5.2782179409405217e-05,0.999947190284729
s46,42,0,0.7641031742095947,0.23589684069156647
s46,43,1,0.3024420142173767,0.6975579261779785
s46,44,1,0.0025391029193997383,0.9974608421325684
s46,45,1,0.00029504261328838766,0.999704897403717
s46,46,0,0.15060502290725708,0.8493949770927429
s46,47,1,0.0005423963884823024,0.9994576573371887
s46,48,0,0.00013698384282179177,0.9998630285263062
s46,49,0,0.013345664367079735,0.9866543412208557
s47,0,0,1.0,3.9209002267170945e-08
s47,1,0,0.9999998807907104,1.7200294166741514e-07
s47,2,1,1.2386097296257503e-05,0.9999876022338867
s47,3,0,0.9999985694885254,1.4682409528177232e-06
s47,4,1,0.0005563549930229783,0.9994435906410217
s47,5,1,1.7360854371872847e-06,0.9999982118606567
s47,6,0,0.9999997615814209,2.1699580088352377e-07
s47,7,0,0.9996205568313599,0.00037942652124911547
s47,8,1,0.053829651325941086,0.9461703300476074
s47,9,0,0.9999983310699463,1.680160721662105e-06
s47,10,1,0.42404472827911377,0.5759552717208862
s47,11,1,0.6914894580841064,0.30851057171821594
s47,12,1,0.00011078102397732437,0.9998892545700073
s47,13,0,0.9999997615814209,2.5489131871836435e-07
s47,14,1,0.27278074622154236,0.72721928358078
s47,15,0,0.9999992847442627,6.647480859101051e-07
s47,16,1,0.0005560650606639683,0.9994439482688904
s47,17,0,0.9643558859825134,0.03564411401748657
s47,18,0,0.999998927116394,1.129070483329997e-06
s47,19,0,1.0,1.3599767978433874e-09
s47,20,1,2.206450153607875e-05,0.9999779462814331
s47,21,1,0.01229261513799429,0.9877074360847473
s47,22,0,0.9999688863754272,3.113242200925015e-05
s47,23,1,1.6158365667706676e-07,0.9999998807907104
s47,24,0,0.9999995231628418,4.3501108848431613e-07
s47,25,0,0.9999990463256836,9.88704869087087e-07
s47,26,1,0.024968819692730904,0.9750311970710754
s47,27,1,9.652591614894845e-09,1.0
s47,28,1,0.001555618946440518,0.9984443783760071
s47,29,0,1.0,4.364693939606923e-09
s47,30,1,0.6645747423171997,0.3354252576828003
s47,31,0,0.9997158646583557,0.000284102134173736
s47,32,0,0.9999922513961792,7.805051609466318e-06
s47,33,1,9.83814061328303e-06,0.9999901056289673
s47,34,1,0.00027805272839032114,0.9997219443321228
s47,35,1,7.325616752495989e-05,0.9999266862869263
s47,36,0,1.0,8.32597546462921e-09
s47,37,0,0.9990174770355225,0.0009825639426708221
s47,38,0,1.0,5.463381302917014e-09
s47,39,1,0.0003925092169083655,0.999607503414154
s47,40,0,0.9999806880950928,1.9340044673299417e-05
s47,41,1,1.6267371449885104e-07,0.9999998807907104
s47,42,1,0.015145671553909779,0.9848543405532837
s47,43,0,1.0,1.885901157461234e-10
s47,44,1,7.423705739029174e-08,0.9999998807907104
s47,45,1,1.0895531886490062e-05,0.9999891519546509
s47,46,0,0.9350704550743103,0.0649295449256897
s47,47,1,0.0154183991253376,0.9845816493034363
s47,48,0,0.9999722242355347,2.7822139600175433e-05
s47,49,0,0.9999998807907104,1.3822736377733236e-07
s48,0,0,0.9998821020126343,0.00011789469863288105
s48,1,1,0.0003221489314455539,0.9996778964996338
s48,2,0,0.9999998807907104,1.6312330330947589e-07
s48,3,1,0.0020816263277083635,0.997918426990509
s48,4,0,0.9999681711196899,3.184194429195486e-05
s48,5,1,2.3500433599110693e-05,0.9999765157699585
s48,6,0,0.99998939037323,1.0666673915693536e-05
s48,7,0,1.0,1.4249091906393119e-09
s48,8,1,6.314935308182612e-05,0.9999368190765381
s48,9,1,0.0002908285823650658,0.9997091889381409
s48,10,1,0.0001691670186119154,0.9998308420181274
s48,11,0,0.9999860525131226,1.3893833056499716e-05
s48,12,1,0.0036417990922927856,0.9963582158088684
s48,13,0,0.940077006816864,0.0599229596555233
s48,14,1,0.0005483438726514578,0.9994516968727112
s48,15,0,0.9996957778930664,0.0003042876487597823
s48,16,0,0.9875345230102539,0.01246552262455225
s48,17,1,0.005739839281886816,0.9942601919174194
s48,18,0,0.9828988313674927,0.017101123929023743
s48,19,1,9.973363194148988e-05,0.999900221824646
s48,20,1,0.00016355795378331095,0.9998364448547363
s48,21,1,8.58645435073413e-05,0.9999141693115234
s48,22,0,0.999954104423523,4.5944019802846014e-05
s48,23,1,0.0002830342564266175,0.9997169375419617
s48,24,1,0.0014099004911258817,0.9985900521278381
s48,25,0,0.9978808164596558,0.002119254320859909
s48,26,0,0.9999996423721313,3.9079321823010105e-07
s48,27,1,0.0010058805346488953,0.9989941716194153
s48,28,0,0.999998927116394,1.0140748827325297e-06
s48,29,1,0.000697947631124407,0.9993020296096802
s48,30,0,0.3012249767780304,0.6987749934196472
s48,31,0,0.9999997615814209,2.2081567863097007e-07
s48,32,0,0.9999527931213379,4.723550227936357e-05
s48,33,0,1.0,1.0817297578513685e-12
s48,34,0,0.9999998807907104,1.1766385910050303e-07
s48,35,1,0.9764003753662109,0.023599635809659958
s48,36,0,0.8823841214179993,0.11761587858200073
s48,37,0,0.9999996423721313,3.797057672727533e-07
s48,38,1,0.0005260625039227307,0.9994739890098572
s48,39,0,0.719168484210968,0.2808314859867096
s48,40,1,0.9978783130645752,0.0021217106841504574
s48,41,0,0.9999996423721313,3.158489505494799e-07
s48,42,1,0.0008572816150262952,0.9991426467895508
s48,43,1,0.00032329774694517255,0.9996767044067383
s48,44,0,0.9923088550567627,0.0076911551877856255
s48,45,0,0.8536927700042725,0.14630720019340515
s48,46,1,0.1260669231414795,0.8739330172538757
s48,47,1,0.12048544734716415,0.8795145153999329
s48,48,0,0.99967360496521,0.00032635984825901687
s48,49,1,0.00014726188965141773,0.9998526573181152
s49,0,1,0.9692864418029785,0.030713535845279694
s49,1,1,0.9999675750732422,3.244815889047459e-05
s49,2,1,0.9999884366989136,1.1542908396222629e-05
s49,3,1,0.02486339770257473,0.9751366376876831
s49,4,1,0.31560537219047546,0.6843946576118469
s49,5,1,0.8169375658035278,0.18306243419647217
s49,6,0,0.9871745109558105,0.012825523503124714
s49,7,1,0.5357993245124817,0.4642006456851959
s49,8,0,0.7905927896499634,0.20940718054771423
s49,9,0,0.9976633787155151,0.0023365917149931192
s49,10,1,0.06542238593101501,0.9345776438713074
s49,11,0,0.9998273849487305,0.0001726001937640831
s49,12,0,0.9992437362670898,0.0007562735117971897
s49,13,1,0.016189036890864372,0.9838109612464905
s49,14,1,0.9995132684707642,0.0004867904062848538
s49,15,1,0.0008292142301797867,0.9991707801818848
s49,16,0,0.9385194778442383,0.06148058921098709
s49,17,0,0.9995450377464294,0.0004548950819298625
s49,18,0,0.9999805688858032,1.9436300135566853e-05
s49,19,0,0.9999891519546509,1.0810856110765599e-05
s49,20,0,0.9999486207962036,5.139651329955086e-05
s49,21,0,0.8527741432189941,0.14722588658332825
s49,22,1,3.595418093027547e-06,0.9999964237213135
s49,23,1,0.00017122048302553594,0.9998286962509155
s49,24,0,0.9999986886978149,1.321495687989227e-06
s49,25,1,0.2380075752735138,0.7619923949241638
s49,26,0,0.9999920129776001,7.96640870248666e-06
s49,27,0,0.9920547008514404,0.007945331744849682
s49,28,0,0.9998044371604919,0.0001955286570591852
s49,29,0,0.8683316111564636,0.13166840374469757
s49,30,0,0.16017436981201172,0.8398255705833435
s49,31,0,0.950508713722229,0.04949131980538368
s49,32,1,0.9523050785064697,0.04769488051533699
s49,33,1,0.9999977350234985,2.305683437953121e-06
s49,34,1,0.9998041987419128,0.00019584083929657936
s49,35,0,0.8128854632377625,0.18711456656455994
s49,36,0,0.004610363859683275,0.9953895807266235
s49,37,1,0.9994631409645081,0.0005369190475903451
s49,38,1,0.9992326498031616,0.0007674035732634366
s49,39,1,0.9997811913490295,0.00021887577895540744
s49,40,1,0.9999488592147827,5.11389625899028e-05
s49,41,0,0.9999219179153442,7.804074994055554e-05
s49,42,1,4.559025910566561e-06,0.9999954700469971
s49,43,1,0.9857973456382751,0.014202658087015152
s49,44,1,0.20630750060081482,0.7936925292015076
s49,45,0,0.9724259376525879,0.027574054896831512
s49,46,0,0.9999957084655762,4.262736638338538e-06
s49,47,1,0.9718170166015625,0.028182970359921455
s49,48,1,0.39118796586990356,0.6088120341300964
s49,49,0,0.997643768787384,0.002356198849156499
s50,0,0,0.002002401975914836,0.9979975819587708
s50,1,0,0.8852686882019043,0.1147313192486763
s50,2,0,0.04391224682331085,0.9560877680778503
s50,3,0,0.0015536649152636528,0.9984464049339294
s50,4,0,0.009542969986796379,0.9904569983482361
s50,5,0,0.6120762825012207,0.3879237771034241
s50,6,1,0.9768253564834595,0.023174578323960304
s50,7,1,0.9245592951774597,0.07544071227312088
s50,8,1,0.05426209792494774,0.945737898349762
s50,9,1,0.45762962102890015,0.5423703789710999
s50,10,1,0.8031942844390869,0.19680564105510712
s50,11,1,3.414017191971652e-05,0.9999659061431885
s50,12,1,0.7816962599754333,0.21830369532108307
s50,13,0,0.04671814292669296,0.9532818794250488
s50,14,0,2.1368292436818592e-05,0.9999786615371704
s50,15,0,0.06931739300489426,0.9306825995445251
s50,16,1,0.00010796345304697752,0.999891996383667
s50,17,0,0.0010567795252427459,0.9989432692527771
s50,18,1,0.015071610920131207,0.9849284291267395
s50,19,0,0.03560611978173256,0.9643937945365906
s50,20,0,0.13159586489200592,0.8684041500091553
s50,21,1,0.8461759686470032,0.15382398664951324
s50,22,0,0.059752702713012695,0.9402472972869873
s50,23,0,0.30623820424079895,0.6937617659568787
s50,24,0,0.9569634795188904,0.043036527931690216
s50,25,1,9.06501300050877e-05,0.9999094009399414
s50,26,0,0.9817289710044861,0.01827106438577175
s50,27,1,0.0016202435363084078,0.9983797073364258
s50,28,0,0.1596963107585907,0.8403036594390869
s50,29,1,0.007866399362683296,0.992133617401123
s50,30,1,0.04419539123773575,0.9558046460151672
s50,31,1,0.00018367664597462863,0.999816358089447
s50,32,0,0.8256573677062988,0.17434264719486237
s50,33,1,0.023361284285783768,0.9766387343406677
s50,34,1,0.8345445990562439,0.1654554009437561
s50,35,0,5.514998338185251e-05,0.999944806098938
s50,36,0,0.9988088607788086,0.0011911983601748943
s50,37,0,0.001044817385263741,0.9989551305770874
s50,38,0,0.11081189662218094,0.8891881108283997
s50,39,1,0.010713398456573486,0.9892866015434265
s50,40,1,0.9999871253967285,1.289819283556426e-05
s50,41,0,0.004975943360477686,0.9950240254402161
s50,42,1,0.004420457407832146,0.9955795407295227
s50,43,0,0.9861371517181396,0.013862899504601955
s50,44,1,0.0009145640069618821,0.9990854263305664
s50,45,1,0.005126724485307932,0.9948732256889343
s50,46,1,0.04190408065915108,0.958095908164978
s50,47,0,0.1273648738861084,0.8726350665092468
s50,48,1,0.9181663393974304,0.08183372765779495
s50,49,0,0.0015262964880093932,0.9984737038612366
s51,0,1,0.07156381756067276,0.9284361600875854
s51,1,0,0.9992774128913879,0.0007226339657790959
s51,2,1,0.006783054210245609,0.9932169318199158
s51,3,1,1.6880667317309417e-05,0.9999830722808838
s51,4,0,0.6541493535041809,0.3458506464958191
s51,5,0,0.9988393187522888,0.0011607026681303978
s51,6,0,0.9598689675331116,0.040131017565727234
s51,7,0,0.9848398566246033,0.015160131268203259
s51,8,1,0.30176642537117004,0.6982335448265076
s51,9,0,0.9391846060752869,0.060815442353487015
s51,10,1,0.2736192047595978,0.7263808250427246
s51,11,1,0.1753682643175125,0.8246317505836487
s51,12,0,0.9938260912895203,0.0061738318763673306
s51,13,0,0.0006530041573569179,0.9993470311164856
s51,14,1,0.8725830912590027,0.1274169236421585
s51,15,1,0.9632758498191833,0.03672407940030098
s51,16,1,0.9349623918533325,0.06503763794898987
s51,17,0,0.4303865432739258,0.5696134567260742
s51,18,0,0.9998539686203003,0.0001460383355151862
s51,19,1,0.44456416368484497,0.5554358959197998
s51,20,0,0.12397763133049011,0.8760223984718323
s51,21,0,0.981391966342926,0.01860806532204151
s51,22,0,0.9903864860534668,0.00961359217762947
s51,23,1,0.8999453186988831,0.10005465894937515
s51,24,1,0.0007822150364518166,0.9992177486419678
s51,25,0,0.0004894706653431058,0.9995105266571045
s51,26,0,0.7585256695747375,0.24147430062294006
s51,27,1,0.5415295958518982,0.4584704041481018
s51,28,1,8.83845568750985e-05,0.9999116659164429
s51,29,1,0.36858195066452026,0.631417989730835
s51,30,0,0.013890676200389862,0.9861093163490295
s51,31,0,3.5240708484707284e-07,0.9999996423721313
s51,32,0,0.9999879598617554,1.2068846444890369e-05
s51,33,0,0.04308299347758293,0.9569169878959656
s51,34,0,0.7855302095413208,0.2144697606563568
s51,35,1,1.0,7.163786230890423e-10
s51,36,0,0.986182451248169,0.013817504048347473
s51,37,0,1.516596626061073e-06,0.9999984502792358
s51,38,0,6.460323387358358e-10,1.0
s51,39,1,0.21263127028942108,0.7873687744140625
s51,40,1,2.3862785383244045e-05,0.9999761581420898
s51,41,1,0.9972769618034363,0.002723048673942685
s51,42,0,0.11351173371076584,0.8864882588386536
s51,43,0,0.007265748456120491,0.9927341938018799
s51,44,1,0.9973123073577881,0.0026876619085669518
s51,45,0,0.998971700668335,0.0010283696465194225
s51,46,1,0.00016843932098709047,0.9998315572738647
s51,47,0,0.00023386052635032684,0.9997661709785461
s51,48,0,0.9931594133377075,0.006840527523308992
s51,49,1,0.001221013953909278,0.9987789988517761
s52,0,1,0.00015506587806157768,0.9998449087142944
s52,1,0,0.9740139842033386,0.025985945016145706
s52,2,0,0.9970349073410034,0.002965063787996769
s52,3,1,0.0008284501382149756,0.9991716146469116
s52,4,1,0.004063652828335762,0.995936393737793
s52,5,0,0.34312233328819275,0.6568776965141296
s52,6,0,0.9294920563697815,0.07050798088312149
s52,7,0,0.619597852230072,0.3804021179676056
s52,8,0,0.9983108043670654,0.001689142663963139
s52,9,0,0.9978164434432983,0.002183516277000308
s52,10,1,0.000504031777381897,0.9994959831237793
s52,11,0,0.9634423851966858,0.03655758127570152
s52,12,0,0.1018557995557785,0.8981442451477051
s52,13,0,0.8877290487289429,0.11227092146873474
s52,14,0,0.9947770833969116,0.005222964566200972
s52,15,0,0.998710036277771,0.0012899534776806831
s52,16,0,0.999925971031189,7.396696310024709e-05
s52,17,0,0.999728262424469,0.0002717060851864517
s52,18,1,0.00034614664036780596,0.9996538162231445
s52,19,1,0.012649771757423878,0.9873501658439636
s52,20,1,0.013241175562143326,0.9867587685585022
s52,21,0,0.9253640174865723,0.07463596016168594
s52,22,1,0.002117020543664694,0.9978829026222229
s52,23,1,0.000432054657721892,0.9995679259300232
s52,24,1,0.0003460956795606762,0.9996539354324341
s52,25,1,0.1309221237897873,0.8690778613090515
s52,26,1,0.003087732009589672,0.9969122409820557
s52,27,0,0.09877248108386993,0.9012275338172913
s52,28,0,0.997310996055603,0.002689001616090536
s52,29,0,0.9997100234031677,0.00028991143335588276
s52,30,1,0.037243932485580444,0.9627560377120972
s52,31,0,0.974475085735321,0.02552485652267933
s52,32,1,0.00024848466273397207,0.9997515082359314
s52,33,0,0.9953985810279846,0.004601453896611929
s52,34,1,0.0001824881910579279,0.9998175501823425
s52,35,0,0.9999990463256836,9.978107300412375e-07
s52,36,0,0.18752934038639069,0.8124706149101257
s52,37,1,0.0006090611568652093,0.9993909597396851
s52,38,1,0.00047217655810527503,0.9995278120040894
s52,39,1,0.03435907140374184,0.9656409621238708
s52,40,1,0.00020955035870429128,0.9997904896736145
s52,41,1,0.0005387276178225875,0.9994612336158752
s52,42,1,0.00019751206855289638,0.9998025298118591
s52,43,1,0.00357649102807045,0.9964235424995422
s52,44,1,0.0002605406625661999,0.9997394680976868
s52,45,1,0.0005618368741124868,0.9994381070137024
s52,46,0,0.9995985627174377,0.00040151187567971647
s52,47,1,0.0013079590862616897,0.9986920952796936
s52,48,0,0.9996601343154907,0.00033985651680268347
s52,49,0,0.9990242719650269,0.0009757417719811201
s53,0,0,0.9933833479881287,0.006616608239710331
s53,1,0,0.9422741532325745,0.05772588402032852
s53,2,0,0.9047137498855591,0.0952863097190857
s53,3,0,0.9999542236328125,4.5755394239677116e-05
s53,4,1,0.3340104818344116,0.6659895181655884
s53,5,1,0.13446402549743652,0.8655359148979187
s53,6,0,0.07507941871881485,0.9249206185340881
s53,7,0,0.25571542978286743,0.7442845702171326
s53,8,1,0.9880719184875488,0.011928075924515724
s53,9,0,0.9589768648147583,0.04102316126227379
s53,10,1,0.9976769089698792,0.0023230784572660923
s53,11,1,0.20929250121116638,0.790707528591156
s53,12,1,0.9999923706054688,7.589376764371991e-06
s53,13,1,0.48776835203170776,0.5122316479682922
s53,14,0,0.1865132451057434,0.8134867548942566
s53,15,0,0.9934346675872803,0.006565340794622898
s53,16,1,0.8345341682434082,0.16546586155891418
s53,17,0,0.9122421145439148,0.08775795251131058
s53,18,1,0.8389174938201904,0.16108252108097076
s53,19,0,0.5646440982818604,0.43535590171813965
s53,20,0,0.9622224569320679,0.03777754679322243
s53,21,1,0.1736808568239212,0.8263190984725952
s53,22,1,0.9807370901107788,0.01926298439502716
s53,23,0,0.5943042635917664,0.40569570660591125
s53,24,1,0.8566898703575134,0.1433100700378418
s53,25,0,0.15029248595237732,0.8497074842453003
s53,26,0,0.11998498439788818,0.8800150752067566
s53,27,1,0.010798254981637001,0.9892017841339111
s53,28,0,0.031954873353242874,0.968045175075531
s53,29,0,0.9817901849746704,0.01820981316268444
s53,30,1,0.7086078524589539,0.29139214754104614
s53,31,0,0.6450864672660828,0.35491353273391724
s53,32,1,0.002250637160614133,0.997749388217926
s53,33,0,0.998776376247406,0.0012236405164003372
s53,34,0,0.0680374875664711,0.9319625496864319
s53,35,0,6.520246824948117e-05,0.9999347925186157
s53,36,0,0.9977986216545105,0.0022013275884091854
s53,37,1,0.7474236488342285,0.2525762915611267
s53,38,1,0.00454885046929121,0.9954511523246765
s53,39,1,0.3091791272163391,0.6908208727836609
s53,40,1,2.6977893867297098e-05,0.9999730587005615
s53,41,1,0.9641585946083069,0.035841330885887146
s53,42,0,0.9746884107589722,0.02531159296631813
s53,43,1,0.5761221051216125,0.42387789487838745
s53,44,1,0.9998617172241211,0.00013830458919983357
s53,45,1,0.8884105682373047,0.1115894764661789
s53,46,1,0.821124255657196,0.17887569963932037
s53,47,1,0.14952024817466736,0.8504797220230103
s53,48,0,1.0,4.7557961124766734e-08
s53,49,0,0.3131755590438843,0.6868244409561157
s54,0,1,0.5330492258071899,0.46695077419281006
s54,1,1,0.08017764985561371,0.9198223948478699
s54,2,1,0.3905048370361328,0.6094951033592224
s54,3,1,0.6367436647415161,0.3632563352584839
s54,4,0,0.9023987650871277,0.09760119020938873
s54,5,0,0.41014131903648376,0.5898587107658386
s54,6,1,0.021483173593878746,0.9785168766975403
s54,7,1,0.650888979434967,0.34911105036735535
s54,8,1,0.04599061608314514,0.9540093541145325
s54,9,1,0.01034783199429512,0.9896520972251892
s54,10,1,0.38572052121162415,0.6142795085906982
s54,11,0,0.6363687515258789,0.3636311888694763
s54,12,1,0.8636829853057861,0.13631701469421387
s54,13,1,0.08239971846342087,0.9176002740859985
s54,14,1,0.6996721029281616,0.30032792687416077
s54,15,1,0.7010736465454102,0.29892635345458984
s54,16,1,0.8019725680351257,0.19802743196487427
s54,17,1,0.5292397737503052,0.47076019644737244
s54,18,0,0.26228317618370056,0.737716794013977
s54,19,1,0.7978885173797607,0.20211151242256165
s54,20,1,0.041461288928985596,0.9585386514663696
s54,21,1,0.020359279587864876,0.979640781879425
s54,22,1,0.0816892758011818,0.9183107614517212
s54,23,1,0.08158672600984573,0.9184132814407349
s54,24,0,0.9009680151939392,0.09903199225664139
s54,25,0,0.8480699062347412,0.15193010866641998
s54,26,1,0.7324604988098145,0.26753953099250793
s54,27,0,0.27127805352211,0.7287219762802124
s54,28,1,0.14545485377311707,0.8545451164245605
s54,29,1,0.9546375274658203,0.045362427830696106
s54,30,0,0.988378643989563,0.011621315963566303
s54,31,1,0.11153615266084671,0.8884637951850891
s54,32,0,0.6270501017570496,0.37294989824295044
s54,33,0,0.8220494985580444,0.17795054614543915
s54,34,1,0.9963361024856567,0.003663900075480342
s54,35,0,0.6970633864402771,0.3029365837574005
s54,36,0,0.7006841897964478,0.29931584000587463
s54,37,0,0.2527795433998108,0.7472204566001892
s54,38,0,0.7345322370529175,0.26546773314476013
s54,39,0,0.9679457545280457,0.03205423429608345
s54,40,0,0.8074759840965271,0.19252397119998932
s54,41,1,0.0051069073379039764,0.9948930740356445
s54,42,1,0.9592519998550415,0.040747933089733124
s54,43,0,0.8690670728683472,0.13093292713165283
s54,44,0,0.6916323900222778,0.30836760997772217
s54,45,1,0.9053179025650024,0.09468209743499756
s54,46,0,0.9590079188346863,0.04099206253886223
s54,47,0,0.10655532032251358,0.8934446573257446
s54,48,0,0.366035521030426,0.633964478969574
s54,49,1,0.30513542890548706,0.6948645710945129
