subject_id,trial_id,label,p0,p1
s01,0,1,0.97906094789505,0.020939091220498085
s01,1,1,0.04392319172620773,0.9560767412185669
s01,2,1,0.011283093132078648,0.9887168407440186
s01,3,0,0.9999648332595825,3.5161028790753335e-05
s01,4,0,0.0067576998844742775,0.9932423233985901
s01,5,1,0.9854394197463989,0.014560621231794357
s01,6,0,0.9993707537651062,0.0006292870384640992
s01,7,0,0.9951017498970032,0.0048983353190124035
s01,8,1,0.0025455965660512447,0.9974543452262878
s01,9,0,0.9999854564666748,1.4534840374835767e-05
s01,10,1,0.0011791122378781438,0.9988208413124084
s01,11,0,0.019520778208971024,0.9804792404174805
s01,12,1,0.00035195177770219743,0.9996480941772461
s01,13,0,0.9999630451202393,3.6967343476135284e-05
s01,14,1,5.148048876435496e-05,0.9999485015869141
s01,15,1,0.0005534606170840561,0.9994465708732605
s01,16,1,0.00019572750898078084,0.9998043179512024
s01,17,1,0.0004369626985862851,0.9995630383491516
s01,18,0,0.9993919134140015,0.0006080257589928806
s01,19,0,0.9998908042907715,0.00010914110316662118
s01,20,0,0.999977707862854,2.2234051357372664e-05
s01,21,1,0.0007043258519843221,0.999295711517334
s01,22,0,0.9999756813049316,2.4291435693157837e-05
s01,23,0,0.9999622106552124,3.774553260882385e-05
s01,24,0,0.9999780654907227,2.1895761165069416e-05
s01,25,1,0.00033612342667765915,0.9996638298034668
s01,26,1,0.014451025053858757,0.9855490326881409
s01,27,0,0.9899610280990601,0.010038996115326881
s01,28,0,0.9999817609786987,1.8187189198215492e-05
s01,29,1,0.0007661927957087755,0.9992338418960571
s01,30,1,0.0011355646420270205,0.9988644123077393
s01,31,0,0.9999213218688965,7.866253145039082e-05
s01,32,1,0.0005074984510429204,0.9994925260543823
s01,33,0,0.9999421834945679,5.777653132099658e-05
s01,34,0,0.9986677169799805,0.0013323170132935047
s01,35,0,0.999852180480957,0.00014783903316129
s01,36,1,0.0011203986359760165,0.998879611492157
s01,37,0,0.9999568462371826,4.316419654060155e-05
s01,38,1,0.0015285792760550976,0.9984714388847351
s01,39,1,0.19001729786396027,0.8099826574325562
s01,40,0,0.985139787197113,0.014860199764370918
s01,41,0,0.9999653100967407,3.470510637271218e-05
s01,42,1,0.002754055429250002,0.9972460269927979
s01,43,0,0.9999895095825195,1.0491353350516874e-05
s01,44,1,0.0044280835427343845,0.9955718517303467
s01,45,1,0.00039406813448294997,0.9996059536933899
s01,46,1,0.519382894039154,0.48061713576316833
s01,47,0,0.9999836683273315,1.627862366149202e-05
s01,48,1,0.004248750861734152,0.9957512617111206
s01,49,0,0.9999042749404907,9.56685544224456e-05
s02,0,0,0.9934936165809631,0.006506436504423618
s02,1,0,0.9999512434005737,4.881037966697477e-05
s02,2,1,0.9379249215126038,0.06207513064146042
s02,3,1,0.9999994039535522,6.301438588707242e-07
s02,4,0,0.995010256767273,0.004989707376807928
s02,5,0,0.9999997615814209,2.020676106440078e-07
s02,6,1,1.1768257536459714e-05,0.9999881982803345
s02,7,1,0.006548732053488493,0.9934512376785278
s02,8,0,0.9999997615814209,2.1585255183254048e-07
s02,9,1,0.008419536054134369,0.9915804266929626
s02,10,0,0.9937625527381897,0.006237457040697336
s02,11,1,4.101006197743118e-05,0.9999589920043945
s02,12,1,0.9999562501907349,4.3735202780226246e-05
s02,13,0,0.9999934434890747,6.598206255148398e-06
s02,14,0,0.012289106845855713,0.9877108931541443
s02,15,1,0.014352266676723957,0.9856476783752441
s02,16,0,0.9378939867019653,0.06210607290267944
s02,17,1,0.9993765950202942,0.0006234251777641475
s02,18,1,0.826237678527832,0.173762246966362
s02,19,1,0.994581401348114,0.005418637301772833
s02,20,0,0.994803249835968,0.005196709185838699
s02,21,0,0.9999113082885742,8.865482959663495e-05
s02,22,0,0.9976558685302734,0.0023441514931619167
s02,23,1,0.9999995231628418,4.3572686081461143e-07
s02,24,0,0.9824621677398682,0.017537806183099747
s02,25,1,0.9731462001800537,0.02685382589697838
s02,26,1,0.9997637867927551,0.00023617925762664527
s02,27,0,0.999920129776001,7.989592995727435e-05
s02,28,1,1.50804735312704e-05,0.999984860420227
s02,29,1,0.9999902248382568,9.71657209447585e-06
s02,30,0,0.99997878074646,2.124065940733999e-05
s02,31,0,0.9997873902320862,0.00021268244017846882
s02,32,1,0.9999896287918091,1.0368573384766933e-05
s02,33,0,0.9612259268760681,0.03877408057451248
s02,34,1,0.18300607800483704,0.8169939517974854
s02,35,0,0.019774973392486572,0.9802250266075134
s02,36,1,0.9999998807907104,8.902603809701759e-08
s02,37,1,0.9999992847442627,6.72061446493899e-07
s02,38,1,0.9991130232810974,0.0008869915618561208
s02,39,1,0.017626991495490074,0.9823729991912842
s02,40,1,1.1213817742827814e-05,0.9999887943267822
s02,41,0,0.8813074827194214,0.11869248747825623
s02,42,1,0.9999520778656006,4.787861689692363e-05
s02,43,0,0.9492166042327881,0.05078333988785744
s02,44,1,0.19993720948696136,0.8000627756118774
s02,45,1,0.9844852685928345,0.015514714643359184
s02,46,0,0.9997546076774597,0.00024542308528907597
s02,47,0,0.7865726947784424,0.2134273201227188
s02,48,0,0.9997947812080383,0.00020526195294223726
s02,49,1,0.0006217024056240916,0.9993783235549927
s03,0,0,0.06926804780960083,0.9307319521903992
s03,1,0,0.9871091842651367,0.012890768237411976
s03,2,1,0.005343504715710878,0.9946565628051758
s03,3,0,0.9996422529220581,0.00035778238088823855
s03,4,1,0.0056867883540689945,0.9943132400512695
s03,5,0,0.9819713234901428,0.018028603866696358
s03,6,1,0.2974597215652466,0.7025402784347534
s03,7,1,0.004249929450452328,0.9957500696182251
s03,8,1,0.0005655219429172575,0.9994344115257263
s03,9,1,0.00011792392615461722,0.9998821020126343
s03,10,1,4.55203335150145e-05,0.9999544620513916
s03,11,1,0.003831773530691862,0.9961681962013245
s03,12,0,0.9898368716239929,0.010163132101297379
s03,13,0,0.9895936250686646,0.010406369343400002
s03,14,0,0.915805995464325,0.08419395983219147
s03,15,1,0.00848188903182745,0.9915180802345276
s03,16,1,0.000518850632943213,0.9994811415672302
s03,17,1,0.01995026133954525,0.980049729347229
s03,18,1,0.0008332469151355326,0.99916672706604
s03,19,0,0.0036339748185127974,0.996366024017334
s03,20,0,0.961582362651825,0.03841763362288475
s03,21,0,0.5327027440071106,0.4672972559928894
s03,22,1,0.003019989002496004,0.9969800114631653
s03,23,0,0.9970753192901611,0.002924686996266246
s03,24,1,0.005630673374980688,0.9943693280220032
s03,25,1,0.0005974090890958905,0.999402642250061
s03,26,0,0.6405965089797974,0.35940349102020264
s03,27,1,0.0007807390647940338,0.9992192983627319
s03,28,0,0.9996398687362671,0.0003601676435209811
s03,29,0,0.995165228843689,0.004834798630326986
s03,30,1,0.9611191153526306,0.03888091444969177
s03,31,0,0.9939194917678833,0.006080492399632931
s03,32,0,0.868550717830658,0.13144926726818085
s03,33,0,0.9988546371459961,0.0011453256011009216
s03,34,0,0.9054642915725708,0.09453573077917099
s03,35,0,0.9679752588272095,0.0320248007774353
s03,36,1,0.1707756370306015,0.8292244076728821
s03,37,1,0.0003230266156606376,0.9996769428253174
s03,38,0,0.7118352055549622,0.28816473484039307
s03,39,1,0.17086398601531982,0.8291360139846802
s03,40,0,0.631381630897522,0.36861833930015564
s03,41,1,0.06399864703416824,0.9360013604164124
s03,42,1,1.535328738100361e-05,0.999984622001648
s03,43,0,0.9999536275863647,4.634312790585682e-05
s03,44,0,0.9905615448951721,0.009438447654247284
s03,45,0,0.9236924648284912,0.07630760222673416
s03,46,1,0.001754502416588366,0.9982454776763916
s03,47,1,0.0032079785596579313,0.9967920184135437
s03,48,1,1.1286849257885478e-05,0.9999886751174927
s03,49,0,0.9999388456344604,6.115126598160714e-05
s04,0,0,0.9999972581863403,2.7674336706695613e-06
s04,1,1,7.273511073435657e-07,0.9999992847442627
s04,2,1,0.00013333607057575136,0.9998666048049927
s04,3,1,0.0037713032215833664,0.9962286949157715
s04,4,1,8.201931933626838e-08,0.9999998807907104
s04,5,1,0.16905532777309418,0.8309447169303894
s04,6,0,0.9999998807907104,1.7865973234165722e-07
s04,7,0,0.9999972581863403,2.700934601307381e-06
s04,8,1,2.6987851242665784e-07,0.9999997615814209
s04,9,1,0.0001768407237250358,0.9998231530189514
s04,10,0,0.4973645508289337,0.5026354193687439
s04,11,0,0.9996675252914429,0.0003325110883451998
s04,12,1,3.0024366424186155e-06,0.9999970197677612
s04,13,0,0.9999992847442627,7.635255201421387e-07
s04,14,1,1.1292127055639867e-06,0.999998927116394
s04,15,0,1.0,6.3462577415407395e-09
s04,16,0,0.9999997615814209,2.008979862466731e-07
s04,17,1,1.4463532238551124e-07,0.9999998807907104
s04,18,0,0.9999994039535522,5.915105703024892e-07
s04,19,0,0.9999330043792725,6.702951213810593e-05
s04,20,1,0.9962873458862305,0.003712693927809596
s04,21,1,0.0012283242540434003,0.998771607875824
s04,22,0,0.9967741370201111,0.0032258618157356977
s04,23,1,0.7202187180519104,0.2797812819480896
s04,24,1,0.9998928308486938,0.00010713582742027938
s04,25,1,8.300924747572935e-08,0.9999998807907104
s04,26,1,2.0004856082778133e-07,0.9999997615814209
s04,27,0,0.972833514213562,0.027166491374373436
s04,28,1,3.091479084105231e-05,0.9999691247940063
s04,29,0,0.9999996423721313,3.37321409915603e-07
s04,30,0,1.0,2.7301174654326132e-08
s04,31,1,3.114296376338643e-08,1.0
s04,32,1,1.7384516581842036e-07,0.9999998807907104
s04,33,1,0.0015400729607790709,0.9984599351882935
s04,34,1,1.966898821592622e-08,1.0
s04,35,1,1.1884653616789365e-07,0.9999998807907104
s04,36,1,0.9999641180038452,3.5908902646042407e-05
s04,37,0,1.0,2.4183073321637494e-08
s04,38,1,0.0006146248197183013,0.9993853569030762
s04,39,0,0.9999366998672485,6.328432937152684e-05
s04,40,1,2.0345035522950639e-07,0.9999997615814209
s04,41,0,0.9994100332260132,0.0005899989046156406
s04,42,0,0.9999792575836182,2.0694107661256567e-05
s04,43,1,1.1237960279686376e-05,0.9999887943267822
s04,44,1,5.342864710655704e-07,0.9999995231628418
s04,45,0,0.9999889135360718,1.1080531294282991e-05
s04,46,0,2.2944395823287778e-06,0.9999977350234985
s04,47,1,2.8107112939323997e-06,0.9999971389770508
s04,48,1,0.9378880858421326,0.06211192533373833
s04,49,0,0.9999998807907104,1.62597871167236e-07
s05,0,0,0.9998544454574585,0.0001455228921258822
s05,1,1,0.9662445783615112,0.033755432814359665
s05,2,1,0.00017875281628221273,0.9998212456703186
s05,3,0,0.999422550201416,0.0005775173776783049
s05,4,0,0.9988381266593933,0.0011618646094575524
s05,5,0,0.9904165267944336,0.009583530016243458
s05,6,0,0.004602764267474413,0.9953972697257996
s05,7,1,0.28428173065185547,0.7157182693481445
s05,8,1,0.00013695823145098984,0.9998630285263062
s05,9,0,0.999413251876831,0.0005867256550118327
s05,10,1,0.9463232755661011,0.05367672070860863
s05,11,1,0.9875832200050354,0.012416732497513294
s05,12,1,0.37599170207977295,0.6240082383155823
s05,13,0,0.31614378094673157,0.6838562488555908
s05,14,1,0.007197119295597076,0.9928029179573059
s05,15,0,0.9998990297317505,0.00010095351899508387
s05,16,0,0.9670842885971069,0.03291568160057068
s05,17,1,2.787687481031753e-05,0.9999721050262451
s05,18,1,0.000880334060639143,0.9991196990013123
s05,19,1,0.9972923398017883,0.0027075973339378834
s05,20,0,0.9988476037979126,0.0011523872381076217
s05,21,1,0.9981081485748291,0.0018918585265055299
s05,22,1,0.7191100120544434,0.2808900475502014
s05,23,1,0.064773328602314,0.9352266192436218
s05,24,0,0.8182998895645142,0.18170014023780823
s05,25,0,0.9977633953094482,0.002236544620245695
s05,26,1,0.00015188725956249982,0.9998481273651123
s05,27,0,0.06085691973567009,0.9391430616378784
s05,28,1,0.9370817542076111,0.06291825324296951
s05,29,0,0.9852125644683838,0.014787492342293262
s05,30,1,0.9980607628822327,0.0019392105750739574
s05,31,0,0.9987105131149292,0.0012894547544419765
s05,32,0,0.9915534853935242,0.008446460589766502
s05,33,1,0.5802878737449646,0.4197121262550354
s05,34,1,0.0008981939172372222,0.9991018772125244
s05,35,0,0.5722291469573975,0.42777085304260254
s05,36,1,0.9987585544586182,0.0012414935044944286
s05,37,0,0.9993964433670044,0.0006035451078787446
s05,38,1,0.9992893934249878,0.0007106253760866821
s05,39,1,0.7998350858688354,0.20016495883464813
s05,40,1,0.0035413356963545084,0.9964587092399597
s05,41,0,0.12751014530658722,0.872489869594574
s05,42,0,0.7833030819892883,0.21669694781303406
s05,43,0,0.9983154535293579,0.0016846235375851393
s05,44,1,0.003412420628592372,0.9965876340866089
s05,45,0,0.9931133389472961,0.006886699236929417
s05,46,0,0.9997027516365051,0.0002972052025143057
s05,47,0,0.9151744246482849,0.0848255306482315
s05,48,0,0.49365994334220886,0.5063400268554688
s05,49,1,0.006018325220793486,0.993981659412384
s06,0,0,0.9999536275863647,4.635006916942075e-05
s06,1,0,0.9992102384567261,0.0007897493778727949
s06,2,1,0.00016491173300892115,0.9998350143432617
s06,3,0,0.9998039603233337,0.00019604951376095414
s06,4,0,0.9999397993087769,6.018890780978836e-05
s06,5,1,0.0008016889914870262,0.9991983771324158
s06,6,1,0.2684172987937927,0.7315827012062073
s06,7,1,0.00016894715372473001,0.9998310804367065
s06,8,0,0.999961256980896,3.8765359931858256e-05
s06,9,1,0.9767919182777405,0.023208100348711014
s06,10,0,0.9999750852584839,2.4935037799878046e-05
s06,11,0,0.00020405658870004117,0.9997959733009338
s06,12,0,0.9983459711074829,0.001654033549129963
s06,13,0,0.9998249411582947,0.00017505350115243345
s06,14,0,0.9994297623634338,0.0005702521302737296
s06,15,0,0.9997081160545349,0.00029185324092395604
s06,16,0,0.1666732132434845,0.8333267569541931
s06,17,1,0.0003113098500762135,0.9996887445449829
s06,18,0,0.999854326248169,0.0001456625759601593
s06,19,1,0.0008498235838487744,0.9991501569747925
s06,20,1,0.00019514183804858476,0.9998049139976501
s06,21,0,0.9995996356010437,0.00040040755993686616
s06,22,0,0.9997720122337341,0.00022797894780524075
s06,23,1,0.00019988992426078767,0.9998001456260681
s06,24,0,0.9964235424995422,0.0035763783380389214
s06,25,1,0.00022251668269746006,0.9997774958610535
s06,26,1,0.9048653841018677,0.09513460844755173
s06,27,0,0.9990938901901245,0.0009061460150405765
s06,28,1,0.00017801887588575482,0.9998219609260559
s06,29,1,0.0001882842043414712,0.9998117089271545
s06,30,1,0.0005297117168083787,0.9994702935218811
s06,31,1,0.657627522945404,0.34237247705459595
s06,32,0,0.9997909665107727,0.00020900739764329046
s06,33,0,0.9999083280563354,9.165991650661454e-05
s06,34,1,0.0005994087550789118,0.9994006156921387
s06,35,1,0.0003979741595685482,0.9996020197868347
s06,36,0,0.9736179113388062,0.02638215199112892
s06,37,0,0.9999229907989502,7.704275049036369e-05
s06,38,1,0.9749202728271484,0.025079702958464622
s06,39,1,0.000334361131535843,0.9996656179428101
s06,40,1,0.00015643933147657663,0.9998434782028198
s06,41,0,0.9782994985580444,0.021700548008084297
s06,42,0,0.9988294243812561,0.0011705601355060935
s06,43,1,0.20649725198745728,0.7935027480125427
s06,44,1,0.0005039385287091136,0.9994961023330688
s06,45,0,0.8941798806190491,0.10582011938095093
s06,46,1,0.004822997841984034,0.9951770305633545
s06,47,1,0.0002931281633209437,0.9997068047523499
s06,48,0,0.9945238828659058,0.005476116202771664
s06,49,1,0.000509717152453959,0.9994902610778809
s07,0,1,8.160347351804376e-05,0.9999183416366577
s07,1,1,0.9184491038322449,0.08155092597007751
s07,2,0,0.9999995231628418,4.3256369508526404e-07
s07,3,1,0.9998700618743896,0.00012996736040804535
s07,4,0,0.09433679282665253,0.905663251876831
s07,5,0,0.2671235501766205,0.7328764796257019
s07,6,1,0.9786331057548523,0.021366942673921585
s07,7,0,0.0008254009881056845,0.9991745352745056
s07,8,0,0.4319545030593872,0.5680455565452576
s07,9,0,0.9857136011123657,0.01428643986582756
s07,10,1,0.006202820688486099,0.9937971830368042
s07,11,0,0.9993650317192078,0.0006349688046611845
s07,12,1,0.9991242289543152,0.000875811034347862
s07,13,0,0.9998154044151306,0.00018456725229043514
s07,14,1,0.988437831401825,0.011562170460820198
s07,15,1,0.6770370602607727,0.32296299934387207
s07,16,1,0.4787694811820984,0.5212305188179016
s07,17,1,0.9917691946029663,0.008230841718614101
s07,18,0,0.9999004602432251,9.951941319741309e-05
s07,19,0,0.9999984502792358,1.5386457334898296e-06
s07,20,1,0.003806876949965954,0.9961931705474854
s07,21,0,3.025456317118369e-05,0.9999697208404541
s07,22,0,0.9998866319656372,0.00011331646237522364
s07,23,0,0.9997150301933289,0.00028493895661085844
s07,24,1,0.999998927116394,1.0776461749628652e-06
s07,25,0,0.9999637603759766,3.620937422965653e-05
s07,26,1,0.004071359522640705,0.9959285855293274
s07,27,1,0.9578832387924194,0.042116694152355194
s07,28,0,0.9990679621696472,0.0009320417302660644
s07,29,0,0.9999009370803833,9.899703582050279e-05
s07,30,0,0.9496138691902161,0.05038614198565483
s07,31,1,0.5234114527702332,0.47658851742744446
s07,32,0,0.9999325275421143,6.750122702214867e-05
s07,33,0,0.9999672174453735,3.281423050793819e-05
s07,34,0,0.9999935626983643,6.4328878579544835e-06
s07,35,1,0.0152136767283082,0.984786331653595
s07,36,1,0.00011103895667474717,0.9998888969421387
s07,37,1,3.125087096123025e-05,0.9999687671661377
s07,38,0,0.9980224370956421,0.0019775566179305315
s07,39,0,0.019501125440001488,0.9804988503456116
s07,40,1,0.060800448060035706,0.9391995072364807
s07,41,1,0.008365994319319725,0.9916340112686157
s07,42,1,0.9997801184654236,0.00021989172091707587
s07,43,1,0.9829355478286743,0.01706441305577755
s07,44,0,0.006265474017709494,0.9937345385551453
s07,45,1,0.17669765651226044,0.8233023881912231
s07,46,0,5.138347842148505e-05,0.9999486207962036
s07,47,0,0.9999082088470459,9.18024088605307e-05
s07,48,1,0.9993404746055603,0.0006594734732061625
s07,49,1,0.0001557554060127586,0.9998441934585571
s08,0,0,0.007695242762565613,0.9923047423362732
s08,1,1,0.1878783404827118,0.8121216893196106
s08,2,1,0.15834349393844604,0.841656506061554
s08,3,0,0.9999983310699463,1.7205559288413497e-06
s08,4,1,4.496406234011374e-07,0.9999995231628418
s08,5,1,0.04271649569272995,0.9572834372520447
s08,6,0,0.9020008444786072,0.09799914807081223
s08,7,0,0.9114573001861572,0.08854271471500397
s08,8,1,0.4595186114311218,0.540481448173523
s08,9,0,0.7555434107780457,0.24445661902427673
s08,10,1,2.9439814170473255e-05,0.999970555305481
s08,11,1,4.926510428049369e-06,0.9999951124191284
s08,12,0,0.9989973902702332,0.0010025573428720236
s08,13,1,0.40705862641334534,0.592941403388977
s08,14,0,0.9996744394302368,0.0003256049531046301
s08,15,0,0.06776496767997742,0.932235062122345
s08,16,0,0.9947585463523865,0.005241394508630037
s08,17,0,0.9999819993972778,1.794719537429046e-05
s08,18,0,0.9999996423721313,3.1069635042513255e-07
s08,19,0,0.0019917618483304977,0.9980083107948303
s08,20,1,0.00022002888727001846,0.999779999256134
s08,21,0,0.9928871989250183,0.007112822961062193
s08,22,1,0.10930997133255005,0.89069002866745
s08,23,0,0.011370786465704441,0.9886292219161987
s08,24,0,0.9961876273155212,0.0038123615086078644
s08,25,0,0.9863939881324768,0.013606077060103416
s08,26,0,0.0021902858279645443,0.9978097081184387
s08,27,0,0.999997615814209,2.3348163722403115e-06
s08,28,0,4.630095645552501e-06,0.9999953508377075
s08,29,1,0.0008339972118847072,0.9991660118103027
s08,30,0,2.5830491523493038e-08,1.0
s08,31,0,0.10717369616031647,0.8928263783454895
s08,32,1,1.5516380402758045e-09,1.0
s08,33,1,2.7301237537358247e-07,0.9999997615814209
s08,34,1,5.924714059801772e-06,0.9999940395355225
s08,35,1,1.4749981858130923e-07,0.9999998807907104
s08,36,0,0.9999985694885254,1.4181417782310746e-06
s08,37,1,1.3845642570231576e-06,0.9999985694885254
s08,38,0,0.9999997615814209,2.5851201712612237e-07
s08,39,0,0.9992353916168213,0.0007646285812370479
s08,40,1,0.0013515074970200658,0.998648464679718
s08,41,1,6.60030039512094e-08,0.9999998807907104
s08,42,1,5.192130743125745e-07,0.9999995231628418
s08,43,1,1.887248913590156e-06,0.9999980926513672
s08,44,1,0.0025399099104106426,0.9974600672721863
s08,45,0,0.9625881314277649,0.03741184622049332
s08,46,1,0.9879952073097229,0.012004776857793331
s08,47,1,0.0002733852306846529,0.9997265934944153
s08,48,1,0.9996904134750366,0.0003096227010246366
s08,49,1,1.0720028512878343e-05,0.9999892711639404
s09,0,0,0.018960021436214447,0.9810400009155273
s09,1,1,0.00025316266692243516,0.9997468590736389
s09,2,0,0.9822840094566345,0.01771596632897854
s09,3,1,0.01873062551021576,0.981269359588623
s09,4,1,0.9458357691764832,0.05416417494416237
s09,5,0,0.9500645399093628,0.049935441464185715
s09,6,0,0.9874207377433777,0.01257927343249321
s09,7,1,0.08286359161138535,0.9171363711357117
s09,8,0,0.9999585151672363,4.144927515881136e-05
s09,9,1,0.00073267612606287,0.9992672801017761
s09,10,0,0.003809346118941903,0.9961906671524048
s09,11,0,0.5449365377426147,0.45506349205970764
s09,12,1,6.436267722165212e-05,0.9999356269836426
s09,13,1,0.00036386470310389996,0.999636173248291
s09,14,0,0.05338344722986221,0.946616530418396
s09,15,1,0.10846401005983353,0.8915359377861023
s09,16,1,0.001725474838167429,0.998274564743042
s09,17,0,0.9986087679862976,0.0013912520371377468
s09,18,0,0.9595428109169006,0.04045724868774414
s09,19,1,0.00013788873911835253,0.9998620748519897
s09,20,1,0.9967799782752991,0.0032200191635638475
s09,21,0,0.32229849696159363,0.677701473236084
s09,22,0,0.9570806622505188,0.04291936755180359
s09,23,1,0.05065087974071503,0.9493491053581238
s09,24,0,0.3846963346004486,0.615303635597229
s09,25,1,0.0008782327640801668,0.9991217255592346
s09,26,1,0.0001659859117353335,0.9998339414596558
s09,27,1,0.014505557715892792,0.9854944944381714
s09,28,0,0.99991774559021,8.223278564400971e-05
s09,29,0,0.9824432134628296,0.017556829378008842
s09,30,0,0.002710114698857069,0.9972898960113525
s09,31,0,0.9990361928939819,0.0009637851035222411
s09,32,1,0.0012658522464334965,0.998734176158905
s09,33,1,0.007229983806610107,0.9927700161933899
s09,34,0,0.9081360697746277,0.09186399728059769
s09,35,0,0.9389991164207458,0.061000850051641464
s09,36,1,0.9988473653793335,0.0011526626767590642
s09,37,1,3.858139825752005e-05,0.9999613761901855
s09,38,0,0.9996104836463928,0.0003895446134265512
s09,39,1,0.0001570206950418651,0.9998430013656616
s09,40,0,0.9932823181152344,0.0067176478914916515
s09,41,0,0.9193907976150513,0.08060925453901291
s09,42,1,0.00024542189203202724,0.9997546076774597
s09,43,1,0.04176931455731392,0.9582306742668152
s09,44,0,0.01576324738562107,0.9842367172241211
s09,45,0,0.20617134869098663,0.7938286662101746
s09,46,1,0.004772736690938473,0.9952272176742554
s09,47,0,0.9577629566192627,0.04223700612783432
s09,48,1,0.79200279712677,0.20799720287322998
s09,49,0,0.1631793975830078,0.8368206024169922
s10,0,0,0.999871015548706,0.00012901031004730612
s10,1,0,0.999462902545929,0.0005370695143938065
s10,2,0,0.10975051671266556,0.890249490737915
s10,3,1,0.0007825781358405948,0.9992173910140991
s10,4,1,0.002110757166519761,0.9978892207145691
s10,5,0,0.09902659058570862,0.9009734392166138
s10,6,1,0.9999779462814331,2.2103989977040328e-05
s10,7,0,0.7505046129226685,0.24949538707733154
s10,8,1,0.8843161463737488,0.11568384617567062
s10,9,0,0.9998531341552734,0.0001468773843953386
s10,10,1,0.049081917852163315,0.9509181380271912
s10,11,1,0.05946311727166176,0.9405368566513062
s10,12,0,0.9995906949043274,0.00040929618990048766
s10,13,0,0.9999803304672241,1.968465767276939e-05
s10,14,1,0.9432370662689209,0.05676296353340149
s10,15,0,0.999996542930603,3.45387024935917e-06
s10,16,0,0.9999915361404419,8.471400178677868e-06
s10,17,0,0.0034237857908010483,0.9965762495994568
s10,18,0,0.5046253204345703,0.4953746795654297
s10,19,0,0.999991774559021,8.210342457459774e-06
s10,20,0,0.0016645295545458794,0.9983355402946472
s10,21,0,0.9987300038337708,0.0012699472717940807
s10,22,1,0.998049259185791,0.0019507737597450614
s10,23,1,0.9903575778007507,0.009642422199249268
s10,24,0,0.8388606309890747,0.1611393392086029
s10,25,0,0.004274791106581688,0.995725154876709
s10,26,1,0.9995669722557068,0.0004330618248786777
s10,27,1,0.008840031921863556,0.991159975528717
s10,28,0,0.9965513944625854,0.003448580391705036
s10,29,0,0.9656351804733276,0.03436479717493057
s10,30,1,0.9999990463256836,9.557930980008678e-07
s10,31,1,0.9999984502792358,1.545087798149325e-06
s10,32,1,0.9978199005126953,0.0021800531540066004
s10,33,1,0.9999984502792358,1.5283136463040137e-06
s10,34,1,0.5066778063774109,0.4933221936225891
s10,35,1,0.9950188398361206,0.0049811117351055145
s10,36,1,0.15596915781497955,0.8440307974815369
s10,37,0,0.0563422255218029,0.9436577558517456
s10,38,1,0.9999973773956299,2.6126308512175456e-06
s10,39,0,0.9972245693206787,0.0027754504699259996
s10,40,0,0.006746254395693541,0.993253767490387
s10,41,1,0.0010562888346612453,0.9989437460899353
s10,42,1,0.9999895095825195,1.0461739293532446e-05
s10,43,0,0.9134424924850464,0.08655749261379242
s10,44,0,0.9999439716339111,5.600186705123633e-05
s10,45,1,0.37597301602363586,0.6240269541740417
s10,46,0,0.9381194710731506,0.06188055872917175
s10,47,0,0.9443340301513672,0.05566597357392311
s10,48,1,0.06953895092010498,0.930461049079895
s10,49,1,0.9971444010734558,0.0028555782046169043
s11,0,1,0.9967849254608154,0.0032151101622730494
s11,1,0,0.999805748462677,0.0001942955859703943
s11,2,1,4.360903858469101e-06,0.9999955892562866
s11,3,0,0.01918313466012478,0.9808169007301331
s11,4,0,0.9992095232009888,0.0007904315134510398
s11,5,1,0.999988317489624,1.1736484339053277e-05
s11,6,0,0.1619839370250702,0.8380160927772522
s11,7,1,0.6908839344978333,0.309116005897522
s11,8,0,0.16094331443309784,0.8390567302703857
s11,9,0,0.8308032751083374,0.1691967397928238
s11,10,0,0.9878172278404236,0.012182743288576603
s11,11,1,0.9961077570915222,0.003892270615324378
s11,12,1,0.001845850027166307,0.9981541037559509
s11,13,1,0.03684120997786522,0.9631587266921997
s11,14,1,0.9969959259033203,0.003004134865477681
s11,15,1,0.998429000377655,0.0015709237195551395
s11,16,1,0.9994369149208069,0.0005630699452012777
s11,17,0,0.9999947547912598,5.254263214737875e-06
s11,18,0,0.9833831191062927,0.01661684736609459
s11,19,0,0.15469925105571747,0.8453007340431213
s11,20,0,0.9999953508377075,4.662672836275306e-06
s11,21,1,0.9803255200386047,0.01967446133494377
s11,22,0,0.08612439781427383,0.9138756394386292
s11,23,1,0.990447998046875,0.009552025236189365
s11,24,0,0.9666265845298767,0.033373430371284485
s11,25,1,2.680729039639118e-06,0.9999973773956299
s11,26,1,0.022277671843767166,0.9777222871780396
s11,27,1,9.486594535701443e-06,0.9999904632568359
s11,28,1,0.0013330893125385046,0.9986668825149536
s11,29,0,0.9999982118606567,1.768467086549208e-06
s11,30,1,0.9984879493713379,0.001511976239271462
s11,31,1,0.6156782507896423,0.38432174921035767
s11,32,0,0.9999920129776001,7.965376426000148e-06
s11,33,0,0.0037404615432024,0.9962595701217651
s11,34,1,0.14497341215610504,0.8550266027450562
s11,35,0,0.0009576305747032166,0.9990423321723938
s11,36,0,0.9884722232818604,0.01152775902301073
s11,37,0,0.001321415533311665,0.9986785054206848
s11,38,1,0.41944369673728943,0.580556333065033
s11,39,0,0.9992874264717102,0.0007125770207494497
s11,40,1,7.849984103813767e-05,0.999921441078186
s11,41,1,2.9696395813516574e-06,0.9999970197677612
s11,42,0,0.996746301651001,0.003253691364079714
s11,43,1,0.3668057918548584,0.6331942081451416
s11,44,0,0.999829888343811,0.0001701294822851196
s11,45,0,0.9999583959579468,4.156961585977115e-05
s11,46,1,0.4662604331970215,0.5337395668029785
s11,47,1,0.9998419284820557,0.00015807979798410088
s11,48,0,0.0005118171102367342,0.999488115310669
s11,49,0,0.9999797344207764,2.0273741029086523e-05
s12,0,0,0.9999946355819702,5.352888365450781e-06
s12,1,1,0.002715145703405142,0.9972848892211914
s12,2,1,0.0004533360479399562,0.9995465874671936
s12,3,0,0.010231328196823597,0.9897686243057251
s12,4,0,0.9999997615814209,2.6267113639733e-07
s12,5,1,8.577148400945589e-05,0.9999141693115234
s12,6,0,0.9999959468841553,4.016205366497161e-06
s12,7,1,1.6521370298505644e-06,0.9999983310699463
s12,8,1,8.193836947611999e-06,0.999991774559021
s12,9,1,0.9993506073951721,0.0006494190311059356
s12,10,0,0.9999992847442627,7.636980967618001e-07
s12,11,1,0.0006655171164311469,0.9993345141410828
s12,12,0,0.6429429650306702,0.35705700516700745
s12,13,0,0.9999991655349731,8.546195431335946e-07
s12,14,0,0.9999996423721313,2.981481941333186e-07
s12,15,1,0.19643232226371765,0.8035677075386047
s12,16,1,0.7369425296783447,0.26305750012397766
s12,17,0,0.9999998807907104,6.193623391936853e-08
s12,18,0,0.9998960494995117,0.00010391561954747885
s12,19,1,0.00039087526965886354,0.9996091723442078
s12,20,1,0.6930927038192749,0.3069072663784027
s12,21,0,0.9980328679084778,0.0019671840127557516
s12,22,1,8.824144970276393e-06,0.9999911785125732
s12,23,0,0.9999817609786987,1.8250293578603305e-05
s12,24,1,0.0005838135257363319,0.9994162321090698
s12,25,1,0.010916450060904026,0.989083468914032
s12,26,1,0.793502926826477,0.20649704337120056
s12,27,0,0.9999990463256836,8.975891319096263e-07
s12,28,0,0.9999997615814209,2.8019601927553595e-07
s12,29,0,1.0,8.618136426719047e-09
s12,30,1,5.6074113672366366e-05,0.9999439716339111
s12,31,1,0.0020714683923870325,0.9979285001754761
s12,32,1,0.0014759717741981149,0.998524010181427
s12,33,0,0.9999994039535522,6.317721386039921e-07
s12,34,1,0.0009706143755465746,0.9990293979644775
s12,35,1,0.6320551633834839,0.3679448962211609
s12,36,1,0.0004185923025943339,0.9995813965797424
s12,37,0,0.9999967813491821,3.2337627544620773e-06
s12,38,1,0.843419075012207,0.15658096969127655
s12,39,0,0.9991317391395569,0.0008682788466103375
s12,40,1,0.932434618473053,0.06756535917520523
s12,41,1,0.027285048738121986,0.9727149605751038
s12,42,0,0.9999082088470459,9.173651778837666e-05
s12,43,0,0.9999996423721313,4.0108903931468376e-07
s12,44,0,1.0,5.455438767398846e-08
s12,45,0,0.9999945163726807,5.510753453563666e-06
s12,46,1,0.21243643760681152,0.7875635623931885
s12,47,0,0.9999998807907104,7.311079741612048e-08
s12,48,0,0.9999997615814209,1.8152685754557751e-07
s12,49,0,0.9996594190597534,0.0003405299794394523
s13,0,0,0.9737342000007629,0.026265760883688927
s13,1,0,0.7849631905555725,0.2150368094444275
s13,2,1,0.6958531141281128,0.3041468858718872
s13,3,0,0.5199199318885803,0.4800800085067749
s13,4,1,0.5997245907783508,0.40027546882629395
s13,5,0,0.895047664642334,0.10495229065418243
s13,6,1,0.11917054653167725,0.8808295130729675
s13,7,0,0.8509411811828613,0.14905881881713867
s13,8,1,0.4959148168563843,0.5040851831436157
s13,9,1,0.3799511194229126,0.6200488805770874
s13,10,0,0.436908483505249,0.563091516494751
s13,11,1,0.9574373960494995,0.04256255552172661
s13,12,1,0.941683292388916,0.05831674113869667
s13,13,0,0.5924849510192871,0.4075150787830353
s13,14,1,0.653455913066864,0.3465440571308136
s13,15,1,0.8180806636810303,0.18191932141780853
s13,16,1,0.1274791955947876,0.8725208044052124
s13,17,1,0.229168102145195,0.7708319425582886
s13,18,1,0.8017411231994629,0.19825884699821472
s13,19,0,0.949787437915802,0.05021260306239128
s13,20,0,0.9137529134750366,0.0862470418214798
s13,21,1,0.06125669926404953,0.9387432932853699
s13,22,1,0.11127973347902298,0.8887203335762024
s13,23,1,0.8853203654289246,0.11467959731817245
s13,24,1,0.8973868489265442,0.10261320322751999
s13,25,1,0.9347244501113892,0.06527557224035263
s13,26,1,0.02930864877998829,0.9706913828849792
s13,27,0,0.8258053064346313,0.17419466376304626
s13,28,0,0.8145202994346619,0.18547968566417694
s13,29,0,0.865196704864502,0.13480332493782043
s13,30,0,0.9181813597679138,0.08181856572628021
s13,31,0,0.6260068416595459,0.3739932179450989
s13,32,0,0.8092667460441589,0.19073332846164703
s13,33,0,0.983636200428009,0.01636374182999134
s13,34,1,0.11526255309581757,0.8847374320030212
s13,35,1,0.6208570599555969,0.3791429400444031
s13,36,1,0.7236984968185425,0.27630147337913513
s13,37,1,0.023660603910684586,0.9763393402099609
s13,38,1,0.9151767492294312,0.08482330292463303
s13,39,1,0.8176352977752686,0.18236471712589264
s13,40,1,0.22704726457595825,0.7729527354240417
s13,41,0,0.8975127339363098,0.1024872362613678
s13,42,1,0.9855822920799255,0.014417771250009537
s13,43,0,0.9854733347892761,0.014526745304465294
s13,44,0,0.9949104189872742,0.005089645739644766
s13,45,0,0.8937721252441406,0.10622787475585938
s13,46,0,0.9197438955307007,0.08025610446929932
s13,47,1,0.718616783618927,0.2813831567764282
s13,48,0,0.6117748022079468,0.38822516798973083
s13,49,0,0.9961298704147339,0.003870159387588501
s14,0,0,0.8895506858825684,0.11044931411743164
s14,1,0,0.8538432121276855,0.14615681767463684
s14,2,0,0.018484482541680336,0.9815155267715454
s14,3,0,0.989141583442688,0.010858466848731041
s14,4,0,0.999414324760437,0.0005856738425791264
s14,5,1,0.00021835320512764156,0.9997816681861877
s14,6,0,0.9756748080253601,0.024325210601091385
s14,7,1,0.8667513132095337,0.13324874639511108
s14,8,1,0.00016155012417584658,0.9998384714126587
s14,9,0,0.9999370574951172,6.290677265496925e-05
s14,10,1,0.062301866710186005,0.9376981258392334
s14,11,0,0.9993533492088318,0.0006466956110671163
s14,12,1,0.040704887360334396,0.9592950940132141
s14,13,1,0.9999579191207886,4.208664904581383e-05
s14,14,1,4.220170740154572e-05,0.999957799911499
s14,15,0,0.11918801069259644,0.8808120489120483
s14,16,0,0.03207322210073471,0.9679267406463623
s14,17,1,0.00020085035066585988,0.9997991919517517
s14,18,0,0.04486393555998802,0.9551361203193665
s14,19,1,0.10323113948106766,0.8967688679695129
s14,20,0,0.2607385814189911,0.7392614483833313
s14,21,0,0.8126763105392456,0.1873237043619156
s14,22,1,0.9683179259300232,0.03168201819062233
s14,23,0,0.9991245865821838,0.0008754097507335246
s14,24,0,0.9992832541465759,0.0007167492876760662
s14,25,1,0.9975403547286987,0.0024597044102847576
s14,26,1,0.9996086955070496,0.00039131761877797544
s14,27,0,0.7275071144104004,0.2724928855895996
s14,28,0,0.9999247789382935,7.519433711422607e-05
s14,29,1,0.8643432855606079,0.1356566846370697
s14,30,1,0.006072575226426125,0.9939273595809937
s14,31,1,0.9644530415534973,0.03554699197411537
s14,32,1,0.5847001075744629,0.4152998626232147
s14,33,0,0.9999467134475708,5.324764788383618e-05
s14,34,1,3.713338614375061e-08,1.0
s14,35,0,0.13810479640960693,0.8618952035903931
s14,36,1,0.00034514296567067504,0.9996548891067505
s14,37,1,0.542903482913971,0.45709654688835144
s14,38,1,0.5115903615951538,0.4884096086025238
s14,39,0,0.9940546154975891,0.005945449694991112
s14,40,0,0.05039916932582855,0.949600875377655
s14,41,0,0.08498925715684891,0.9150107502937317
s14,42,1,0.013491573743522167,0.9865084886550903
s14,43,1,0.32021787762641907,0.6797821521759033
s14,44,0,0.07668084651231766,0.9233192205429077
s14,45,1,0.015417342074215412,0.9845826625823975
s14,46,0,0.9854158759117126,0.014584154821932316
s14,47,1,0.134696826338768,0.8653031587600708
s14,48,0,0.111495241522789,0.8885047435760498
s14,49,0,0.03437335789203644,0.96562659740448
s15,0,1,0.9898160696029663,0.010183991864323616
s15,1,1,0.9951855540275574,0.004814452491700649
s15,2,1,0.032176755368709564,0.9678232669830322
s15,3,0,0.9996392726898193,0.0003607435501180589
s15,4,0,0.9920055270195007,0.007994519546627998
s15,5,0,0.9980131387710571,0.001986883347854018
s15,6,1,0.4151686131954193,0.5848313570022583
s15,7,1,0.9106760025024414,0.08932401239871979
s15,8,0,0.8180165886878967,0.18198342621326447
s15,9,1,0.9910475611686707,0.008952408097684383
s15,10,1,0.9996993541717529,0.0003006610495503992
s15,11,1,0.998035728931427,0.001964238006621599
s15,12,1,0.011958078481256962,0.988041877746582
s15,13,1,0.999677300453186,0.00032266712514683604
s15,14,0,0.023266170173883438,0.9767338037490845
s15,15,0,0.9466249942779541,0.053375039249658585
s15,16,1,0.9998522996902466,0.00014771516725886613
s15,17,1,0.999950647354126,4.9329933972330764e-05
s15,18,1,0.9997847676277161,0.0002152114757336676
s15,19,0,0.9762340188026428,0.023765962570905685
s15,20,1,0.9991723299026489,0.0008277221932075918
s15,21,1,0.6485120058059692,0.35148802399635315
s15,22,0,0.999966025352478,3.398243643459864e-05
s15,23,1,0.9999334812164307,6.645541725447401e-05
s15,24,0,0.9650464057922363,0.03495361655950546
s15,25,1,0.9981733560562134,0.001826683757826686
s15,26,1,0.9897310733795166,0.010268994607031345
s15,27,0,0.7657904028892517,0.2342095971107483
s15,28,0,0.9999303817749023,6.96451315889135e-05
s15,29,0,0.9999064207077026,9.358343231724575e-05
s15,30,1,0.9984612464904785,0.0015388005413115025
s15,31,0,0.9587810039520264,0.04121902957558632
s15,32,1,0.9597379565238953,0.04026203602552414
s15,33,0,0.9913734793663025,0.008626448921859264
s15,34,0,0.9960554838180542,0.003944509197026491
s15,35,0,0.9303604364395142,0.06963955610990524
s15,36,1,0.2644495964050293,0.7355504035949707
s15,37,0,0.9947110414505005,0.005288959946483374
s15,38,0,0.999488353729248,0.0005115839885547757
s15,39,1,0.955416202545166,0.04458380490541458
s15,40,1,0.9755438566207886,0.024456122890114784
s15,41,0,0.99982750415802,0.00017249654047191143
s15,42,1,0.9843335747718811,0.015666397288441658
s15,43,1,0.996070384979248,0.003929645288735628
s15,44,1,0.9998735189437866,0.00012645008973777294
s15,45,0,0.8734238147735596,0.12657614052295685
s15,46,1,0.999924898147583,7.50838516978547e-05
s15,47,0,0.39946049451828003,0.60053950548172
s15,48,1,0.9995130300521851,0.000486912380438298
s15,49,1,0.9998934268951416,0.00010659280087566003
s16,0,1,0.0013515145983546972,0.998648464679718
s16,1,0,0.9952294826507568,0.004770570434629917
s16,2,1,0.003623613156378269,0.9963763356208801
s16,3,1,0.15525704622268677,0.8447428941726685
s16,4,0,0.9999105930328369,8.942656131694093e-05
s16,5,1,0.003480267245322466,0.9965196847915649
s16,6,1,0.0776500329375267,0.9223499894142151
s16,7,0,0.9972286820411682,0.002771357074379921
s16,8,0,0.4963826835155487,0.5036172866821289
s16,9,0,0.9995170831680298,0.00048293377039954066
s16,10,1,0.028385251760482788,0.9716147780418396
s16,11,1,0.026391994208097458,0.9736080765724182
s16,12,0,0.9994490742683411,0.0005508809117600322
s16,13,1,0.7162643671035767,0.28373563289642334
s16,14,1,0.6211890578269958,0.3788108825683594
s16,15,0,0.9998883008956909,0.00011167842603754252
s16,16,0,0.9995943903923035,0.00040565073140896857
s16,17,0,0.983301043510437,0.016699012368917465
s16,18,0,0.9993308782577515,0.000669144734274596
s16,19,0,0.9999552965164185,4.4760869059246033e-05
s16,20,0,0.9294887185096741,0.07051123678684235
s16,21,1,0.049966901540756226,0.9500331282615662
s16,22,1,0.00859211478382349,0.9914078116416931
s16,23,1,0.0028270103503018618,0.9971729516983032
s16,24,0,0.9998844861984253,0.00011554776574485004
s16,25,1,0.9402726888656616,0.05972728878259659
s16,26,1,0.15951241552829742,0.840487539768219
s16,27,0,0.9967363476753235,0.0032636888790875673
s16,28,0,0.9681842923164368,0.031815703958272934
s16,29,0,0.20831312239170074,0.7916868925094604
s16,30,0,0.9971795082092285,0.0028204983100295067
s16,31,0,0.9992905855178833,0.0007094317697919905
s16,32,0,0.9998999834060669,9.996271546697244e-05
s16,33,1,0.017057064920663834,0.9829429388046265
s16,34,0,0.7939794659614563,0.20602057874202728
s16,35,1,0.18831636011600494,0.8116835951805115
s16,36,0,0.9999052286148071,9.482054883847013e-05
s16,37,0,0.2997209131717682,0.7002790570259094
s16,38,1,0.008854378946125507,0.991145670413971
s16,39,0,0.9991015195846558,0.0008984978194348514
s16,40,1,0.07225543260574341,0.9277445673942566
s16,41,1,0.4281265139579773,0.5718734264373779
s16,42,1,0.0019437428563833237,0.9980562925338745
s16,43,1,0.023356234654784203,0.9766437411308289
s16,44,1,0.9781737923622131,0.021826278418302536
s16,45,1,0.004997099284082651,0.9950029253959656
s16,46,1,0.06409267336130142,0.9359073638916016
s16,47,0,0.9997349381446838,0.0002650111564435065
s16,48,1,0.19065029919147491,0.8093497157096863
s16,49,1,0.9996775388717651,0.0003224829270038754
s17,0,1,4.1928733480744995e-06,0.9999958276748657
s17,1,0,0.0019331179792061448,0.9980668425559998
s17,2,1,2.461548865539953e-05,0.9999754428863525
s17,3,1,4.099536454305053e-06,0.9999959468841553
s17,4,1,1.0714569725678302e-05,0.9999892711639404
s17,5,1,0.001842844532802701,0.9981572031974792
s17,6,0,0.0009067514911293983,0.9990932941436768
s17,7,0,2.0496386241575237e-06,0.9999979734420776
s17,8,1,3.510854639898753e-06,0.999996542930603
s17,9,0,0.001573561574332416,0.9984264373779297
s17,10,0,2.037017657130491e-05,0.9999796152114868
s17,11,1,3.6453493521548808e-06,0.9999963045120239
s17,12,1,5.101258921058616e-06,0.9999948740005493
s17,13,0,0.00011640272714430466,0.9998835325241089
s17,14,0,0.00010379243030911312,0.9998961687088013
s17,15,1,7.215942332550185e-06,0.9999927282333374
s17,16,0,2.1266289422783302e-06,0.9999978542327881
s17,17,1,1.4418101272895e-06,0.9999985694885254
s17,18,0,0.0018239174969494343,0.998176097869873
s17,19,0,5.7982688304036856e-05,0.9999420642852783
s17,20,1,1.6581696399953216e-05,0.9999834299087524
s17,21,0,0.9520072340965271,0.047992777079343796
s17,22,0,9.942288670572452e-06,0.9999901056289673
s17,23,1,3.7924542084510904e-06,0.9999961853027344
s17,24,0,2.9809864372509765e-06,0.9999970197677612
s17,25,1,1.8620663468027487e-05,0.9999814033508301
s17,26,0,9.581654921930749e-06,0.9999904632568359
s17,27,0,0.00012528133811429143,0.9998747110366821
s17,28,0,7.319329597521573e-06,0.9999927282333374
s17,29,1,0.00010314500104868785,0.9998968839645386
s17,30,0,6.293977094173897e-06,0.9999936819076538
s17,31,1,6.558976110682124e-06,0.9999934434890747
s17,32,0,1.6492231225129217e-05,0.999983549118042
s17,33,1,1.1431989150878508e-05,0.9999885559082031
s17,34,1,1.5677882402087562e-05,0.9999842643737793
s17,35,0,2.88595947495196e-05,0.9999711513519287
s17,36,0,4.180352334515192e-06,0.9999958276748657
s17,37,0,9.88218562270049e-06,0.9999901056289673
s17,38,1,0.00021583866328001022,0.9997841715812683
s17,39,1,1.2216361938044429e-05,0.9999878406524658
s17,40,1,5.774706369265914e-05,0.9999423027038574
s17,41,0,2.8057409053872107e-06,0.9999971389770508
s17,42,0,9.183148358715698e-05,0.9999082088470459
s17,43,1,1.5017093346614274e-06,0.9999984502792358
s17,44,1,6.326853508653585e-06,0.9999936819076538
s17,45,0,2.6583065846352838e-05,0.9999734163284302
s17,46,1,5.354460881790146e-06,0.9999946355819702
s17,47,1,8.306948075187393e-06,0.9999916553497314
s17,48,1,2.3591860554006416e-06,0.999997615814209
s17,49,1,3.514507261570543e-05,0.9999648332595825
s18,0,0,0.9986540079116821,0.0013459424953907728
s18,1,1,5.503408829099499e-05,0.9999449253082275
s18,2,1,0.0007035562884993851,0.9992964267730713
s18,3,1,3.9671940612606704e-05,0.9999603033065796
s18,4,1,0.00023542455164715648,0.999764621257782
s18,5,0,0.0003723599947988987,0.9996275901794434
s18,6,0,0.9966813921928406,0.003318528179079294
s18,7,1,0.03191991522908211,0.9680801630020142
s18,8,0,0.19497975707054138,0.805020272731781
s18,9,0,0.996393620967865,0.003606401849538088
s18,10,0,0.03933313488960266,0.960666835308075
s18,11,1,0.0010892924619838595,0.998910665512085
s18,12,0,0.051532045006752014,0.9484679102897644
s18,13,0,0.20439311861991882,0.7956068515777588
s18,14,0,0.00201233197003603,0.9979876279830933
s18,15,1,0.0003836677933577448,0.999616265296936
s18,16,0,0.9946392178535461,0.00536075234413147
s18,17,0,0.8093036413192749,0.1906963735818863
s18,18,1,0.999983549118042,1.6457099263789132e-05
s18,19,0,7.03418754710583e-06,0.9999929666519165
s18,20,1,0.988586962223053,0.011413087137043476
s18,21,1,0.00505478959530592,0.994945228099823
s18,22,1,8.746195817366242e-05,0.9999125003814697
s18,23,0,0.7732297778129578,0.22677026689052582
s18,24,1,0.9999756813049316,2.4334078261745162e-05
s18,25,1,1.131547469412908e-05,0.9999886751174927
s18,26,0,0.9928882718086243,0.007111741229891777
s18,27,1,0.1398431658744812,0.8601568341255188
s18,28,1,0.12014853954315186,0.8798515200614929
s18,29,0,0.8888734579086304,0.111126609146595
s18,30,0,0.011764542199671268,0.9882354736328125
s18,31,0,0.004972480703145266,0.995027482509613
s18,32,1,0.9998279809951782,0.00017194461543112993
s18,33,0,0.3407917618751526,0.6592082381248474
s18,34,0,0.046221062541007996,0.9537789821624756
s18,35,1,0.003983440808951855,0.9960165619850159
s18,36,1,0.0004082320083398372,0.9995917677879333
s18,37,1,0.9486806392669678,0.051319364458322525
s18,38,0,0.006352418102324009,0.9936475157737732
s18,39,1,0.018350783735513687,0.9816492199897766
s18,40,0,0.004092201124876738,0.9959077835083008
s18,41,1,0.5027126669883728,0.4972873330116272
s18,42,1,0.9913186430931091,0.008681269362568855
s18,43,0,0.9999313354492188,6.861286965431646e-05
s18,44,1,0.1760542243719101,0.8239457607269287
s18,45,1,0.7383004426956177,0.2616995871067047
s18,46,1,0.9995524287223816,0.00044759141746908426
s18,47,0,0.9999961853027344,3.871877652272815e-06
s18,48,0,0.9970634579658508,0.0029365625232458115
s18,49,0,0.9994338154792786,0.0005661859177052975
s19,0,0,0.9999165534973145,8.347893162863329e-05
s19,1,1,3.7214435906207655e-06,0.9999963045120239
s19,2,1,0.793681263923645,0.20631873607635498
s19,3,1,4.220989467285108e-06,0.9999958276748657
s19,4,1,7.05208076396957e-05,0.9999294281005859
s19,5,0,0.9818108677864075,0.018189135938882828
s19,6,1,3.144228912788094e-07,0.9999996423721313
s19,7,0,0.9999998807907104,7.915481603504304e-08
s19,8,1,2.9043389076832682e-05,0.9999709129333496
s19,9,1,0.9732644557952881,0.026735568419098854
s19,10,1,5.120150490256492e-06,0.9999948740005493
s19,11,0,0.9975753426551819,0.002424712525680661
s19,12,0,0.9999886751174927,1.1289862413832452e-05
s19,13,0,0.9999575614929199,4.2466141167096794e-05
s19,14,1,0.9064798355102539,0.09352010488510132
s19,15,1,6.241240498638945e-06,0.9999938011169434
s19,16,0,0.9999977350234985,2.261587724206038e-06
s19,17,1,1.4111560631135944e-06,0.9999985694885254
s19,18,0,0.9999988079071045,1.2479091537898057e-06
s19,19,0,0.9999990463256836,9.79160972747195e-07
s19,20,0,0.9999994039535522,6.089871362746635e-07
s19,21,1,3.0052786314627156e-05,0.9999699592590332
s19,22,1,8.376726441383653e-07,0.9999991655349731
s19,23,1,8.00344150775345e-06,0.9999920129776001
s19,24,0,0.9999828338623047,1.721761145745404e-05
s19,25,1,0.00015208333206828684,0.9998478889465332
s19,26,1,0.00034553802106529474,0.9996544122695923
s19,27,0,0.9999998807907104,1.6199113872517046e-07
s19,28,1,0.0002574341488070786,0.9997425675392151
s19,29,0,0.999997615814209,2.4151511297532124e-06
s19,30,0,0.9997801184654236,0.00021988082153256983
s19,31,1,6.056309211999178e-05,0.9999394416809082
s19,32,1,0.01486202236264944,0.985137939453125
s19,33,0,0.9999997615814209,1.8604140450406703e-07
s19,34,0,0.9996547698974609,0.00034526141826063395
s19,35,0,0.9999995231628418,4.220483731387503e-07
s19,36,0,0.9999997615814209,2.3533968374067626e-07
s19,37,1,1.928094434333616e-06,0.9999980926513672
s19,38,0,0.2167457640171051,0.7832542061805725
s19,39,1,6.302452675299719e-05,0.9999369382858276
s19,40,0,0.998613715171814,0.001386250020004809
s19,41,0,0.998288094997406,0.0017118792748078704
s19,42,0,0.9999676942825317,3.236268457840197e-05
s19,43,0,0.9999005794525146,9.942616452462971e-05
s19,44,1,1.049143338605063e-05,0.9999895095825195
s19,45,1,4.725694907392608e-06,0.999995231628418
s19,46,0,0.9999960660934448,3.96433142668684e-06
s19,47,0,0.9968019723892212,0.0031979673076421022
s19,48,1,3.2595262382528745e-06,0.9999967813491821
s19,49,1,2.6137446184293367e-05,0.9999738931655884
s20,0,1,0.971856415271759,0.02814359776675701
s20,1,1,0.002057817066088319,0.9979421496391296
s20,2,1,0.9928063154220581,0.007193699944764376
s20,3,1,0.3478372395038605,0.6521627902984619
s20,4,0,0.4842512011528015,0.5157487988471985
s20,5,0,0.9305345416069031,0.06946542859077454
s20,6,1,0.9970159530639648,0.0029841014184057713
s20,7,1,0.003947807941585779,0.9960522055625916
s20,8,0,0.8464770913124084,0.15352295339107513
s20,9,1,0.08480421453714371,0.9151958227157593
s20,10,0,0.4672831892967224,0.5327168703079224
s20,11,0,0.8165309429168701,0.18346907198429108
s20,12,1,0.9861917495727539,0.01380822155624628
s20,13,1,0.9891523122787476,0.010847686789929867
s20,14,1,0.9996547698974609,0.00034517914173193276
s20,15,1,0.9524847865104675,0.04751524329185486
s20,16,0,0.3194136917591095,0.6805862784385681
s20,17,0,0.9991968274116516,0.0008032010518945754
s20,18,1,0.014247303828597069,0.9857527613639832
s20,19,0,0.7378008961677551,0.2621991038322449
s20,20,0,0.9828134775161743,0.017186516895890236
s20,21,0,0.19411437213420868,0.8058856725692749
s20,22,0,0.999107301235199,0.0008927257731556892
s20,23,1,0.0026610407512634993,0.9973389506340027
s20,24,1,0.0005156096303835511,0.9994844198226929
s20,25,1,0.1465853750705719,0.8534145951271057
s20,26,1,0.9709507822990417,0.02904922515153885
s20,27,0,0.6199415922164917,0.3800583779811859
s20,28,1,0.11300818622112274,0.8869917988777161
s20,29,1,0.9998537302017212,0.000146255741128698
s20,30,1,0.9993472695350647,0.0006526730721816421
s20,31,1,0.0006893152603879571,0.9993107318878174
s20,32,0,0.9995137453079224,0.0004862670029979199
s20,33,1,0.0011468384182080626,0.9988532066345215
s20,34,0,0.635299026966095,0.3647010028362274
s20,35,1,0.037148430943489075,0.9628515243530273
s20,36,1,0.0006085301283746958,0.9993914365768433
s20,37,1,0.9242558479309082,0.07574412971735
s20,38,1,0.9989719390869141,0.001028119819238782
s20,39,1,0.1356586515903473,0.8643413186073303
s20,40,0,0.09575682133436203,0.9042431712150574
s20,41,1,0.03529921546578407,0.9647008180618286
s20,42,0,0.9804450273513794,0.019554974511265755
s20,43,0,0.9016274809837341,0.09837254136800766
s20,44,0,0.5750659704208374,0.424934059381485
s20,45,0,0.6019561886787415,0.39804381132125854
s20,46,0,0.9917417764663696,0.008258270099759102
s20,47,1,0.998745322227478,0.001254672184586525
s20,48,0,0.4285902976989746,0.5714097619056702
s20,49,1,0.4631962478160858,0.5368037223815918
s21,0,1,0.9999282360076904,7.170029130065814e-05
s21,1,1,0.9996311664581299,0.0003688119468279183
s21,2,1,0.2353951334953308,0.7646048069000244
s21,3,0,0.9992940425872803,0.0007059870404191315
s21,4,0,0.0024881940335035324,0.9975117444992065
s21,5,1,0.6232733726501465,0.37672659754753113
s21,6,0,0.051131319254636765,0.9488686323165894
s21,7,0,0.9793749451637268,0.020624998956918716
s21,8,1,0.7700810432434082,0.2299189418554306
s21,9,0,0.7551606297492981,0.24483942985534668
s21,10,1,0.0003349172184243798,0.9996651411056519
s21,11,1,0.04597460478544235,0.954025387763977
s21,12,1,0.8227646350860596,0.17723537981510162
s21,13,1,3.4427976061124355e-06,0.999996542930603
s21,14,1,0.23710139095783234,0.7628986239433289
s21,15,1,0.0001641516573727131,0.9998358488082886
s21,16,1,0.16707070171833038,0.832929253578186
s21,17,0,0.783830463886261,0.21616949141025543
s21,18,0,0.9736087322235107,0.026391303166747093
s21,19,1,0.9984521865844727,0.0015478486893698573
s21,20,0,0.39935052394866943,0.6006494760513306
s21,21,1,0.9943197965621948,0.005680205766111612
s21,22,0,0.8448591232299805,0.15514086186885834
s21,23,0,0.9990012049674988,0.0009988530073314905
s21,24,1,6.530807149829343e-05,0.9999346733093262
s21,25,0,0.33384257555007935,0.6661573648452759
s21,26,0,0.35997340083122253,0.6400265693664551
s21,27,0,0.9948181509971619,0.00518183596432209
s21,28,0,1.888622705337184e-06,0.9999980926513672
s21,29,0,9.544673048367258e-06,0.9999904632568359
s21,30,1,0.000433704030001536,0.9995662569999695
s21,31,1,0.00022916035959497094,0.9997708201408386
s21,32,1,0.9938259124755859,0.006174159701913595
s21,33,0,0.0012456096010282636,0.9987543821334839
s21,34,1,0.14410054683685303,0.855899453163147
s21,35,0,0.015507593750953674,0.9844924211502075
s21,36,0,0.9970473647117615,0.002952632261440158
s21,37,0,0.932607114315033,0.06739287823438644
s21,38,0,0.5342586040496826,0.465741366147995
s21,39,1,0.0028958211187273264,0.9971042275428772
s21,40,0,0.9996187686920166,0.0003812570357695222
s21,41,1,3.18116462949547e-07,0.9999996423721313
s21,42,1,2.799190269797691e-06,0.9999972581863403
s21,43,0,0.8862879276275635,0.11371209472417831
s21,44,1,0.9447603821754456,0.05523954704403877
s21,45,1,0.9429106116294861,0.05708933621644974
s21,46,0,5.127789336256683e-05,0.9999487400054932
s21,47,0,0.9965215921401978,0.003478449070826173
s21,48,1,0.004141281358897686,0.9958587288856506
s21,49,1,5.47788840776775e-05,0.9999451637268066
s22,0,1,0.08921662718057632,0.9107833504676819
s22,1,0,0.5345252156257629,0.46547478437423706
s22,2,0,0.9637458920478821,0.03625410422682762
s22,3,1,0.6787002086639404,0.32129982113838196
s22,4,0,0.9930211901664734,0.006978771649301052
s22,5,0,0.05633871257305145,0.9436612725257874
s22,6,0,0.9954444169998169,0.004555646795779467
s22,7,0,0.998613715171814,0.0013863102067261934
s22,8,0,0.06329235434532166,0.9367076754570007
s22,9,0,0.9987840056419373,0.0012159686302766204
s22,10,1,0.004931324627250433,0.9950686693191528
s22,11,1,0.0956040620803833,0.9043959379196167
s22,12,0,0.08031022548675537,0.9196897745132446
s22,13,1,0.0005873632617294788,0.9994126558303833
s22,14,1,0.025833209976553917,0.9741668105125427
s22,15,0,0.0025316434912383556,0.9974683523178101
s22,16,1,0.7701392769813538,0.22986070811748505
s22,17,0,0.8529074788093567,0.14709246158599854
s22,18,1,0.01888854242861271,0.981111466884613
s22,19,0,0.025616593658924103,0.9743834137916565
s22,20,1,0.0006427464541047812,0.999357283115387
s22,21,0,0.0046495720744132996,0.9953503608703613
s22,22,1,0.008234821259975433,0.9917652010917664
s22,23,0,0.006006897427141666,0.9939931035041809
s22,24,1,0.3338470458984375,0.6661529541015625
s22,25,0,0.9988677501678467,0.0011322544887661934
s22,26,0,0.002629912458360195,0.9973701238632202
s22,27,1,0.1337568610906601,0.8662430644035339
s22,28,1,0.7634550929069519,0.2365449219942093
s22,29,0,0.6469846963882446,0.35301530361175537
s22,30,1,0.004583330824971199,0.9954166412353516
s22,31,0,0.9628368020057678,0.03716322034597397
s22,32,1,0.014019984751939774,0.9859800934791565
s22,33,0,0.7188385725021362,0.28116142749786377
s22,34,1,0.1450604945421219,0.8549394607543945
s22,35,1,0.025569789111614227,0.97443026304245
s22,36,1,0.5410018563270569,0.4589981138706207
s22,37,1,0.3026009500026703,0.6973990797996521
s22,38,0,0.9952206015586853,0.004779380280524492
s22,39,1,0.07848823070526123,0.9215117692947388
s22,40,1,0.006524851080030203,0.9934751391410828
s22,41,0,0.9550444483757019,0.0449555478990078
s22,42,1,0.02905634045600891,0.9709436893463135
s22,43,1,0.033693768084049225,0.9663062691688538
s22,44,0,0.8063687086105347,0.19363123178482056
s22,45,0,0.9652715921401978,0.03472835198044777
s22,46,0,0.025430843234062195,0.9745691418647766
s22,47,0,0.002978950273245573,0.9970210194587708
s22,48,1,0.3169872462749481,0.6830127239227295
s22,49,1,0.6198825836181641,0.3801174759864807
s23,0,0,0.9975849390029907,0.0024150433018803596
s23,1,1,0.9958420395851135,0.0041579632088541985
s23,2,0,0.6947497129440308,0.30525025725364685
s23,3,0,0.9956911206245422,0.0043088821694254875
s23,4,1,0.8887685537338257,0.11123144626617432
s23,5,1,0.42714613676071167,0.5728538036346436
s23,6,0,0.21177589893341064,0.7882241010665894
s23,7,1,0.1278877705335617,0.8721122741699219
s23,8,1,0.11018059402704239,0.8898194432258606
s23,9,1,0.9904351234436035,0.009564844891428947
s23,10,1,0.8982034921646118,0.10179650783538818
s23,11,0,0.6175583004951477,0.38244175910949707
s23,12,1,0.9794456362724304,0.020554395392537117
s23,13,0,0.9966788291931152,0.0033212248235940933
s23,14,1,0.28407320380210876,0.7159267663955688
s23,15,0,0.7712977528572083,0.22870221734046936
s23,16,0,0.9658389687538147,0.034161053597927094
s23,17,0,0.9974740147590637,0.0025259072426706553
s23,18,0,0.17177197337150574,0.8282279968261719
s23,19,0,0.9967197775840759,0.0032802270725369453
s23,20,0,0.9628708362579346,0.03712916374206543
s23,21,0,0.7105086445808411,0.2894913852214813
s23,22,0,0.08701500296592712,0.9129849672317505
s23,23,1,0.007993128150701523,0.9920069575309753
s23,24,0,0.9995883107185364,0.0004116447234991938
s23,25,1,0.17180579900741577,0.8281941413879395
s23,26,0,0.6039031744003296,0.39609676599502563
s23,27,1,0.6202406287193298,0.3797593414783478
s23,28,1,0.8447173237800598,0.15528270602226257
s23,29,0,0.8605623841285706,0.13943760097026825
s23,30,1,0.41881048679351807,0.5811895132064819
s23,31,0,0.9901279807090759,0.009871980175375938
s23,32,0,0.9678364396095276,0.03216354176402092
s23,33,1,0.9947677850723267,0.005232183262705803
s23,34,0,0.7975137233734131,0.20248624682426453
s23,35,1,0.34718742966651917,0.6528126001358032
s23,36,0,0.2849526107311249,0.7150473594665527
s23,37,1,0.9991450309753418,0.0008549307240173221
s23,38,1,0.998760461807251,0.0012395225930958986
s23,39,0,0.09485571086406708,0.9051443338394165
s23,40,1,0.9173577427864075,0.08264227211475372
s23,41,1,0.001118774525821209,0.9988812804222107
s23,42,1,0.13024131953716278,0.8697587251663208
s23,43,0,0.9158269762992859,0.0841730386018753
s23,44,1,0.9218060374259949,0.07819398492574692
s23,45,1,0.9002174735069275,0.0997825413942337
s23,46,0,0.9929587841033936,0.007041272707283497
s23,47,1,0.8107725381851196,0.18922746181488037
s23,48,0,0.9351537823677063,0.06484617292881012
s23,49,0,0.9939058423042297,0.006094146985560656
s24,0,0,0.005311474669724703,0.9946885108947754
s24,1,0,0.005914297420531511,0.9940856695175171
s24,2,1,0.9999916553497314,8.375229299417697e-06
s24,3,0,0.999869704246521,0.0001302589225815609
s24,4,1,0.5029280781745911,0.4970719516277313
s24,5,1,0.5133434534072876,0.48665651679039
s24,6,0,0.8593683242797852,0.14063163101673126
s24,7,0,0.99989914894104,0.00010083027882501483
s24,8,0,0.9940887689590454,0.005911301821470261
s24,9,0,0.7563944458961487,0.24360555410385132
s24,10,1,0.9955973029136658,0.004402703605592251
s24,11,0,0.15959525108337402,0.8404048085212708
s24,12,0,0.9996875524520874,0.0003124522336293012
s24,13,0,0.99991774559021,8.222721226047724e-05
s24,14,0,0.55218106508255,0.4478188753128052
s24,15,0,0.9944519400596619,0.005547990556806326
s24,16,1,0.9561163187026978,0.04388365522027016
s24,17,1,0.0016708130715414882,0.998329222202301
s24,18,0,0.9977008700370789,0.0022991858422756195
s24,19,0,0.33986490964889526,0.66013503074646
s24,20,1,0.27444618940353394,0.7255538105964661
s24,21,0,0.2286035567522049,0.7713964581489563
s24,22,1,0.0178030077368021,0.9821970462799072
s24,23,1,0.9998370409011841,0.00016294897068291903
s24,24,1,0.8477608561515808,0.152239128947258
s24,25,0,0.9901519417762756,0.009848066605627537
s24,26,0,0.9996680021286011,0.0003320263931527734
s24,27,1,0.9335870146751404,0.06641300767660141
s24,28,1,0.0009637282928451896,0.9990363121032715
s24,29,0,0.9992886781692505,0.0007112448802217841
s24,30,0,0.954680323600769,0.04531963914632797
s24,31,1,0.9421140551567078,0.05788596346974373
s24,32,1,0.986513078212738,0.013486890122294426
s24,33,1,0.992461621761322,0.007538341451436281
s24,34,0,0.005938217509537935,0.9940617680549622
s24,35,1,0.008379044011235237,0.9916210174560547
s24,36,0,0.1441069096326828,0.855893075466156
s24,37,1,0.9998615980148315,0.0001383573398925364
s24,38,1,0.2372736781835556,0.762726366519928
s24,39,0,0.9832200407981873,0.016780013218522072
s24,40,1,0.06632596999406815,0.9336739778518677
s24,41,1,0.9862544536590576,0.013745591975748539
s24,42,0,0.9796017408370972,0.02039824239909649
s24,43,1,0.8403558135032654,0.15964417159557343
s24,44,0,0.9626904129981995,0.03730962797999382
s24,45,1,0.09136199206113815,0.9086380004882812
s24,46,1,0.6237292289733887,0.37627074122428894
s24,47,1,0.9996217489242554,0.00037823207094334066
s24,48,0,0.9440847039222717,0.055915310978889465
s24,49,0,0.9970605969429016,0.002939339494332671
s25,0,1,0.007132482714951038,0.9928675889968872
s25,1,0,6.575632141903043e-05,0.999934196472168
s25,2,1,0.9966816306114197,0.003318340750411153
s25,3,1,0.6559399962425232,0.3440600037574768
s25,4,0,0.6642208695411682,0.3357791304588318
s25,5,0,4.850903496844694e-05,0.9999514818191528
s25,6,1,0.30571016669273376,0.6942898035049438
s25,7,0,0.3594062328338623,0.6405938267707825
s25,8,1,0.07646524161100388,0.9235346913337708
s25,9,1,0.006680385209619999,0.9933196306228638
s25,10,0,0.030404554679989815,0.9695954322814941
s25,11,1,1.2483360478654504e-05,0.9999874830245972
s25,12,0,0.9999371767044067,6.287151336437091e-05
s25,13,1,0.7605359554290771,0.23946407437324524
s25,14,0,0.9999995231628418,4.77490175398998e-07
s25,15,1,0.03568132594227791,0.9643186330795288
s25,16,0,0.7203461527824402,0.2796539068222046
s25,17,1,0.940133273601532,0.05986671522259712
s25,18,1,0.9539780020713806,0.04602201282978058
s25,19,1,2.0455905413996334e-08,1.0
s25,20,1,0.996850311756134,0.0031497380696237087
s25,21,0,0.385145366191864,0.614854633808136
s25,22,1,1.9611997004176374e-07,0.9999997615814209
s25,23,0,0.028383417055010796,0.9716165661811829
s25,24,0,0.0005948012694716454,0.9994051456451416
s25,25,1,0.0005193929537199438,0.999480664730072
s25,26,1,0.001745410612784326,0.9982545971870422
s25,27,1,0.6316438317298889,0.3683561682701111
s25,28,0,5.546390457311645e-05,0.9999445676803589
s25,29,1,0.999359667301178,0.0006403383449651301
s25,30,1,0.0004928645212203264,0.9995071887969971
s25,31,1,0.0014244220219552517,0.9985755681991577
s25,32,0,0.0005518547259271145,0.9994481205940247
s25,33,0,0.0009207148686982691,0.9990792274475098
s25,34,1,0.9953065514564514,0.004693444352596998
s25,35,0,0.8647586703300476,0.13524135947227478
s25,36,0,0.9348658919334412,0.06513409316539764
s25,37,0,0.9205743074417114,0.07942567765712738
s25,38,1,0.9930000305175781,0.006999926175922155
s25,39,0,0.9994773268699646,0.0005226547946222126
s25,40,0,0.16554319858551025,0.8344568014144897
s25,41,0,0.0034481154289096594,0.9965518712997437
s25,42,0,0.9912920594215393,0.00870787724852562
s25,43,0,0.8823592662811279,0.11764077097177505
s25,44,1,4.12741101172287e-05,0.9999587535858154
s25,45,1,3.069219474127749e-06,0.9999969005584717
s25,46,1,0.9995977282524109,0.0004022955254185945
s25,47,1,0.9167322516441345,0.08326775580644608
s25,48,0,0.13613389432430267,0.8638660907745361
s25,49,0,0.8414459824562073,0.1585540622472763
s26,0,0,6.409177331079263e-06,0.9999935626983643
s26,1,0,0.9999966621398926,3.2788027510832762e-06
s26,2,0,0.8495678901672363,0.1504320502281189
s26,3,1,0.047624532133340836,0.9523754715919495
s26,4,1,0.12983623147010803,0.8701637983322144
s26,5,1,0.0006159289623610675,0.9993840456008911
s26,6,1,2.6876103220274672e-05,0.9999731779098511
s26,7,1,0.0007478341576643288,0.9992521405220032
s26,8,1,0.9811985492706299,0.018801426514983177
s26,9,1,0.9976670742034912,0.0023328997194767
s26,10,1,2.9465015813912032e-06,0.9999970197677612
s26,11,0,0.005123816430568695,0.9948762059211731
s26,12,0,0.9999916553497314,8.359190360351931e-06
s26,13,1,5.399522706284188e-05,0.9999459981918335
s26,14,1,0.00010080518404720351,0.99989914894104
s26,15,1,9.773805504664779e-05,0.9999022483825684
s26,16,1,8.746829553274438e-05,0.9999125003814697
s26,17,1,0.9998773336410522,0.00012262837844900787
s26,18,1,0.0007917775074020028,0.9992082715034485
s26,19,0,0.22399641573429108,0.7760035991668701
s26,20,0,0.9999994039535522,5.804227498629189e-07
s26,21,1,0.711272120475769,0.28872790932655334
s26,22,1,0.00014852431195322424,0.9998514652252197
s26,23,1,0.9999762773513794,2.3675529519096017e-05
s26,24,0,0.9865940809249878,0.013405859470367432
s26,25,1,0.3216106593608856,0.678389310836792
s26,26,1,0.00014429989096242934,0.999855637550354
s26,27,0,0.9997604489326477,0.0002395143819740042
s26,28,0,0.30931660532951355,0.6906833648681641
s26,29,0,6.866498551971745e-07,0.9999992847442627
s26,30,0,0.9999991655349731,8.079562121565687e-07
s26,31,0,0.012119301594793797,0.9878807067871094
s26,32,0,1.0187237421632744e-05,0.9999898672103882
s26,33,0,0.9972067475318909,0.002793183783069253
s26,34,0,0.004472718574106693,0.9955273270606995
s26,35,0,0.9660806655883789,0.03391936421394348
s26,36,1,4.534245817922056e-06,0.9999954700469971
s26,37,0,0.9994301199913025,0.0005698809982277453
s26,38,0,0.9999315738677979,6.847535405540839e-05
s26,39,0,0.9984252452850342,0.0015748103614896536
s26,40,0,0.9137672185897827,0.08623272180557251
s26,41,1,0.0030481114517897367,0.9969518184661865
s26,42,1,0.003725209040567279,0.9962748289108276
s26,43,0,0.00029790191911160946,0.9997020363807678
s26,44,0,0.35981485247612,0.6401851773262024
s26,45,1,0.9963904023170471,0.003609533654525876
s26,46,1,0.11304358392953873,0.8869563341140747
s26,47,0,0.0013243777211755514,0.9986756443977356
s26,48,0,0.9999130964279175,8.685721695655957e-05
s26,49,1,0.00024035920796450227,0.9997596144676208
s27,0,1,0.8909164071083069,0.10908357799053192
s27,1,0,0.06490017473697662,0.9350998997688293
s27,2,1,0.8719797134399414,0.1280202865600586
s27,3,1,0.013874642550945282,0.9861252903938293
s27,4,0,0.9103682041168213,0.08963179588317871
s27,5,1,0.9864888787269592,0.013511095196008682
s27,6,0,0.914569079875946,0.08543090522289276
s27,7,0,0.9980911612510681,0.0019088065018877387
s27,8,0,0.0002812387247104198,0.9997187256813049
s27,9,0,0.9999711513519287,2.88322517008055e-05
s27,10,1,0.0009185313829220831,0.9990814924240112
s27,11,0,0.9875167012214661,0.012483321130275726
s27,12,0,0.0024803578853607178,0.9975196719169617
s27,13,0,0.9850510358810425,0.014948967844247818
s27,14,0,0.9914371371269226,0.00856291688978672
s27,15,1,0.9999924898147583,7.569686658825958e-06
s27,16,1,0.001089082332327962,0.9989109039306641
s27,17,1,0.095488540828228,0.9045115113258362
s27,18,1,0.9787400960922241,0.02125992439687252
s27,19,1,0.9925537705421448,0.007446222472935915
s27,20,1,0.008932369761168957,0.9910677075386047
s27,21,1,0.9988254904747009,0.0011744714574888349
s27,22,0,0.9924968481063843,0.007503227796405554
s27,23,1,0.27049028873443604,0.7295097708702087
s27,24,0,4.318400169722736e-05,0.9999568462371826
s27,25,1,0.9936946034431458,0.006305401213467121
s27,26,1,0.3214746415615082,0.6785253882408142
s27,27,0,0.9739966988563538,0.026003282517194748
s27,28,0,0.3656526207923889,0.6343473196029663
s27,29,1,0.9927181005477905,0.007281904574483633
s27,30,1,2.4840173864504322e-05,0.9999752044677734
s27,31,0,0.46758735179901123,0.532412588596344
s27,32,0,0.9999836683273315,1.6355244952137582e-05
s27,33,0,0.9999154806137085,8.450765744782984e-05
s27,34,1,0.40837082266807556,0.591629147529602
s27,35,0,0.9734249114990234,0.02657504193484783
s27,36,0,0.9869862198829651,0.013013831339776516
s27,37,1,4.698682460002601e-06,0.9999953508377075
s27,38,0,0.9980249404907227,0.001975025748834014
s27,39,1,0.9856917262077332,0.014308340847492218
s27,40,1,0.0004450024280231446,0.9995549321174622
s27,41,0,0.012973415665328503,0.9870266318321228
s27,42,1,0.012055971659719944,0.9879440069198608
s27,43,1,0.9999228715896606,7.707125041633844e-05
s27,44,0,0.09121614694595337,0.9087837934494019
s27,45,1,0.16366618871688843,0.8363338112831116
s27,46,0,2.5810828446992673e-05,0.9999741315841675
s27,47,1,6.563415809068829e-05,0.9999343156814575
s27,48,0,0.9761605262756348,0.02383951097726822
s27,49,1,0.9993859529495239,0.0006140823825262487
s28,0,0,0.00012404991139192134,0.9998759031295776
s28,1,0,0.0406075082719326,0.9593925476074219
s28,2,0,0.9813038110733032,0.018696129322052002
s28,3,0,0.9996743202209473,0.0003257201751694083
s28,4,1,0.00027101481100544333,0.9997289776802063
s28,5,1,6.080121602280997e-05,0.9999392032623291
s28,6,0,0.9998190999031067,0.00018091332458425313
s28,7,1,0.03998170793056488,0.9600182771682739
s28,8,0,0.9974358677864075,0.00256417877972126
s28,9,1,0.09856047481298447,0.9014395475387573
s28,10,1,1.632507519389037e-05,0.9999836683273315
s28,11,0,0.0010803845943883061,0.9989196062088013
s28,12,1,7.590830500703305e-05,0.9999240636825562
s28,13,1,2.607154965517111e-05,0.9999738931655884
s28,14,0,0.003568478859961033,0.9964314699172974
s28,15,1,1.664637056819629e-05,0.9999833106994629
s28,16,1,4.668466317525599e-06,0.9999953508377075
s28,17,1,4.153710960963508e-06,0.9999958276748657
s28,18,0,0.9299654960632324,0.07003450393676758
s28,19,1,0.800727367401123,0.19927263259887695
s28,20,1,0.9998674392700195,0.00013250108167994767
s28,21,0,0.9992606043815613,0.0007394148269668221
s28,22,0,0.9999685287475586,3.150948396068998e-05
s28,23,1,0.2920648157596588,0.7079351544380188
s28,24,0,0.05795801430940628,0.9420419931411743
s28,25,1,1.2417653124430217e-05,0.9999876022338867
s28,26,1,0.012128421105444431,0.987871527671814
s28,27,1,0.4436309039592743,0.5563690662384033
s28,28,0,0.007394448388367891,0.9926055669784546
s28,29,1,0.6531720757484436,0.346827894449234
s28,30,0,0.0012713392497971654,0.9987286925315857
s28,31,0,0.9998946189880371,0.00010536424815654755
s28,32,1,0.08818185329437256,0.9118180871009827
s28,33,0,0.0003147372917737812,0.9996852874755859
s28,34,1,2.7266289635008434e-06,0.9999972581863403
s28,35,1,0.9991256594657898,0.0008743889629840851
s28,36,0,0.9987667798995972,0.0012332064798101783
s28,37,0,0.0016879659378901124,0.9983119964599609
s28,38,0,0.9994875192642212,0.0005124913877807558
s28,39,1,0.04257781431078911,0.9574221968650818
s28,40,0,0.9782106280326843,0.02178937755525112
s28,41,0,0.3648962378501892,0.6351037621498108
s28,42,1,0.60541170835495,0.3945882320404053
s28,43,0,0.9759021401405334,0.02409786358475685
s28,44,0,0.0005676202126778662,0.999432384967804
s28,45,1,0.9219287037849426,0.07807134091854095
s28,46,0,0.962056040763855,0.03794398531317711
s28,47,1,0.998714804649353,0.001285230158828199
s28,48,0,1.7323776773991995e-05,0.9999827146530151
s28,49,1,0.19377519190311432,0.8062248229980469
s29,0,0,0.9446863532066345,0.055313590914011
s29,1,0,0.9997614026069641,0.00023863883689045906
s29,2,1,0.9371973276138306,0.06280265003442764
s29,3,0,0.1942855268716812,0.80571448802948
s29,4,1,0.036241475492715836,0.9637585282325745
s29,5,0,0.9007427096366882,0.09925732761621475
s29,6,1,0.4277538061141968,0.572246253490448
s29,7,1,0.25227004289627075,0.747730016708374
s29,8,1,0.7454809546470642,0.254518985748291
s29,9,0,0.21525295078754425,0.7847470641136169
s29,10,1,0.8838833570480347,0.11611669510602951
s29,11,1,0.17818942666053772,0.8218106031417847
s29,12,0,0.00012245499237906188,0.9998775720596313
s29,13,1,0.4330494701862335,0.5669505596160889
s29,14,1,0.001968725584447384,0.9980313181877136
s29,15,1,0.8634881973266602,0.13651184737682343
s29,16,1,0.977922797203064,0.022077245637774467
s29,17,0,0.8917665481567383,0.1082335039973259
s29,18,0,0.004896747879683971,0.9951032400131226
s29,19,0,0.000564485031645745,0.9994354844093323
s29,20,1,0.001603234326466918,0.9983968138694763
s29,21,0,0.0032508019357919693,0.9967491626739502
s29,22,1,0.07432769984006882,0.9256722927093506
s29,23,0,0.9902837872505188,0.009716158732771873
s29,24,1,1.2237080227350816e-05,0.9999877214431763
s29,25,0,0.9989878535270691,0.0010121684754267335
s29,26,0,0.998140811920166,0.0018591921543702483
s29,27,0,0.7786612510681152,0.22133870422840118
s29,28,1,0.006389810238033533,0.9936102032661438
s29,29,0,0.6091551780700684,0.39084485173225403
s29,30,0,0.9946808218955994,0.005319214891642332
s29,31,1,0.149408221244812,0.8505918383598328
s29,32,1,0.028134532272815704,0.9718654751777649
s29,33,0,0.0012579263420775533,0.9987420439720154
s29,34,0,0.9996746778488159,0.00032536822254769504
s29,35,0,0.001931935315951705,0.9980680346488953
s29,36,0,0.33639198541641235,0.6636080145835876
s29,37,1,0.022680135443806648,0.9773198366165161
s29,38,0,0.6655436754226685,0.33445629477500916
s29,39,0,0.9994590878486633,0.0005409535369835794
s29,40,0,0.593044102191925,0.4069558382034302
s29,41,1,0.00011590541544137523,0.9998841285705566
s29,42,0,0.03383391350507736,0.9661661386489868
s29,43,1,0.03526105359196663,0.9647389650344849
s29,44,1,0.0013874949654564261,0.9986125230789185
s29,45,1,0.00013589425361715257,0.9998641014099121
s29,46,1,0.02888190932571888,0.9711180329322815
s29,47,1,0.29796886444091797,0.702031135559082
s29,48,1,0.6785146594047546,0.3214852809906006
s29,49,1,0.0002786564582493156,0.999721348285675
s30,0,1,0.999997615814209,2.411381501588039e-06
s30,1,0,0.6539773941040039,0.3460226058959961
s30,2,1,0.0005424754926934838,0.9994575381278992
s30,3,0,5.933996362728067e-05,0.9999406337738037
s30,4,0,0.9999161958694458,8.379187784157693e-05
s30,5,1,0.6385284662246704,0.361471563577652
s30,6,0,0.9994776844978333,0.0005222892505116761
s30,7,1,0.058589596301317215,0.9414104223251343
s30,8,1,0.9976589679718018,0.0023410366848111153
s30,9,0,0.9999966621398926,3.313638671897934e-06
s30,10,1,0.0015907797496765852,0.9984092116355896
s30,11,0,0.0029436538461595774,0.9970563650131226
s30,12,1,0.9999624490737915,3.753372220671736e-05
s30,13,1,0.0009235211182385683,0.9990764856338501
s30,14,1,6.14361633779481e-05,0.9999386072158813
s30,15,0,0.00560275511816144,0.9943972826004028
s30,16,0,0.9999790191650391,2.1034466044511646e-05
s30,17,1,0.9855411648750305,0.01445884257555008
s30,18,0,0.349049836397171,0.6509501934051514
s30,19,0,0.05812835320830345,0.9418715834617615
s30,20,1,0.6188375353813171,0.38116249442100525
s30,21,1,0.9999921321868896,7.828815796528943e-06
s30,22,0,0.08086255937814713,0.9191374182701111
s30,23,0,0.001543708029203117,0.9984562397003174
s30,24,0,0.9772640466690063,0.022735876962542534
s30,25,0,0.9992893934249878,0.0007105298573151231
s30,26,1,0.25489985942840576,0.7451000809669495
s30,27,0,0.9991676807403564,0.0008323073270730674
s30,28,0,0.9965267777442932,0.0034731600899249315
s30,29,0,0.997619092464447,0.002380860736593604
s30,30,1,0.2208586484193802,0.7791413068771362
s30,31,1,0.9959904551506042,0.004009600728750229
s30,32,1,0.9936962723731995,0.006303698290139437
s30,33,1,0.99983811378479,0.0001618915266590193
s30,34,0,0.019762488082051277,0.9802375435829163
s30,35,1,0.5244201421737671,0.4755798578262329
s30,36,0,0.0018586268415674567,0.9981414079666138
s30,37,1,0.6261290907859802,0.37387093901634216
s30,38,0,0.006439948454499245,0.9935600757598877
s30,39,0,0.06232674792408943,0.9376732707023621
s30,40,0,0.99998939037323,1.0638664207363036e-05
s30,41,1,0.9995042085647583,0.0004957910859957337
s30,42,0,0.02812463790178299,0.9718753695487976
s30,43,0,0.9549878835678101,0.04501204565167427
s30,44,1,0.0008883608970791101,0.9991115927696228
s30,45,0,0.9991150498390198,0.0008849807200022042
s30,46,1,0.9861314296722412,0.013868591748178005
s30,47,1,0.7628126740455627,0.23718735575675964
s30,48,1,0.999940037727356,5.99947597947903e-05
s30,49,1,0.7332239151000977,0.26677605509757996
s31,0,0,0.022348696365952492,0.9776512980461121
s31,1,0,0.001382221351377666,0.9986177682876587
s31,2,1,0.015203535556793213,0.9847965240478516
s31,3,1,4.1962288378272206e-05,0.9999580383300781
s31,4,0,0.001021170406602323,0.998978853225708
s31,5,1,0.002452203305438161,0.9975478053092957
s31,6,1,0.001321775489486754,0.9986781477928162
s31,7,0,0.16438280045986176,0.835617184638977
s31,8,1,0.9828663468360901,0.017133597284555435
s31,9,1,0.08986067026853561,0.9101393818855286
s31,10,0,0.0007707234472036362,0.9992293119430542
s31,11,0,4.1942887037293985e-05,0.9999580383300781
s31,12,0,0.014782401733100414,0.9852176308631897
s31,13,0,0.9944478273391724,0.005552204325795174
s31,14,1,0.00025817719870246947,0.9997418522834778
s31,15,1,2.906350346165709e-06,0.9999971389770508
s31,16,0,0.009415999986231327,0.9905840158462524
s31,17,1,0.999671220779419,0.00032883562380447984
s31,18,1,4.830080797546543e-06,0.9999951124191284
s31,19,1,0.1479484736919403,0.8520514965057373
s31,20,0,0.18894466757774353,0.8110553026199341
s31,21,1,4.3477506551425904e-05,0.999956488609314
s31,22,1,0.9989238381385803,0.0010761187877506018
s31,23,1,0.6424991488456726,0.3575008809566498
s31,24,0,0.9962944388389587,0.003705498995259404
s31,25,0,3.693659209602629e-06,0.9999963045120239
s31,26,0,0.05827517434954643,0.9417248368263245
s31,27,1,0.00029985554283484817,0.9997001886367798
s31,28,0,0.9546899795532227,0.045310039073228836
s31,29,1,0.5474936366081238,0.4525063931941986
s31,30,1,0.03584828972816467,0.9641517400741577
s31,31,1,0.8550889492034912,0.1449110358953476
s31,32,1,0.4907305836677551,0.5092694163322449
s31,33,1,2.42248825088609e-05,0.9999758005142212
s31,34,0,0.5744757056236267,0.4255242645740509
s31,35,0,0.00012992425763513893,0.9998700618743896
s31,36,0,0.9998652935028076,0.00013467969256453216
s31,37,1,1.1678281225613318e-05,0.999988317489624
s31,38,0,0.009183414280414581,0.990816593170166
s31,39,0,8.31532759093534e-07,0.9999991655349731
s31,40,1,0.0002597759594209492,0.9997401833534241
s31,41,0,0.046271421015262604,0.9537285566329956
s31,42,1,4.73258551210165e-05,0.9999526739120483
s31,43,0,3.124556678812951e-05,0.9999687671661377
s31,44,0,0.00497462647035718,0.9950253367424011
s31,45,0,0.3119999170303345,0.6880000829696655
s31,46,1,0.03698844462633133,0.9630115628242493
s31,47,0,0.9999970197677612,2.9360921871557366e-06
s31,48,0,0.42040595412254333,0.5795940160751343
s31,49,0,5.17061096161342e-07,0.9999995231628418
s32,0,1,0.996845543384552,0.003154370468109846
s32,1,0,0.09785539656877518,0.9021446108818054
s32,2,1,0.0755193680524826,0.924480676651001
s32,3,1,0.0014989074552431703,0.9985010623931885
s32,4,0,0.9672600030899048,0.03273993730545044
s32,5,0,0.6209529042243958,0.37904712557792664
s32,6,0,0.6870424151420593,0.3129575550556183
s32,7,1,0.03467794880270958,0.9653220176696777
s32,8,1,0.0033258055336773396,0.9966741800308228
s32,9,1,0.039373498409986496,0.9606264233589172
s32,10,0,0.3067781329154968,0.6932218074798584
s32,11,1,0.9868651032447815,0.013134949840605259
s32,12,0,0.5081911087036133,0.4918089210987091
s32,13,1,0.980199933052063,0.019800081849098206
s32,14,0,0.00012683823297265917,0.999873161315918
s32,15,0,0.9822254180908203,0.017774568870663643
s32,16,1,0.9997685551643372,0.0002315049059689045
s32,17,0,0.09074969589710236,0.9092503190040588
s32,18,0,0.4500024914741516,0.5499975085258484
s32,19,0,0.046927403658628464,0.9530726671218872
s32,20,1,0.11587383598089218,0.8841261863708496
s32,21,1,0.9932287931442261,0.006771129556000233
s32,22,1,0.12867523729801178,0.8713247776031494
s32,23,1,0.15865930914878845,0.8413406610488892
s32,24,0,0.673953115940094,0.3260469138622284
s32,25,1,0.0017319906037300825,0.9982680082321167
s32,26,0,0.4736853241920471,0.5263147354125977
s32,27,0,0.9214218854904175,0.07857813686132431
s32,28,0,0.16874685883522034,0.831253170967102
s32,29,1,6.495435809483752e-05,0.9999350309371948
s32,30,0,0.93503338098526,0.06496662646532059
s32,31,0,0.025035668164491653,0.9749643802642822
s32,32,0,0.21523736417293549,0.7847626209259033
s32,33,0,0.9911600947380066,0.008839907124638557
s32,34,1,0.7404018640518188,0.25959810614585876
s32,35,1,0.013917939737439156,0.9860820770263672
s32,36,0,0.6805667281150818,0.31943321228027344
s32,37,0,0.00929207168519497,0.9907078742980957
s32,38,0,0.3810034394264221,0.6189965605735779
s32,39,0,0.9577886462211609,0.04221136122941971
s32,40,0,0.0782526358962059,0.9217473864555359
s32,41,1,0.9993732571601868,0.0006267694989219308
s32,42,1,0.6270549893379211,0.37294501066207886
s32,43,0,0.43546947836875916,0.5645304918289185
s32,44,0,0.9999319314956665,6.802600546507165e-05
s32,45,1,0.02928408980369568,0.9707158803939819
s32,46,1,0.4064273536205292,0.5935726165771484
s32,47,1,0.39030465483665466,0.609695315361023
s32,48,1,0.958704948425293,0.04129501059651375
s32,49,1,0.3256645202636719,0.6743354797363281
s33,0,0,0.00011625098704826087,0.999883770942688
s33,1,1,2.2323285975289764e-07,0.9999997615814209
s33,2,1,0.0013148223515599966,0.9986851811408997
s33,3,0,1.2082693956472212e-07,0.9999998807907104
s33,4,1,0.6276203393936157,0.37237969040870667
s33,5,1,0.00012016077380394563,0.9998798370361328
s33,6,1,3.794262374867685e-05,0.9999620914459229
s33,7,1,4.780893618772097e-07,0.9999995231628418
s33,8,0,0.998478353023529,0.0015216280007734895
s33,9,0,0.024349065497517586,0.97565096616745
s33,10,1,1.6257075913017616e-05,0.9999837875366211
s33,11,1,0.005990535020828247,0.9940094947814941
s33,12,0,2.147271693786479e-08,1.0
s33,13,1,2.650700707818032e-07,0.9999997615814209
s33,14,0,0.054085079580545425,0.9459149241447449
s33,15,1,0.9891904592514038,0.010809551924467087
s33,16,1,2.333848492241941e-08,1.0
s33,17,1,5.833394425280858e-06,0.999994158744812
s33,18,0,0.932708203792572,0.06729179620742798
s33,19,0,1.0144917723664548e-06,0.999998927116394
s33,20,1,6.0107990975666326e-06,0.9999940395355225
s33,21,0,3.1455877547159616e-07,0.9999996423721313
s33,22,1,8.667006477480754e-05,0.9999133348464966
s33,23,0,3.880531096456252e-08,1.0
s33,24,0,0.00745721161365509,0.9925427436828613
s33,25,1,2.7594859730584176e-09,1.0
s33,26,0,3.058681613765657e-05,0.9999693632125854
s33,27,0,0.010155129246413708,0.9898449182510376
s33,28,0,1.8010174244409427e-05,0.9999819993972778
s33,29,1,1.9003095076186582e-05,0.9999810457229614
s33,30,1,0.9999984502792358,1.593485080775281e-06
s33,31,1,0.40372443199157715,0.5962755680084229
s33,32,0,1.1555381433936418e-06,0.9999988079071045
s33,33,0,6.88349173287861e-05,0.9999312162399292
s33,34,1,1.1550215006650433e-08,1.0
s33,35,0,0.979884147644043,0.020115870982408524
s33,36,0,0.030694954097270966,0.9693050384521484
s33,37,1,0.3261825442314148,0.6738174557685852
s33,38,0,1.1878247278218623e-05,0.9999880790710449
s33,39,1,0.0006535168504342437,0.9993464350700378
s33,40,0,0.012815096415579319,0.9871849417686462
s33,41,1,0.007310500834137201,0.9926894307136536
s33,42,0,0.001941509312018752,0.9980584979057312
s33,43,1,1.0480166565685067e-06,0.999998927116394
s33,44,0,0.9999724626541138,2.756998219410889e-05
s33,45,0,0.0005198357976041734,0.9994801878929138
s33,46,1,0.732715368270874,0.2672846019268036
s33,47,1,0.9850009679794312,0.014999044127762318
s33,48,0,0.286471426486969,0.7135285139083862
s33,49,0,2.594539864730905e-06,0.9999973773956299
s34,0,1,7.502164862671634e-07,0.9999992847442627
s34,1,0,0.9999179840087891,8.205403719330207e-05
s34,2,0,0.9999603033065796,3.964580537285656e-05
s34,3,0,0.9999996423721313,3.024199486389989e-07
s34,4,1,7.038678450044245e-05,0.999929666519165
s34,5,0,4.071403338912205e-07,0.9999996423721313
s34,6,1,5.100947873870609e-06,0.9999948740005493
s34,7,0,0.9999569654464722,4.307246126700193e-05
s34,8,1,0.9994588494300842,0.0005411980673670769
s34,9,0,0.9995321035385132,0.00046797000686638057
s34,10,0,0.9998047947883606,0.0001952793973032385
s34,11,1,0.9993316531181335,0.000668271619360894
s34,12,1,0.0006705958512611687,0.9993294477462769
s34,13,1,1.4235822618502425e-06,0.9999985694885254
s34,14,1,0.9352378249168396,0.0647621676325798
s34,15,1,0.5475226044654846,0.4524773955345154
s34,16,1,0.0002485917357262224,0.9997513890266418
s34,17,1,2.79731466434896e-07,0.9999997615814209
s34,18,0,0.006414548959583044,0.9935854077339172
s34,19,1,2.3667793058734787e-08,1.0
s34,20,0,0.9998470544815063,0.0001529448345536366
s34,21,0,0.000171686609974131,0.9998283386230469
s34,22,0,0.9999370574951172,6.295771891018376e-05
s34,23,1,0.008173895999789238,0.991826057434082
s34,24,0,0.7042850255966187,0.2957149147987366
s34,25,0,0.0008461422985419631,0.9991538524627686
s34,26,1,0.9674143195152283,0.032585762441158295
s34,27,1,0.004395692143589258,0.9956042766571045
s34,28,1,0.0006267228163778782,0.9993732571601868
s34,29,0,0.9361073970794678,0.06389264017343521
s34,30,0,0.7981268167495728,0.20187316834926605
s34,31,1,0.011094650253653526,0.9889053106307983
s34,32,0,0.9991268515586853,0.0008731188718229532
s34,33,1,0.9999988079071045,1.1777526651712833e-06
s34,34,1,1.4164022559270961e-06,0.9999985694885254
s34,35,1,5.255195446807193e-06,0.9999947547912598
s34,36,1,0.9999969005584717,3.0444778076343937e-06
s34,37,0,0.9997982382774353,0.00020182748266961426
s34,38,0,2.0488532754825428e-05,0.9999794960021973
s34,39,0,0.998877227306366,0.00112275336869061
s34,40,1,0.011423087678849697,0.9885769486427307
s34,41,0,0.9221513271331787,0.0778486579656601
s34,42,0,5.6950157159008086e-06,0.9999942779541016
s34,43,0,0.9999711513519287,2.881205000448972e-05
s34,44,0,1.2196060197311454e-06,0.9999988079071045
s34,45,0,0.007484416011720896,0.9925156235694885
s34,46,0,0.9998075366020203,0.00019248243188485503
s34,47,1,0.002838919637724757,0.9971611499786377
s34,48,1,0.005819021724164486,0.9941809773445129
s34,49,1,0.9999891519546509,1.0812815162353218e-05
s35,0,0,0.999990701675415,9.309082088293508e-06
s35,1,0,0.9986404776573181,0.0013594874180853367
s35,2,1,2.148965904780198e-05,0.9999785423278809
s35,3,1,0.9995469450950623,0.0004530559235718101
s35,4,1,0.990054726600647,0.009945240803062916
s35,5,0,0.9838986992835999,0.016101285815238953
s35,6,1,3.419425411266275e-05,0.9999657869338989
s35,7,1,3.2310992537532e-05,0.9999676942825317
s35,8,1,4.342608372098766e-05,0.9999566078186035
s35,9,1,0.0005912833148613572,0.9994087219238281
s35,10,0,0.0019861222244799137,0.9980138540267944
s35,11,0,0.9987097978591919,0.0012902478920295835
s35,12,0,0.9999823570251465,1.761594285198953e-05
s35,13,1,0.9625914096832275,0.03740854933857918
s35,14,0,0.9996473789215088,0.00035260626464150846
s35,15,1,1.1343026017129887e-05,0.9999886751174927
s35,16,1,1.5106037608347833e-05,0.999984860420227
s35,17,0,0.9999948740005493,5.156579845788656e-06
s35,18,0,0.9999830722808838,1.6927384422160685e-05
s35,19,1,3.482013926259242e-05,0.9999651908874512
s35,20,1,4.259109846316278e-05,0.9999574422836304
s35,21,0,0.9999966621398926,3.3388002975698328e-06
s35,22,1,1.8382872440270148e-05,0.9999816417694092
s35,23,0,0.9994126558303833,0.0005873072659596801
s35,24,1,6.005670456943335e-06,0.9999940395355225
s35,25,1,0.9735577702522278,0.026442233473062515
s35,26,0,0.9048457741737366,0.09515425562858582
s35,27,1,9.887269698083401e-05,0.9999011754989624
s35,28,0,0.9999996423721313,3.2594098797744664e-07
s35,29,1,7.12162145646289e-05,0.9999288320541382
s35,30,1,0.0001136124919867143,0.9998863935470581
s35,31,0,0.9999878406524658,1.2116382094973233e-05
s35,32,0,0.9999972581863403,2.752192131083575e-06
s35,33,0,0.9987806677818298,0.0012193741276860237
s35,34,0,0.9999988079071045,1.1385336620151065e-06
s35,35,0,0.9995123147964478,0.00048773695016279817
s35,36,1,6.791238411096856e-05,0.999932050704956
s35,37,0,0.996418833732605,0.003581188851967454
s35,38,1,1.0179574928770307e-05,0.9999898672103882
s35,39,0,0.9999996423721313,4.0367467590840533e-07
s35,40,1,0.0015394797082990408,0.9984605312347412
s35,41,0,0.9999711513519287,2.8872727853013203e-05
s35,42,1,9.974168278858997e-06,0.9999899864196777
s35,43,0,0.9999872446060181,1.2776881703757681e-05
s35,44,1,4.118902779737255e-06,0.9999958276748657
s35,45,1,3.703445690916851e-05,0.9999629259109497
s35,46,1,0.002832057187333703,0.9971680045127869
s35,47,0,0.9933950304985046,0.0066049532033503056
s35,48,0,0.9999972581863403,2.694079057619092e-06
s35,49,0,0.9999996423721313,4.112993678972998e-07
s36,0,1,2.0165547539363615e-05,0.9999798536300659
s36,1,0,0.9998117089271545,0.00018836898379959166
s36,2,1,4.7230634663719684e-05,0.9999527931213379
s36,3,1,8.320006905648825e-09,1.0
s36,4,0,1.0,5.551629822519999e-09
s36,5,0,0.7969557046890259,0.20304429531097412
s36,6,0,0.9829923510551453,0.017007680609822273
s36,7,0,0.9546909928321838,0.045308977365493774
s36,8,0,0.9999997615814209,1.8425117787046474e-07
s36,9,1,0.0029509610030800104,0.9970490336418152
s36,10,0,0.9999971389770508,2.8372330689308e-06
s36,11,1,0.7384098172187805,0.26159021258354187
s36,12,1,1.1817086864596149e-08,1.0
s36,13,0,0.6677267551422119,0.3322732150554657
s36,14,1,0.41867733001708984,0.5813226699829102
s36,15,1,0.0005140799330547452,0.9994858503341675
s36,16,0,0.9953957200050354,0.004604241345077753
s36,17,1,3.995534996192873e-07,0.9999996423721313
s36,18,0,0.9987339377403259,0.0012661019572988153
s36,19,1,0.02435552515089512,0.9756445288658142
s36,20,0,0.9999706745147705,2.928694993897807e-05
s36,21,1,0.8370795845985413,0.16292038559913635
s36,22,0,0.9999613761901855,3.8573049096157774e-05
s36,23,0,0.0038765324279665947,0.9961234927177429
s36,24,1,0.000882383028510958,0.9991175532341003
s36,25,0,0.9996534585952759,0.00034654882620088756
s36,26,1,0.44473153352737427,0.5552684664726257
s36,27,0,0.9991903901100159,0.000809557968750596
s36,28,1,0.5310075283050537,0.46899253129959106
s36,29,0,0.736149787902832,0.2638501822948456
s36,30,1,0.999357283115387,0.0006427054177038372
s36,31,1,0.9624152779579163,0.03758466616272926
s36,32,0,0.9617971181869507,0.03820290043950081
s36,33,0,0.9974448680877686,0.002555118640884757
s36,34,0,0.30216073989868164,0.6978392004966736
s36,35,0,1.0,9.873126760595596e-10
s36,36,0,0.8554745316505432,0.1445254385471344
s36,37,1,0.9288831353187561,0.07111680507659912
s36,38,0,0.9999992847442627,7.476045311705093e-07
s36,39,0,0.9999974966049194,2.4827452307363274e-06
s36,40,1,0.005054115317761898,0.9949459433555603
s36,41,1,9.234802367252826e-10,1.0
s36,42,1,0.01035602018237114,0.989643931388855
s36,43,0,0.9976131916046143,0.0023867858108133078
s36,44,1,0.9986211061477661,0.0013789311051368713
s36,45,1,3.6745997356035787e-09,1.0
s36,46,1,0.994705855846405,0.005294200498610735
s36,47,1,3.67215011465305e-06,0.9999963045120239
s36,48,0,0.9999992847442627,7.357789399975445e-07
s36,49,1,0.9582386612892151,0.0417613610625267
s37,0,0,0.9999974966049194,2.526604248487274e-06
s37,1,0,0.9938310384750366,0.006168954074382782
s37,2,1,0.002665627980604768,0.997334361076355
s37,3,0,0.9999978542327881,2.1386367734521627e-06
s37,4,1,0.0002679774770513177,0.9997319579124451
s37,5,1,0.0008583082817494869,0.9991416931152344
s37,6,0,0.9999997615814209,1.821113784217232e-07
s37,7,1,0.0002829581790138036,0.9997170567512512
s37,8,0,0.9999938011169434,6.1818905123800505e-06
s37,9,0,0.9999936819076538,6.3059751482796855e-06
s37,10,1,0.2632664740085602,0.7367335557937622
s37,11,0,0.9999998807907104,1.4686845872802223e-07
s37,12,1,1.2369052456051577e-05,0.9999876022338867
s37,13,0,0.9998887777328491,0.00011116969835711643
s37,14,0,0.7922004461288452,0.20779959857463837
s37,15,1,0.009778131730854511,0.9902218580245972
s37,16,0,0.9998216032981873,0.00017843132081907243
s37,17,0,0.929521918296814,0.07047808170318604
s37,18,0,0.9999600648880005,3.998361717094667e-05
s37,19,1,4.3807005567941815e-05,0.9999562501907349
s37,20,1,0.0029953839257359505,0.9970045685768127
s37,21,1,0.004151527304202318,0.9958484172821045
s37,22,1,0.0001500557264080271,0.9998499155044556
s37,23,0,0.9964993000030518,0.003500664373859763
s37,24,1,5.960604994470486e-06,0.9999940395355225
s37,25,0,0.9999967813491821,3.2253728932118975e-06
s37,26,0,0.9988786578178406,0.0011213704710826278
s37,27,1,0.00012731930473819375,0.9998726844787598
s37,28,1,0.3467312157154083,0.6532688140869141
s37,29,1,0.027839384973049164,0.9721606373786926
s37,30,1,0.00027648720424622297,0.999723494052887
s37,31,0,0.9999047517776489,9.518272418063134e-05
s37,32,0,0.9998065829277039,0.0001934170286403969
s37,33,1,0.005002505145967007,0.994997501373291
s37,34,0,0.9999935626983643,6.45248746877769e-06
s37,35,1,0.002501811133697629,0.9974982142448425
s37,36,0,0.9999996423721313,3.4307748819628614e-07
s37,37,1,0.25592735409736633,0.7440726161003113
s37,38,1,0.001302615855820477,0.9986974596977234
s37,39,1,0.01072343997657299,0.9892765283584595
s37,40,0,0.7327117323875427,0.2672882378101349
s37,41,1,5.38372887604055e-06,0.9999946355819702
s37,42,1,8.799543866189197e-05,0.9999120235443115
s37,43,0,0.9999992847442627,6.738250135640556e-07
s37,44,1,0.0013190304161980748,0.9986810088157654
s37,45,1,4.811663893633522e-05,0.9999518394470215
s37,46,0,0.9986494183540344,0.0013506526593118906
s37,47,0,0.9999421834945679,5.7757741160457954e-05
s37,48,0,0.9999257326126099,7.429243123624474e-05
s37,49,0,0.9999986886978149,1.361090312457236e-06
s38,0,0,0.004632243420928717,0.9953677654266357
s38,1,1,0.000859218998812139,0.999140739440918
s38,2,0,0.9989392161369324,0.0010607914300635457
s38,3,1,0.7263941168785095,0.2736058533191681
s38,4,0,0.0006268267752602696,0.9993731379508972
s38,5,1,0.00018131140677724034,0.999818742275238
s38,6,1,0.9955856800079346,0.004414333961904049
s38,7,1,4.275631727068685e-05,0.9999572038650513
s38,8,0,0.4563228189945221,0.5436772108078003
s38,9,0,0.9076546430587769,0.09234528988599777
s38,10,0,0.9984177350997925,0.0015822832938283682
s38,11,1,8.048060408327729e-05,0.9999195337295532
s38,12,0,0.00040517307934351265,0.9995948672294617
s38,13,1,0.9989435076713562,0.0010565187549218535
s38,14,1,0.00013937786570750177,0.9998606443405151
s38,15,0,0.9996337890625,0.0003662011295091361
s38,16,0,0.8473227620124817,0.1526772826910019
s38,17,0,0.8955472111701965,0.10445279628038406
s38,18,0,0.998508870601654,0.0014911495381966233
s38,19,1,0.016341280192136765,0.9836587309837341
s38,20,1,0.8514688611030579,0.14853119850158691
s38,21,0,0.9921646118164062,0.007835355587303638
s38,22,0,0.9998226761817932,0.00017738569295033813
s38,23,1,0.9968696236610413,0.0031304089352488518
s38,24,0,0.04697105288505554,0.9530289173126221
s38,25,1,0.00268450565636158,0.9973154664039612
s38,26,0,0.041756149381399155,0.9582437872886658
s38,27,1,0.7520166635513306,0.24798336625099182
s38,28,0,0.013057775795459747,0.9869421720504761
s38,29,1,0.11901639401912689,0.8809836506843567
s38,30,0,0.9990432858467102,0.000956638774368912
s38,31,0,0.825141191482544,0.17485880851745605
s38,32,1,0.9979902505874634,0.0020096965599805117
s38,33,0,0.9990874528884888,0.0009125524666160345
s38,34,1,0.014490575529634953,0.98550945520401
s38,35,1,0.004924751352518797,0.9950752854347229
s38,36,0,0.9913747906684875,0.008625213988125324
s38,37,1,0.6799304485321045,0.3200695216655731
s38,38,0,0.0003277079958934337,0.9996722936630249
s38,39,1,0.15064799785614014,0.8493520021438599
s38,40,0,0.999936580657959,6.340725667541847e-05
s38,41,0,0.9958850741386414,0.004114958457648754
s38,42,1,0.11218265444040298,0.8878173828125
s38,43,0,0.9789023995399475,0.021097641438245773
s38,44,1,0.05228744447231293,0.9477126002311707
s38,45,1,0.9719183444976807,0.028081633150577545
s38,46,0,0.9925559163093567,0.007444058544933796
s38,47,1,0.2628997266292572,0.7371003031730652
s38,48,1,0.024679530411958694,0.9753203988075256
s38,49,0,0.9958896040916443,0.004110400099307299
s39,0,0,0.9999955892562866,4.405219897307688e-06
s39,1,0,0.9999984502792358,1.499488348599698e-06
s39,2,1,4.288883701519808e-06,0.9999957084655762
s39,3,0,0.7879476547241211,0.2120523601770401
s39,4,1,1.3519863273359078e-07,0.9999998807907104
s39,5,0,0.9999996423721313,3.1388663046527654e-07
s39,6,1,6.529229779062007e-08,0.9999998807907104
s39,7,0,0.994268536567688,0.005731408949941397
s39,8,1,1.0595192634355044e-06,0.999998927116394
s39,9,1,3.952052622935298e-07,0.9999996423721313
s39,10,1,4.089457797817886e-05,0.9999591112136841
s39,11,1,5.89249452787044e-07,0.9999994039535522
s39,12,1,5.14552721142536e-06,0.9999948740005493
s39,13,0,0.9999715089797974,2.8494780053733848e-05
s39,14,0,0.9999992847442627,7.309127454391273e-07
s39,15,1,0.001820092904381454,0.9981799125671387
s39,16,0,0.9999876022338867,1.2409674127411563e-05
s39,17,0,0.9709551930427551,0.02904488332569599
s39,18,1,1.3247596086785052e-07,0.9999998807907104
s39,19,1,2.518054884603771e-07,0.9999997615814209
s39,20,0,0.9999997615814209,1.8594811024286173e-07
s39,21,0,0.999981164932251,1.8776083379634656e-05
s39,22,0,0.9951173067092896,0.004882666748017073
s39,23,1,2.6851425900531467e-06,0.9999972581863403
s39,24,0,0.9999598264694214,4.018909021397121e-05
s39,25,1,5.221972514846129e-06,0.9999947547912598
s39,26,1,0.9953536987304688,0.0046462807804346085
s39,27,0,0.9999994039535522,6.031598331901478e-07
s39,28,0,0.9999986886978149,1.3678740060640848e-06
s39,29,1,0.04627072811126709,0.9537292718887329
s39,30,0,0.9999979734420776,2.077722456306219e-06
s39,31,1,6.822882170354205e-08,0.9999998807907104
s39,32,0,0.999998927116394,1.0579946092548198e-06
s39,33,0,0.9999978542327881,2.1622065560222836e-06
s39,34,0,0.9987931251525879,0.0012068345677107573
s39,35,1,5.4184627515496686e-05,0.9999457597732544
s39,36,1,0.028775610029697418,0.9712244272232056
s39,37,1,6.164852493384387e-06,0.9999938011169434
s39,38,1,0.06953485310077667,0.9304651021957397
s39,39,0,0.999969482421875,3.054207991226576e-05
s39,40,1,0.167222261428833,0.8327777981758118
s39,41,0,0.9999983310699463,1.7150791791209485e-06
s39,42,1,9.227571240444377e-07,0.9999990463256836
s39,43,0,0.9996558427810669,0.0003442087909206748
s39,44,1,2.2984201564213436e-07,0.9999997615814209
s39,45,0,0.9866446852684021,0.013355338014662266
s39,46,0,0.9999961853027344,3.809912641372648e-06
s39,47,0,0.05636245757341385,0.943637490272522
s39,48,1,0.10260366648435593,0.8973963260650635
s39,49,0,0.9999653100967407,3.4711229091044515e-05
s40,0,1,4.277474545233417e-06,0.9999957084655762
s40,1,1,3.0978410450188676e-06,0.9999969005584717
s40,2,1,1.548884938529227e-05,0.9999845027923584
s40,3,1,3.876694790960755e-06,0.9999960660934448
s40,4,0,0.9999984502792358,1.5547590237474651e-06
s40,5,0,0.9848834872245789,0.015116486698389053
s40,6,0,0.9981374740600586,0.0018625303637236357
s40,7,1,0.9997205138206482,0.0002794354222714901
s40,8,0,0.9998824596405029,0.00011750658450182527
s40,9,1,0.005941049195826054,0.9940589666366577
s40,10,1,0.9998832941055298,0.00011674444249365479
s40,11,0,0.994511604309082,0.005488428752869368
s40,12,1,1.2942241482960526e-05,0.999987006187439
s40,13,0,0.9981757402420044,0.0018243168015033007
s40,14,1,0.0007962904637679458,0.9992037415504456
s40,15,1,0.7617363929748535,0.23826365172863007
s40,16,0,0.999964714050293,3.531305264914408e-05
s40,17,0,0.5216318368911743,0.47836819291114807
s40,18,1,5.759719351772219e-05,0.999942421913147
s40,19,0,0.11269242316484451,0.8873076438903809
s40,20,0,0.029683781787753105,0.9703162312507629
s40,21,0,0.9785929322242737,0.02140706777572632
s40,22,0,0.999975323677063,2.4705750547582284e-05
s40,23,1,0.00130840006750077,0.9986916184425354
s40,24,1,1.0395177696409519e-06,0.999998927116394
s40,25,1,1.6897008947580616e-07,0.9999998807907104
s40,26,1,0.0008083127322606742,0.9991917014122009
s40,27,1,0.9999951124191284,4.8549445637036115e-06
s40,28,1,4.746099762087397e-07,0.9999995231628418
s40,29,1,1.1230738437006949e-06,0.999998927116394
s40,30,0,0.5879539251327515,0.41204607486724854
s40,31,0,0.9009466767311096,0.09905339032411575
s40,32,1,0.44549262523651123,0.5545073747634888
s40,33,0,0.9974950551986694,0.002505006967112422
s40,34,0,0.9999997615814209,2.3044252372983465e-07
s40,35,0,0.03376569598913193,0.9662343263626099
s40,36,0,0.9994931221008301,0.0005068302853032947
s40,37,1,1.970009361684788e-05,0.9999803304672241
s40,38,0,0.0024043265730142593,0.9975956082344055
s40,39,1,0.005214468576014042,0.9947856068611145
s40,40,0,0.9999622106552124,3.775910954573192e-05
s40,41,0,0.9992944002151489,0.000705604674294591
s40,42,0,0.9988082647323608,0.0011917351512238383
s40,43,1,7.02828838257119e-05,0.999929666519165
s40,44,0,0.053985197097063065,0.9460147619247437
s40,45,0,9.084067278308794e-05,0.9999091625213623
s40,46,1,0.0001563641708344221,0.9998435974121094
s40,47,0,0.25065183639526367,0.7493481636047363
s40,48,1,0.9698245525360107,0.030175432562828064
s40,49,1,0.9967562556266785,0.0032437581103295088
s41,0,1,4.910815550829284e-05,0.9999508857727051
s41,1,1,0.00011219108273508027,0.9998878240585327
s41,2,0,0.9999531507492065,4.6885361371096224e-05
s41,3,0,0.99994957447052,5.039914685767144e-05
s41,4,1,6.272981408983469e-05,0.9999372959136963
s41,5,0,0.9999172687530518,8.268989040516317e-05
s41,6,0,0.9999451637268066,5.486912414198741e-05
s41,7,0,0.9999581575393677,4.1853585571516305e-05
s41,8,1,4.829472891287878e-05,0.9999517202377319
s41,9,0,0.99996018409729,3.986981391790323e-05
s41,10,1,7.696879038121551e-05,0.9999229907989502
s41,11,1,6.096994547988288e-05,0.9999390840530396
s41,12,0,0.9999394416809082,6.052740718587302e-05
s41,13,0,0.999954104423523,4.591415199683979e-05
s41,14,0,0.999968409538269,3.161130371154286e-05
s41,15,0,0.9999103546142578,8.964044536696747e-05
s41,16,1,5.392863749875687e-05,0.999946117401123
s41,17,0,0.9999589920043945,4.099606303498149e-05
s41,18,0,0.9999361038208008,6.383820436894894e-05
s41,19,0,0.9999309778213501,6.904001202201471e-05
s41,20,0,0.9999614953994751,3.845504033961333e-05
s41,21,0,0.999968409538269,3.1565963581670076e-05
s41,22,1,5.787882400909439e-05,0.9999420642852783
s41,23,1,5.791824878542684e-05,0.9999420642852783
s41,24,1,8.31129145808518e-05,0.9999169111251831
s41,25,0,0.9999585151672363,4.151427492615767e-05
s41,26,0,0.999950647354126,4.938156780553982e-05
s41,27,0,0.9999465942382812,5.344819510355592e-05
s41,28,1,8.154607348842546e-05,0.9999184608459473
s41,29,0,0.9999560117721558,4.399229510454461e-05
s41,30,0,0.99935382604599,0.0006461669108830392
s41,31,0,0.9999525547027588,4.743063254863955e-05
s41,32,1,5.8383615396451205e-05,0.9999415874481201
s41,33,1,4.4263510062592104e-05,0.9999557733535767
s41,34,1,0.0002761331561487168,0.9997238516807556
s41,35,1,0.00014252423716243356,0.9998574256896973
s41,36,1,0.00014751711569260806,0.9998524188995361
s41,37,1,6.41413644189015e-05,0.9999358654022217
s41,38,0,0.9999613761901855,3.8651705835945904e-05
s41,39,1,6.840199785074219e-05,0.9999315738677979
s41,40,1,6.932958058314398e-05,0.9999306201934814
s41,41,0,0.999943733215332,5.626533675240353e-05
s41,42,1,5.4891213949304074e-05,0.9999451637268066
s41,43,0,0.9999696016311646,3.0410536055569537e-05
s41,44,1,6.627758557442576e-05,0.9999337196350098
s41,45,1,6.935014971531928e-05,0.9999306201934814
s41,46,1,6.15895478404127e-05,0.9999383687973022
s41,47,1,5.660120223183185e-05,0.9999433755874634
s41,48,0,0.9999555349349976,4.4497002818388864e-05
s41,49,1,6.575098814209923e-05,0.999934196472168
s42,0,0,0.9990308284759521,0.0009691635495983064
s42,1,0,0.9991994500160217,0.0008005622075870633
s42,2,0,0.9556043148040771,0.04439565911889076
s42,3,0,0.9963739514350891,0.00362606905400753
s42,4,1,0.0018515253905206919,0.9981484413146973
s42,5,0,0.9988873600959778,0.0011126577155664563
s42,6,0,0.9688928127288818,0.031107254326343536
s42,7,1,0.0013695419766008854,0.9986305236816406
s42,8,1,0.0023123743012547493,0.997687578201294
s42,9,1,0.003524016123265028,0.9964759945869446
s42,10,1,0.0019294123630970716,0.9980706572532654
s42,11,0,0.09376666694879532,0.9062333703041077
s42,12,1,0.25234824419021606,0.7476517558097839
s42,13,0,0.999103307723999,0.000896741112228483
s42,14,1,0.0014136717654764652,0.9985862970352173
s42,15,0,0.9986316561698914,0.001368269557133317
s42,16,0,0.9929327964782715,0.007067190483212471
s42,17,1,0.0024417440872639418,0.9975582361221313
s42,18,1,0.0024407035671174526,0.9975593090057373
s42,19,1,0.08891820907592773,0.9110817909240723
s42,20,0,0.9975845813751221,0.0024154384154826403
s42,21,0,0.9984109401702881,0.0015890547074377537
s42,22,1,0.00410871347412467,0.9958912134170532
s42,23,1,0.0031843313481658697,0.9968157410621643
s42,24,0,0.9985044002532959,0.001495582633651793
s42,25,0,0.9988767504692078,0.0011232852702960372
s42,26,0,0.9994742274284363,0.0005257391021586955
s42,27,1,0.003969910088926554,0.9960300326347351
s42,28,1,0.01603860966861248,0.9839613437652588
s42,29,0,0.9996862411499023,0.00031374863465316594
s42,30,0,0.9997420907020569,0.00025786965852603316
s42,31,1,0.013281484134495258,0.986718475818634
s42,32,0,0.9907258749008179,0.00927404873073101
s42,33,0,0.07259818911552429,0.9274017810821533
s42,34,1,0.0022926945239305496,0.9977072477340698
s42,35,0,0.9972783923149109,0.0027216607704758644
s42,36,0,0.9990480542182922,0.0009519263985566795
s42,37,1,0.01977047510445118,0.9802294969558716
s42,38,1,0.0012174913426861167,0.9987824559211731
s42,39,1,0.9954975843429565,0.00450237886980176
s42,40,0,0.16094715893268585,0.8390528559684753
s42,41,1,0.002758608665317297,0.9972413778305054
s42,42,1,0.004837084095925093,0.995162844657898
s42,43,1,0.01916344277560711,0.9808366298675537
s42,44,1,0.0037661935202777386,0.9962337613105774
s42,45,1,0.01408286765217781,0.9859171509742737
s42,46,0,0.9926786422729492,0.007321319542825222
s42,47,0,0.998261034488678,0.001738929538987577
s42,48,0,0.037326034158468246,0.9626739621162415
s42,49,1,0.01296673621982336,0.9870332479476929
s43,0,1,0.02348354458808899,0.9765164256095886
s43,1,1,0.08069350570440292,0.9193064570426941
s43,2,1,0.00946753192692995,0.990532398223877
s43,3,0,0.7896430492401123,0.2103569209575653
s43,4,0,0.9999978542327881,2.1833436676388374e-06
s43,5,1,0.002759769558906555,0.9972401857376099
s43,6,0,0.0063419947400689125,0.9936580061912537
s43,7,1,4.907593975644886e-08,1.0
s43,8,1,0.0028353917878121138,0.9971645474433899
s43,9,0,0.9999278783798218,7.212395576061681e-05
s43,10,0,0.9999997615814209,2.977092776745849e-07
s43,11,0,0.6144973635673523,0.3855026364326477
s43,12,1,0.019278187304735184,0.9807218313217163
s43,13,0,0.0007075559697113931,0.9992923736572266
s43,14,1,5.3206735174171627e-05,0.9999468326568604
s43,15,0,0.0006861985893920064,0.9993138313293457
s43,16,1,0.04752635955810547,0.9524736404418945
s43,17,0,0.10540681332349777,0.8945932388305664
s43,18,0,0.890723466873169,0.10927651822566986
s43,19,1,0.414225310087204,0.5857746601104736
s43,20,0,0.999975323677063,2.4639326511533e-05
s43,21,1,0.0007661262643523514,0.9992338418960571
s43,22,1,0.027426406741142273,0.9725736379623413
s43,23,1,3.133296195301227e-05,0.9999686479568481
s43,24,0,0.0003653823514468968,0.9996346235275269
s43,25,0,0.6150534152984619,0.3849465548992157
s43,26,0,0.9980545043945312,0.001945513067767024
s43,27,0,0.9999649524688721,3.508071677060798e-05
s43,28,0,0.9998840093612671,0.00011593492672545835
s43,29,0,0.9942449927330017,0.005755027290433645
s43,30,1,0.007452117744833231,0.9925479292869568
s43,31,1,0.005737630184739828,0.9942623972892761
s43,32,1,0.0010549587896093726,0.9989450573921204
s43,33,1,0.021786345168948174,0.9782137274742126
s43,34,0,0.7233464121818542,0.27665358781814575
s43,35,1,0.9999169111251831,8.303067443193868e-05
s43,36,0,0.9871857762336731,0.012814246118068695
s43,37,0,0.9920979738235474,0.00790204107761383
s43,38,0,0.9481670260429382,0.05183303728699684
s43,39,0,0.9503000378608704,0.04970001429319382
s43,40,1,0.00019696197705343366,0.9998030066490173
s43,41,1,5.398855137173086e-06,0.9999946355819702
s43,42,0,0.9999203681945801,7.965174154378474e-05
s43,43,1,7.970381687982808e-09,1.0
s43,44,1,0.12372610718011856,0.8762738108634949
s43,45,0,0.9999978542327881,2.119077635143185e-06
s43,46,0,0.9970623850822449,0.0029376449529081583
s43,47,1,2.504387521184981e-05,0.9999749660491943
s43,48,1,0.8837969303131104,0.11620309948921204
s43,49,0,0.007249121088534594,0.992750883102417
s44,0,0,0.9999994039535522,5.446372028927726e-07
s44,1,1,7.22429049915263e-08,0.9999998807907104
s44,2,1,0.005071450024843216,0.9949285984039307
s44,3,0,0.08671962469816208,0.9132803678512573
s44,4,0,0.9937211275100708,0.00627891393378377
s44,5,0,0.9999736547470093,2.6387973775854334e-05
s44,6,0,0.9999850988388062,1.4932883459550794e-05
s44,7,1,2.2290387278189883e-06,0.9999977350234985
s44,8,1,9.41218386287801e-05,0.9999058246612549
s44,9,0,0.9998167157173157,0.0001833237474784255
s44,10,0,0.9999983310699463,1.647493945711176e-06
s44,11,0,0.9999986886978149,1.3659563364853966e-06
s44,12,1,0.9999165534973145,8.345671813003719e-05
s44,13,0,0.9999990463256836,9.741406756802462e-07
s44,14,1,7.083505124683143e-07,0.9999992847442627
s44,15,1,1.8683527969187708e-07,0.9999997615814209
s44,16,1,3.323453347547911e-05,0.9999667406082153
s44,17,1,2.0890145435714658e-07,0.9999997615814209
s44,18,1,1.0853532472765437e-07,0.9999998807907104
s44,19,1,0.00871323049068451,0.9912868142127991
s44,20,0,0.9997872710227966,0.00021275930339470506
s44,21,1,3.7737002855919854e-08,1.0
s44,22,1,0.2979623079299927,0.7020376324653625
s44,23,1,2.8263117201277055e-05,0.9999717473983765
s44,24,1,0.28630101680755615,0.7136989831924438
s44,25,1,2.440018675997635e-08,1.0
s44,26,1,5.069413191449712e-07,0.9999995231628418
s44,27,0,0.9999991655349731,8.01908754510805e-07
s44,28,0,0.9999773502349854,2.270489676448051e-05
s44,29,0,0.9873387813568115,0.012661260552704334
s44,30,0,0.9999911785125732,8.79596518643666e-06
s44,31,0,0.9999161958694458,8.380562212551013e-05
s44,32,0,0.9988920092582703,0.0011080639669671655
s44,33,1,0.00018118058505933732,0.9998188614845276
s44,34,0,0.9976100921630859,0.0023898680228739977
s44,35,1,0.007798672188073397,0.9922013282775879
s44,36,0,0.9999912977218628,8.718248864170164e-06
s44,37,0,0.9999005794525146,9.942095493897796e-05
s44,38,1,3.939960606658133e-06,0.9999960660934448
s44,39,0,0.9999998807907104,1.7067742419385468e-07
s44,40,0,0.9999212026596069,7.875597657402977e-05
s44,41,1,6.674230803582759e-07,0.9999992847442627
s44,42,0,0.9999991655349731,8.237063298111025e-07
s44,43,1,1.46173590565013e-06,0.9999985694885254
s44,44,0,0.03264812380075455,0.9673517942428589
s44,45,0,0.9999995231628418,4.621130926807382e-07
s44,46,0,0.9999979734420776,2.0528077584458515e-06
s44,47,1,3.6137290493343244e-08,1.0
s44,48,0,0.9999967813491821,3.2287889553117566e-06
s44,49,1,1.2150331713201012e-05,0.9999878406524658
s45,0,1,0.0035405210219323635,0.996459424495697
s45,1,0,0.9861852526664734,0.013814716599881649
s45,2,1,0.0034124592784792185,0.9965875148773193
s45,3,1,0.0018155417637899518,0.9981843829154968
s45,4,0,0.9929861426353455,0.007013887632638216
s45,5,1,0.0003910943923983723,0.9996089339256287
s45,6,1,1.1542578249645885e-05,0.9999884366989136
s45,7,1,0.033831462264060974,0.9661685824394226
s45,8,0,0.0314662903547287,0.9685336947441101
s45,9,1,0.808197557926178,0.19180242717266083
s45,10,0,0.9987741112709045,0.0012259178329259157
s45,11,0,0.09126422554254532,0.9087357521057129
s45,12,0,0.9999699592590332,3.0043500373722054e-05
s45,13,0,0.9999972581863403,2.792686927932664e-06
s45,14,0,0.34245535731315613,0.6575446724891663
s45,15,1,0.5914352536201477,0.4085647761821747
s45,16,0,0.9995102882385254,0.0004897493054158986
s45,17,1,0.7044051885604858,0.29559481143951416
s45,18,1,0.012392956763505936,0.9876070618629456
s45,19,0,0.9998006224632263,0.00019942352082580328
s45,20,0,0.9849491715431213,0.01505090668797493
s45,21,0,0.9999302625656128,6.975453288760036e-05
s45,22,0,0.9998346567153931,0.000165259771165438
s45,23,0,0.01735665649175644,0.9826433062553406
s45,24,1,0.9998891353607178,0.00011081788397859782
s45,25,0,0.3167778551578522,0.6832221746444702
s45,26,0,0.008106284774839878,0.9918937087059021
s45,27,0,0.001301789889112115,0.9986982345581055
s45,28,0,0.9790878295898438,0.020912224426865578
s45,29,0,0.9485161900520325,0.05148378759622574
s45,30,1,0.10941383987665176,0.8905861377716064
s45,31,0,0.9926750063896179,0.007324944715946913
s45,32,1,0.00035444885725155473,0.9996455907821655
s45,33,1,0.10724759101867676,0.8927524089813232
s45,34,1,0.9999980926513672,1.8535441768108285e-06
s45,35,1,0.0015164680080488324,0.9984835982322693
s45,36,1,0.04427473247051239,0.9557252526283264
s45,37,0,0.028053615242242813,0.9719464182853699
s45,38,0,0.0025778627023100853,0.9974220991134644
s45,39,1,0.9888476133346558,0.011152392253279686
s45,40,1,2.125491619153763e-06,0.9999978542327881
s45,41,1,0.9999765157699585,2.3463571778847836e-05
s45,42,1,0.9995334148406982,0.0004665597516577691
s45,43,0,0.9119420051574707,0.08805804699659348
s45,44,1,0.8468030691146851,0.15319699048995972
s45,45,0,0.011936794966459274,0.9880631566047668
s45,46,1,0.7832998037338257,0.21670019626617432
s45,47,0,1.479457932873629e-05,0.9999852180480957
s45,48,1,0.0017903551924973726,0.9982095956802368
s45,49,1,0.9979567527770996,0.002043231390416622
s46,0,1,1.5711664673290215e-05,0.9999842643737793
s46,1,0,0.00015816785162314773,0.9998418092727661
s46,2,1,0.0030942559242248535,0.9969057440757751
s46,3,1,0.004018563777208328,0.9959814548492432
s46,4,1,2.4267679691547528e-05,0.9999756813049316
s46,5,1,5.402123133535497e-05,0.9999459981918335
s46,6,0,0.9919318556785583,0.008068118244409561
s46,7,0,0.9999865293502808,1.3525680515158456e-05
s46,8,0,0.9853478074073792,0.014652139507234097
s46,9,0,0.9496892690658569,0.05031073838472366
s46,10,0,0.9999961853027344,3.7971840356476605e-06
s46,11,0,0.9999179840087891,8.201257878681645e-05
s46,12,0,0.9994372725486755,0.0005626587080769241
s46,13,1,0.00015143908967729658,0.999848484992981
s46,14,1,0.00012446595064830035,0.999875545501709
s46,15,0,0.9999983310699463,1.636524416426255e-06
s46,16,1,0.8999782204627991,0.10002180188894272
s46,17,0,0.9999990463256836,9.010351504912251e-07
s46,18,0,0.5983947515487671,0.4016052484512329
s46,19,0,0.9999969005584717,3.117335836577695e-06
s46,20,0,0.9971889853477478,0.002810962963849306
s46,21,1,7.317270501516759e-06,0.9999927282333374
s46,22,0,0.9999994039535522,5.976692136755446e-07
s46,23,1,3.907999257535266e-07,0.9999996423721313
s46,24,1,1.1652315151877701e-05,0.999988317489624
s46,25,1,4.026695705761085e-07,0.9999996423721313
s46,26,0,0.9999669790267944,3.303634366602637e-05
s46,27,1,2.2707511107000755e-06,0.9999977350234985
s46,28,0,0.9984840750694275,0.0015159104950726032
s46,29,1,2.3360778868664056e-05,0.999976634979248
s46,30,1,3.698423461173661e-05,0.9999630451202393
s46,31,0,0.999816358089447,0.00018367209122516215
s46,32,0,0.9999791383743286,2.0803154257009737e-05
s46,33,0,0.0023882680106908083,0.9976117610931396
s46,34,0,0.558116614818573,0.4418833255767822
s46,35,1,1.3145409866410773e-05,0.9999868869781494
s46,36,0,0.9998642206192017,0.00013579076039604843
s46,37,1,0.008478325791656971,0.9915217161178589
s46,38,1,3.884681063937023e-05,0.9999611377716064
s46,39,1,6.934247267054161e-06,0.999993085861206
s46,40,1,0.0014231095556169748,0.9985768795013428
s46,41,0,0.9999901056289673,9.916257113218307e-06
s46,42,0,0.0010851961560547352,0.9989148378372192
s46,43,1,4.3994976294925436e-05,0.9999560117721558
s46,44,1,4.869825261266669e-06,0.9999951124191284
s46,45,0,0.9997993111610413,0.00020068627782166004
s46,46,0,0.0013575622579082847,0.9986423850059509
s46,47,1,5.334175966709154e-06,0.9999946355819702
s46,48,1,0.2283306121826172,0.7716693878173828
s46,49,1,4.686702141043497e-06,0.9999953508377075
s47,0,0,0.02130196988582611,0.9786980748176575
s47,1,1,0.00016640823741909117,0.9998335838317871
s47,2,1,0.003675410058349371,0.9963245987892151
s47,3,0,0.9711192846298218,0.028880763798952103
s47,4,0,0.003998350352048874,0.996001660823822
s47,5,0,0.0005132407532073557,0.9994866847991943
s47,6,1,0.014884548261761665,0.9851154685020447
s47,7,0,0.3928814232349396,0.607118546962738
s47,8,0,0.0019712657667696476,0.9980286955833435
s47,9,0,0.03152725100517273,0.9684727787971497
s47,10,1,0.04063344746828079,0.9593665599822998
s47,11,0,0.02659326232969761,0.9734067320823669
s47,12,1,0.0035146346781402826,0.9964853525161743
s47,13,1,0.9973581433296204,0.00264188670553267
s47,14,1,0.009748285636305809,0.9902516603469849
s47,15,0,0.986065149307251,0.013934866525232792
s47,16,1,0.0030040033161640167,0.9969960451126099
s47,17,1,0.0002446707512717694,0.999755322933197
s47,18,1,0.01427388098090887,0.9857261180877686
s47,19,0,0.0004517529159784317,0.9995482563972473
s47,20,0,0.9736522436141968,0.026347801089286804
s47,21,1,0.002306250622496009,0.9976937174797058
s47,22,1,0.0008340314379893243,0.9991660118103027
s47,23,1,0.511006236076355,0.4889937937259674
s47,24,1,0.3410003185272217,0.6589996814727783
s47,25,0,0.9603636860847473,0.039636317640542984
s47,26,0,0.059682510793209076,0.9403175115585327
s47,27,1,0.005262893624603748,0.9947370886802673
s47,28,0,0.4427722692489624,0.5572277307510376
s47,29,0,0.8040161728858948,0.19598382711410522
s47,30,1,0.0004057400510646403,0.9995942711830139
s47,31,0,0.21280385553836823,0.787196159362793
s47,32,1,0.11102796345949173,0.8889720439910889
s47,33,1,0.12852011620998383,0.871479868888855
s47,34,0,0.017490142956376076,0.9825098514556885
s47,35,1,0.9995575547218323,0.0004424269718583673
s47,36,1,0.022402647882699966,0.9775972962379456
s47,37,0,0.06857870519161224,0.9314212799072266
s47,38,0,0.9958435893058777,0.0041563501581549644
s47,39,1,0.0010800822637975216,0.9989199638366699
s47,40,0,0.2753702700138092,0.7246297597885132
s47,41,1,0.006446752697229385,0.9935532808303833
s47,42,0,0.19709821045398712,0.8029018044471741
s47,43,1,0.49661269783973694,0.5033872723579407
s47,44,0,0.4758121073246002,0.5241878628730774
s47,45,0,0.9872617125511169,0.012738206423819065
s47,46,1,0.0005030977190472186,0.9994969367980957
s47,47,0,0.9939311742782593,0.006068837828934193
s47,48,0,0.9939991235733032,0.006000915542244911
s47,49,1,0.681569516658783,0.31843042373657227
s48,0,1,0.8396731615066528,0.1603267788887024
s48,1,1,0.9938972592353821,0.0061028096824884415
s48,2,0,0.9657702445983887,0.034229788929224014
s48,3,1,0.9976931214332581,0.002306823618710041
s48,4,1,0.07088375836610794,0.9291162490844727
s48,5,1,0.6196364164352417,0.3803635537624359
s48,6,0,0.9336816072463989,0.06631847470998764
s48,7,0,0.9991123080253601,0.0008876526262611151
s48,8,0,0.040937893092632294,0.9590620398521423
s48,9,0,0.9841532111167908,0.01584683358669281
s48,10,0,0.9702760577201843,0.02972393110394478
s48,11,1,0.9932923316955566,0.0067076548002660275
s48,12,1,0.9979768395423889,0.0020231823436915874
s48,13,1,0.8731182217597961,0.12688180804252625
s48,14,1,0.9999672174453735,3.276663846918382e-05
s48,15,1,0.9652041792869568,0.03479578346014023
s48,16,0,0.041388120502233505,0.9586118459701538
s48,17,0,0.007420765236020088,0.9925792813301086
s48,18,0,0.9999841451644897,1.5910229194560088e-05
s48,19,0,0.014647864736616611,0.985352098941803
s48,20,0,0.9996860027313232,0.0003140266635455191
s48,21,0,0.9998379945755005,0.00016200702521018684
s48,22,1,0.1734999716281891,0.8264999985694885
s48,23,0,0.9991379976272583,0.0008619824657216668
s48,24,1,0.9997617602348328,0.00023818918270990252
s48,25,1,0.10912945866584778,0.8908705115318298
s48,26,1,0.9994057416915894,0.000594271463342011
s48,27,1,0.5879713296890259,0.4120286703109741
s48,28,1,0.23448115587234497,0.7655189037322998
s48,29,0,0.9995580315589905,0.0004419007454998791
s48,30,0,0.8339736461639404,0.16602639853954315
s48,31,1,0.7943103909492493,0.20568962395191193
s48,32,1,0.7446483373641968,0.25535160303115845
s48,33,1,0.596108615398407,0.403891384601593
s48,34,0,0.9993417859077454,0.000658185628708452
s48,35,0,0.9999059438705444,9.40098034334369e-05
s48,36,1,0.41180822253227234,0.58819180727005
s48,37,1,0.989945113658905,0.010054889135062695
s48,38,0,0.9988483190536499,0.0011516815284267068
s48,39,0,0.971897542476654,0.028102463111281395
s48,40,0,0.662375807762146,0.3376242518424988
s48,41,1,0.011196240782737732,0.9888038039207458
s48,42,0,0.9976034760475159,0.0023965267464518547
s48,43,0,0.9519330263137817,0.048067014664411545
s48,44,1,0.9998216032981873,0.00017838164058048278
s48,45,0,0.6996514201164246,0.30034852027893066
s48,46,0,0.01015513390302658,0.9898449182510376
s48,47,0,0.998530387878418,0.0014695408754050732
s48,48,1,0.9926027655601501,0.007397234905511141
s48,49,1,0.6709896326065063,0.32901033759117126
s49,0,1,4.647045352612622e-05,0.9999535083770752
s49,1,1,0.0005497481906786561,0.9994502663612366
s49,2,1,0.013272750191390514,0.9867271780967712
s49,3,1,0.9999904632568359,9.577398486726452e-06
s49,4,0,1.0,1.5554405763396062e-08
s49,5,1,0.999962329864502,3.7692912883358076e-05
s49,6,0,0.9957882761955261,0.004211678635329008
s49,7,0,1.0,5.733041064104327e-08
s49,8,1,0.9976812601089478,0.002318697515875101
s49,9,1,0.009879425168037415,0.990120530128479
s49,10,0,0.9726689457893372,0.027331069111824036
s49,11,0,0.9999783039093018,2.1684511011699215e-05
s49,12,0,0.02057357132434845,0.9794264435768127
s49,13,0,0.9999955892562866,4.467845883482369e-06
s49,14,1,0.005847753491252661,0.9941522479057312
s49,15,0,0.9999608993530273,3.913752152584493e-05
s49,16,0,0.16430573165416718,0.8356942534446716
s49,17,0,0.08524345606565475,0.9147564768791199
s49,18,1,1.003630313789472e-05,0.9999899864196777
s49,19,1,0.00254917424172163,0.9974507689476013
s49,20,0,0.9810345768928528,0.018965452909469604
s49,21,0,1.1582312708924292e-06,0.9999988079071045
s49,22,0,0.031594015657901764,0.9684060215950012
s49,23,0,0.9999985694885254,1.3772106512988103e-06
s49,24,0,0.006526545621454716,0.993473470211029
s49,25,0,0.9937108755111694,0.006289133336395025
s49,26,0,0.5656791925430298,0.4343208074569702
s49,27,0,0.9998819828033447,0.00011798544437624514
s49,28,1,0.21941344439983368,0.7805866003036499
s49,29,1,0.0003750544274225831,0.9996249675750732
s49,30,1,0.9985546469688416,0.0014453750336542726
s49,31,0,0.9993478655815125,0.0006521586328744888
s49,32,0,1.0,1.0954396501006158e-08
s49,33,0,0.998175859451294,0.0018241691868752241
s49,34,1,1.5908946124909562e-06,0.9999984502792358
s49,35,1,0.9999209642410278,7.905725942691788e-05
s49,36,0,0.9546362161636353,0.045363835990428925
s49,37,1,4.378030553198187e-06,0.9999955892562866
s49,38,0,0.9999922513961792,7.794816156092566e-06
s49,39,0,0.001409456948749721,0.9985905289649963
s49,40,0,0.9999871253967285,1.2868852536485065e-05
s49,41,1,0.9998074173927307,0.0001926473487401381
s49,42,0,0.9913653135299683,0.008634661324322224
s49,43,1,0.8818514943122864,0.11814846098423004
s49,44,1,0.9998446702957153,0.00015534204430878162
s49,45,1,0.9999864101409912,1.3587658941105474e-05
s49,46,0,0.0004212800122331828,0.9995787739753723
s49,47,1,0.8722250461578369,0.1277749091386795
s49,48,1,0.7824671268463135,0.21753285825252533
s49,49,0,3.740632791959797e-06,0.9999963045120239
s50,0,0,0.860500693321228,0.13949933648109436
s50,1,1,0.00040482444455847144,0.9995952248573303
s50,2,0,0.3022732138633728,0.6977267861366272
s50,3,1,0.9500518441200256,0.049948155879974365
s50,4,0,0.9999979734420776,2.0010152184113394e-06
s50,5,1,0.9999947547912598,5.242500719759846e-06
s50,6,0,0.9921109676361084,0.00788901373744011
s50,7,0,0.10394544899463654,0.8960545063018799
s50,8,1,0.90144944190979,0.09855058789253235
s50,9,0,0.9999567270278931,4.3328709580237046e-05
s50,10,1,0.9950634837150574,0.004936485551297665
s50,11,0,0.9999825954437256,1.7345415471936576e-05
s50,12,0,0.9952699542045593,0.004730005282908678
s50,13,0,0.26031923294067383,0.7396807670593262
s50,14,1,0.99897301197052,0.0010270527563989162
s50,15,0,0.9979193806648254,0.002080671489238739
s50,16,0,0.9999510049819946,4.894620360573754e-05
s50,17,1,0.378286212682724,0.6217138171195984
s50,18,1,0.9999018907546997,9.81184930424206e-05
s50,19,1,0.010144172236323357,0.9898557662963867
s50,20,0,0.7597893476486206,0.24021059274673462
s50,21,1,0.029831595718860626,0.9701684713363647
s50,22,0,0.9848465919494629,0.015153449028730392
s50,23,1,0.0003513737756293267,0.9996485710144043
s50,24,0,0.9999721050262451,2.78727547993185e-05
s50,25,1,0.9944018721580505,0.0055981772020459175
s50,26,0,0.9999890327453613,1.0956707228615414e-05
s50,27,0,0.9999947547912598,5.296472863847157e-06
s50,28,1,0.9987313151359558,0.0012687081471085548
s50,29,0,0.0001914119638968259,0.9998086094856262
s50,30,1,0.9998843669891357,0.00011563594307517633
s50,31,1,0.0020315630827099085,0.9979683756828308
s50,32,0,0.9987567663192749,0.0012432881630957127
s50,33,1,0.9994751811027527,0.0005248822271823883
s50,34,0,0.9999585151672363,4.1459828935330734e-05
s50,35,1,0.7167952060699463,0.2832047939300537
s50,36,0,0.9964138865470886,0.0035861232317984104
s50,37,1,0.99998939037323,1.0642916095093824e-05
s50,38,1,0.9963786005973816,0.0036214361898601055
s50,39,0,0.9998968839645386,0.00010305139585398138
s50,40,1,0.9999918937683105,8.057677405304275e-06
s50,41,1,0.04207741841673851,0.957922637462616
s50,42,1,1.2084371519449633e-05,0.9999879598617554
s50,43,0,0.9112725257873535,0.08872751146554947
s50,44,1,0.03066188097000122,0.9693381786346436
s50,45,0,0.2373191863298416,0.7626808285713196
s50,46,1,0.6495198011398315,0.35048016905784607
s50,47,1,0.9999983310699463,1.7177752624775167e-06
s50,48,1,0.9998231530189514,0.00017691611719783396
s50,49,0,0.9983048439025879,0.0016951567959040403
s51,0,1,0.9991022348403931,0.0008978465339168906
s51,1,1,0.9889479875564575,0.01105195190757513
s51,2,0,0.14355117082595825,0.8564488291740417
s51,3,1,0.015942811965942383,0.9840571284294128
s51,4,1,0.20436333119869232,0.7956367135047913
s51,5,0,0.9997859597206116,0.00021406995074357837
s51,6,1,0.029507510364055634,0.9704924821853638
s51,7,0,0.9991620779037476,0.0008378863567486405
s51,8,1,0.9823160767555237,0.01768391579389572
s51,9,0,0.08233554661273956,0.9176644086837769
s51,10,1,0.019565071910619736,0.9804348945617676
s51,11,1,0.0002820270892698318,0.9997180104255676
s51,12,1,0.918461263179779,0.08153874427080154
s51,13,0,0.06550873070955276,0.9344913363456726
s51,14,0,0.005559689365327358,0.9944402575492859
s51,15,1,0.0013146387645974755,0.9986853003501892
s51,16,1,0.9924173355102539,0.007582679390907288
s51,17,1,0.9988388419151306,0.0011611887020990252
s51,18,1,0.08093179017305374,0.9190682768821716
s51,19,0,0.9998911619186401,0.00010880432091653347
s51,20,1,0.0006092282710596919,0.999390721321106
s51,21,0,0.9994068145751953,0.0005931894411332905
s51,22,1,0.18929927051067352,0.8107007145881653
s51,23,1,0.006937258876860142,0.9930627942085266
s51,24,0,0.9991756081581116,0.0008243104093708098
s51,25,1,0.9861124157905579,0.013887581415474415
s51,26,1,0.9975824356079102,0.0024175362195819616
s51,27,0,0.7326864004135132,0.2673135995864868
s51,28,1,0.9993523955345154,0.000647651613689959
s51,29,0,0.9986199140548706,0.0013800753513351083
s51,30,0,0.02696133404970169,0.9730386734008789
s51,31,0,0.999427855014801,0.0005721058114431798
s51,32,0,0.9991443157196045,0.0008556609391234815
s51,33,1,0.9992507100105286,0.00074931257404387
s51,34,1,4.464887024369091e-05,0.9999552965164185
s51,35,1,0.9993335604667664,0.0006663935491815209
s51,36,1,0.9890322089195251,0.010967840440571308
s51,37,0,0.9999905824661255,9.471011253481265e-06
s51,38,0,0.9987296462059021,0.0012703265529125929
s51,39,1,0.46113547682762146,0.5388644933700562
s51,40,1,0.9997691512107849,0.00023091367620509118
s51,41,0,0.9925234913825989,0.00747646065428853
s51,42,1,0.012289252132177353,0.9877107739448547
s51,43,1,0.20309190452098846,0.7969080805778503
s51,44,0,0.9999734163284302,2.6626350518199615e-05
s51,45,0,0.0035112977493554354,0.9964886903762817
s51,46,0,0.9994245767593384,0.0005755037418566644
s51,47,0,0.99403315782547,0.0059668924659490585
s51,48,0,0.9983313679695129,0.0016686638118699193
s51,49,1,0.0008232343243435025,0.9991768002510071
s52,0,1,0.014554456807672977,0.985445499420166
s52,1,0,0.9998049139976501,0.0001950657315319404
s52,2,1,0.9993036985397339,0.0006962402840144932
s52,3,1,7.612492936459603e-06,0.9999923706054688
s52,4,1,8.813086424197536e-06,0.9999911785125732
s52,5,1,4.912936674372759e-06,0.9999951124191284
s52,6,1,0.00019330861687194556,0.9998067021369934
s52,7,0,0.7062399387359619,0.2937600910663605
s52,8,0,0.002129957778379321,0.9978699684143066
s52,9,0,0.9999821186065674,1.7865570043795742e-05
s52,10,0,0.03825251758098602,0.9617475271224976
s52,11,1,0.00028129128622822464,0.9997187256813049
s52,12,0,0.998826801776886,0.0011732035782188177
s52,13,0,0.9919503927230835,0.008049662224948406
s52,14,0,0.999506950378418,0.0004930381546728313
s52,15,0,0.9991592168807983,0.0008407711866311729
s52,16,1,0.9624510407447815,0.0375489667057991
s52,17,1,0.0028894406277686357,0.9971104860305786
s52,18,1,0.0003801794664468616,0.9996198415756226
s52,19,0,0.9998735189437866,0.00012643779336940497
s52,20,0,0.9999263286590576,7.369858212769032e-05
s52,21,0,0.08201093226671219,0.9179890751838684
s52,22,0,0.005074576009064913,0.9949253797531128
s52,23,0,0.9937666654586792,0.006233349908143282
s52,24,0,0.9999896287918091,1.0350393495173194e-05
s52,25,1,0.12718705832958221,0.8728129863739014
s52,26,1,0.7681135535240173,0.23188644647598267
s52,27,0,0.9883864521980286,0.011613546870648861
s52,28,1,7.717319385847077e-05,0.9999228715896606
s52,29,1,2.9166071726649534e-06,0.9999971389770508
s52,30,1,0.0031580072827637196,0.9968420267105103
s52,31,1,0.0010147425346076488,0.998985230922699
s52,32,1,0.0035880065988749266,0.9964119791984558
s52,33,1,0.0004706303298007697,0.9995293617248535
s52,34,1,0.00015403844008687884,0.9998459815979004
s52,35,1,0.0001682555302977562,0.9998316764831543
s52,36,1,1.992926627281122e-05,0.999980092048645
s52,37,1,0.001089355326257646,0.998910665512085
s52,38,1,4.660841113945935e-06,0.9999953508377075
s52,39,0,0.9999566078186035,4.3385600292822346e-05
s52,40,0,0.06990864127874374,0.9300913214683533
s52,41,0,0.0005007380968891084,0.9994992017745972
s52,42,0,0.9999980926513672,1.9359747511771275e-06
s52,43,1,0.0007011429406702518,0.9992988109588623
s52,44,0,0.9985963702201843,0.0014036601642146707
s52,45,0,0.06056094542145729,0.9394389986991882
s52,46,0,0.9996902942657471,0.00030972398235462606
s52,47,0,0.9999040365219116,9.590906120138243e-05
s52,48,1,0.0001689920900389552,0.999830961227417
s52,49,0,0.9997538924217224,0.00024608077364973724
s53,0,0,0.9997913241386414,0.0002087397442664951
s53,1,1,0.0023728206288069487,0.9976271986961365
s53,2,1,0.0005038069793954492,0.9994962215423584
s53,3,0,0.7660312652587891,0.23396874964237213
s53,4,1,0.8895866274833679,0.11041342467069626
s53,5,0,0.993778645992279,0.006221286486834288
s53,6,0,0.000688703905325383,0.9993113279342651
s53,7,1,0.012106428854167461,0.9878935217857361
s53,8,1,0.14344163239002228,0.8565583229064941
s53,9,0,0.08857458084821701,0.9114254117012024
s53,10,1,0.9999076128005981,9.234184108208865e-05
s53,11,0,0.995468020439148,0.004531912971287966
s53,12,1,0.00033816054929047823,0.9996618032455444
s53,13,0,0.9999277591705322,7.228342292364687e-05
s53,14,0,0.907348096370697,0.09265188872814178
s53,15,1,0.9944289922714233,0.005571015644818544
s53,16,1,0.01617688126862049,0.9838231205940247
s53,17,0,0.9976580142974854,0.0023420180659741163
s53,18,1,0.0047765872441232204,0.9952234625816345
s53,19,1,0.006925560534000397,0.9930744171142578
s53,20,1,0.478776752948761,0.521223247051239
s53,21,1,0.20139257609844208,0.7986074686050415
s53,22,1,0.003933170344680548,0.9960668683052063
s53,23,0,0.9888700246810913,0.011129934340715408
s53,24,1,0.9902684688568115,0.009731465950608253
s53,25,1,0.9999551773071289,4.4763681216863915e-05
s53,26,0,0.9999185800552368,8.143122249748558e-05
s53,27,0,0.5485453605651855,0.45145460963249207
s53,28,1,0.017716962844133377,0.9822830557823181
s53,29,1,0.0005360206123441458,0.9994639754295349
s53,30,0,0.013243906199932098,0.9867560863494873
s53,31,0,0.06688863039016724,0.9331113696098328
s53,32,0,0.006996599491685629,0.9930034279823303
s53,33,0,0.9971520900726318,0.002847887109965086
s53,34,0,0.9998835325241089,0.0001164704590337351
s53,35,0,0.9999681711196899,3.185308742104098e-05
s53,36,1,0.8565755486488342,0.14342445135116577
s53,37,0,0.9993337988853455,0.0006661637453362346
s53,38,0,0.23127411305904388,0.7687258720397949
s53,39,0,0.2519049346446991,0.7480950355529785
s53,40,0,0.9999096393585205,9.038221469381824e-05
s53,41,0,0.9999551773071289,4.4820495531894267e-05
s53,42,1,0.0020745727233588696,0.9979254007339478
s53,43,0,0.9999651908874512,3.4859211154980585e-05
s53,44,0,0.9999626874923706,3.736612052307464e-05
s53,45,1,0.5227509140968323,0.47724905610084534
s53,46,1,0.6219771504402161,0.3780228793621063
s53,47,1,0.001349752419628203,0.9986502528190613
s53,48,1,0.32813698053359985,0.6718630194664001
s53,49,1,0.0008244597120210528,0.999175488948822
s54,0,1,0.9994891881942749,0.0005108100012876093
s54,1,0,3.848336120881868e-07,0.9999996423721313
s54,2,1,0.9999498128890991,5.0163809646619484e-05
s54,3,0,0.9999997615814209,2.3983449182196637e-07
s54,4,0,0.9999998807907104,1.4684184179714066e-07
s54,5,1,0.9767764806747437,0.023223528638482094
s54,6,1,0.0010253251530230045,0.9989746809005737
s54,7,0,0.9890857338905334,0.010914289392530918
s54,8,1,0.9892799258232117,0.010720133781433105
s54,9,1,0.00029654745594598353,0.9997034668922424
s54,10,1,0.0036758396308869123,0.9963241815567017
s54,11,1,4.440274551598122e-06,0.9999955892562866
s54,12,0,0.9994012117385864,0.0005987837794236839
s54,13,1,0.9999796152114868,2.0424624381121248e-05
s54,14,0,0.9999552965164185,4.468861880013719e-05
s54,15,1,0.999761164188385,0.00023881136439740658
s54,16,0,0.9997448325157166,0.0002552051446400583
s54,17,0,0.0015453302767127752,0.9984546899795532
s54,18,0,0.9966946840286255,0.0033053113147616386
s54,19,1,9.853117262537125e-06,0.9999901056289673
s54,20,1,0.8028536438941956,0.19714637100696564
s54,21,1,0.9959483742713928,0.00405164947733283
s54,22,0,0.9998540878295898,0.00014591251965612173
s54,23,0,0.9961355924606323,0.00386447599157691
s54,24,1,0.02351818047463894,0.9764818549156189
s54,25,0,0.0016156419878825545,0.9983843564987183
s54,26,0,0.0032592550851404667,0.9967407584190369
s54,27,1,0.0015185356605798006,0.9984814524650574
s54,28,0,0.9426287412643433,0.057371191680431366
s54,29,0,1.0,8.994596178979464e-09
s54,30,0,0.048347387462854385,0.9516525864601135
s54,31,1,0.49587321281433105,0.504126787185669
s54,32,1,0.024519095197319984,0.9754809141159058
s54,33,0,1.4545531485055108e-05,0.9999854564666748
s54,34,1,0.1604194939136505,0.8395804762840271
s54,35,0,0.9999350309371948,6.497226422652602e-05
s54,36,0,0.0053832982666790485,0.994616687297821
s54,37,0,8.892425103113055e-05,0.9999110698699951
s54,38,0,0.9984671473503113,0.0015327951405197382
s54,39,0,0.00022119039203971624,0.9997788071632385
s54,40,1,0.0009878624696284533,0.9990121126174927
s54,41,1,0.8474440574645996,0.15255597233772278
s54,42,0,0.32021278142929077,0.679787278175354
s54,43,0,0.9999798536300659,2.010105163208209e-05
s54,44,1,0.1855517476797104,0.8144482970237732
s54,45,1,0.3253374695777893,0.6746625304222107
s54,46,1,4.979033860763593e-07,0.9999995231628418
s54,47,0,0.00011364522652002051,0.9998863935470581
s54,48,1,9.805573063204065e-05,0.9999018907546997
s54,49,1,0.9999024868011475,9.744787530507892e-05
